# Blender 4.3.2
# www.blender.org
mtllib 2.mtl
o Cube.003
v -22.000000 9.000000 0.000001
v -22.000000 9.000000 5.000001
v -22.000000 10.000000 0.000001
v -22.000000 10.000000 5.000001
v 11.000000 9.000000 0.000001
v 11.000000 9.000000 5.000001
v 11.000000 10.000000 0.000001
v 11.000000 10.000000 5.000001
vn -1.0000 -0.0000 -0.0000
vn -0.0000 1.0000 -0.0000
vn 1.0000 -0.0000 -0.0000
vn -0.0000 -1.0000 -0.0000
vn -0.0000 -0.0000 -1.0000
vn -0.0000 -0.0000 1.0000
vt 0.375000 0.000000
vt 0.625000 0.000000
vt 0.625000 0.250000
vt 0.375000 0.250000
vt 0.625000 0.500000
vt 0.375000 0.500000
vt 0.625000 0.750000
vt 0.375000 0.750000
vt 0.625000 1.000000
vt 0.375000 1.000000
vt 0.125000 0.500000
vt 0.125000 0.750000
vt 0.875000 0.500000
vt 0.875000 0.750000
s 0
f 1/1/1 2/2/1 4/3/1 3/4/1
f 3/4/2 4/3/2 8/5/2 7/6/2
f 7/6/3 8/5/3 6/7/3 5/8/3
f 5/8/4 6/7/4 2/9/4 1/10/4
f 3/11/5 7/6/5 5/8/5 1/12/5
f 8/5/6 4/13/6 2/14/6 6/7/6
o Cube.007
v -22.000000 -10.000000 0.000001
v -22.000000 -10.000000 5.000001
v -22.000000 10.000000 -0.000001
v -22.000000 10.000000 4.999999
v -21.000000 -10.000000 0.000001
v -21.000000 -10.000000 5.000001
v -21.000000 10.000000 -0.000001
v -21.000000 10.000000 4.999999
vn -1.0000 -0.0000 -0.0000
vn -0.0000 1.0000 -0.0000
vn 1.0000 -0.0000 -0.0000
vn -0.0000 -1.0000 -0.0000
vn -0.0000 -0.0000 -1.0000
vn -0.0000 -0.0000 1.0000
vt 0.375000 0.000000
vt 0.625000 0.000000
vt 0.625000 0.250000
vt 0.375000 0.250000
vt 0.625000 0.500000
vt 0.375000 0.500000
vt 0.625000 0.750000
vt 0.375000 0.750000
vt 0.625000 1.000000
vt 0.375000 1.000000
vt 0.125000 0.500000
vt 0.125000 0.750000
vt 0.875000 0.500000
vt 0.875000 0.750000
s 0
f 9/15/7 10/16/7 12/17/7 11/18/7
f 11/18/8 12/17/8 16/19/8 15/20/8
f 15/20/9 16/19/9 14/21/9 13/22/9
f 13/22/10 14/21/10 10/23/10 9/24/10
f 11/25/11 15/20/11 13/22/11 9/26/11
f 16/19/12 12/27/12 10/28/12 14/21/12
o Cube.016
v -22.000000 -11.000000 -0.000000
v -22.000000 -11.000000 5.000000
v -22.000000 -10.000000 -0.000000
v -22.000000 -10.000000 5.000000
v 11.000000 -11.000000 -0.000000
v 11.000000 -11.000000 5.000000
v 11.000000 -10.000000 -0.000000
v 11.000000 -10.000000 5.000000
vn -1.0000 -0.0000 -0.0000
vn -0.0000 1.0000 -0.0000
vn 1.0000 -0.0000 -0.0000
vn -0.0000 -1.0000 -0.0000
vn -0.0000 -0.0000 -1.0000
vn -0.0000 -0.0000 1.0000
vt 0.375000 0.000000
vt 0.625000 0.000000
vt 0.625000 0.250000
vt 0.375000 0.250000
vt 0.625000 0.500000
vt 0.375000 0.500000
vt 0.625000 0.750000
vt 0.375000 0.750000
vt 0.625000 1.000000
vt 0.375000 1.000000
vt 0.125000 0.500000
vt 0.125000 0.750000
vt 0.875000 0.500000
vt 0.875000 0.750000
s 0
f 17/29/13 18/30/13 20/31/13 19/32/13
f 19/32/14 20/31/14 24/33/14 23/34/14
f 23/34/15 24/33/15 22/35/15 21/36/15
f 21/36/16 22/35/16 18/37/16 17/38/16
f 19/39/17 23/34/17 21/36/17 17/40/17
f 24/33/18 20/41/18 18/42/18 22/35/18
o Cube.010
v 10.000000 -6.000000 -0.000000
v 10.000000 -6.000000 5.000000
v 10.000000 9.000000 -0.000001
v 10.000000 9.000000 4.999999
v 11.000000 -6.000000 -0.000000
v 11.000000 -6.000000 5.000000
v 11.000000 9.000000 -0.000001
v 11.000000 9.000000 4.999999
vn -1.0000 -0.0000 -0.0000
vn -0.0000 1.0000 -0.0000
vn 1.0000 -0.0000 -0.0000
vn -0.0000 -1.0000 -0.0000
vn -0.0000 -0.0000 -1.0000
vn -0.0000 -0.0000 1.0000
vt 0.375000 0.000000
vt 0.625000 0.000000
vt 0.625000 0.250000
vt 0.375000 0.250000
vt 0.625000 0.500000
vt 0.375000 0.500000
vt 0.625000 0.750000
vt 0.375000 0.750000
vt 0.625000 1.000000
vt 0.375000 1.000000
vt 0.125000 0.500000
vt 0.125000 0.750000
vt 0.875000 0.500000
vt 0.875000 0.750000
s 0
f 25/43/19 26/44/19 28/45/19 27/46/19
f 27/46/20 28/45/20 32/47/20 31/48/20
f 31/48/21 32/47/21 30/49/21 29/50/21
f 29/50/22 30/49/22 26/51/22 25/52/22
f 27/53/23 31/48/23 29/50/23 25/54/23
f 32/47/24 28/55/24 26/56/24 30/49/24
o Plane.001
v -22.000000 -11.500000 0.000001
v 22.000000 -11.500000 0.000001
v -22.000000 10.500000 -0.000001
v 22.000000 10.500000 -0.000001
vn -0.0000 -0.0000 1.0000
vt 0.000000 0.000000
vt 1.000000 0.000000
vt 1.000000 1.000000
vt 0.000000 1.000000
s 0
f 33/57/25 34/58/25 36/59/25 35/60/25
o Cube.001
v 1.272828 -6.332877 1.886910
v 1.272828 -5.420129 1.932547
v 1.135916 -5.420129 1.886910
v 1.272828 -6.326224 1.892410
v 1.272828 -6.306355 1.897831
v 1.272828 -6.273559 1.903093
v 1.272828 -6.228323 1.908119
v 1.272828 -6.171313 1.912834
v 1.272828 -6.103336 1.917172
v 1.256327 -6.326224 1.886909
v 1.256086 -6.318992 1.892543
v 1.255972 -6.297720 1.898125
v 1.255923 -6.263372 1.903443
v 1.255938 -6.217466 1.908397
v 1.255969 -6.161499 1.912931
v 1.255984 -6.096591 1.917030
v 1.240063 -6.306355 1.886909
v 1.239359 -6.297839 1.892599
v 1.239084 -6.275148 1.898250
v 1.239156 -6.239910 1.903543
v 1.239443 -6.194470 1.908355
v 1.239749 -6.140835 1.912652
v 1.239932 -6.080065 1.916469
v 1.224277 -6.273559 1.886909
v 1.223312 -6.263428 1.892607
v 1.223085 -6.239828 1.898226
v 1.223490 -6.204930 1.903418
v 1.224282 -6.161601 1.908039
v 1.225078 -6.111887 1.912071
v 1.225571 -6.056341 1.915593
v 1.209201 -6.228323 1.886909
v 1.208343 -6.217249 1.892587
v 1.208491 -6.194042 1.898112
v 1.209485 -6.161310 1.903145
v 1.210984 -6.122141 1.907543
v 1.212420 -6.078067 1.911304
v 1.213307 -6.028747 1.914534
v 1.195055 -6.171313 1.886909
v 1.194673 -6.160982 1.892560
v 1.195514 -6.140129 1.897983
v 1.197310 -6.111418 1.902860
v 1.199644 -6.077907 1.907059
v 1.201869 -6.041010 1.910565
v 1.203347 -5.999953 1.913478
v 1.182039 -6.103336 1.886909
v 1.182359 -6.095919 1.892535
v 1.184039 -6.079296 1.897891
v 1.186721 -6.055882 1.902673
v 1.189938 -6.028580 1.906755
v 1.193120 -5.999919 1.910071
v 1.195629 -5.970912 1.912642
v 1.256327 -5.420129 1.932214
v 1.240063 -5.420129 1.931221
v 1.224277 -5.420129 1.929581
v 1.209201 -5.420129 1.927319
v 1.195055 -5.420129 1.924469
v 1.182039 -5.420129 1.921070
v 1.272828 -5.530135 1.932214
v 1.255926 -5.531743 1.931853
v 1.239182 -5.532501 1.930789
v 1.223227 -5.532833 1.929072
v 1.208366 -5.532733 1.926776
v 1.194764 -5.532524 1.923978
v 1.182466 -5.532421 1.920733
v 1.272828 -5.638561 1.931221
v 1.255759 -5.643256 1.930795
v 1.238806 -5.645087 1.929661
v 1.222926 -5.644611 1.927899
v 1.208491 -5.642696 1.925627
v 1.195602 -5.640656 1.922945
v 1.184150 -5.639434 1.919906
v 1.272828 -5.743805 1.929581
v 1.255735 -5.750237 1.929075
v 1.238877 -5.751751 1.927894
v 1.223304 -5.749052 1.926150
v 1.209439 -5.743772 1.923983
v 1.197343 -5.738461 1.921497
v 1.186779 -5.735177 1.918720
v 1.272828 -5.844312 1.927319
v 1.255795 -5.850029 1.926765
v 1.239220 -5.849043 1.925605
v 1.224122 -5.842415 1.923969
v 1.210926 -5.832420 1.922010
v 1.199643 -5.822847 1.919806
v 1.189956 -5.816940 1.917340
v 1.272828 -5.938619 1.924469
v 1.255876 -5.941161 1.923952
v 1.239609 -5.935554 1.922909
v 1.224977 -5.923581 1.921474
v 1.212380 -5.908021 1.919798
v 1.201862 -5.893190 1.917953
v 1.193123 -5.883338 1.915901
v 1.272828 -6.025387 1.921070
v 1.255953 -6.023255 1.920699
v 1.239885 -6.012054 1.919868
v 1.225537 -5.994177 1.918697
v 1.213293 -5.972728 1.917332
v 1.203344 -5.951517 1.915899
v 1.195629 -5.934788 1.914449
v 1.136914 -5.530135 1.886909
v 1.139894 -5.638561 1.886909
v 1.144814 -5.743805 1.886909
v 1.151599 -5.844312 1.886909
v 1.160150 -5.938619 1.886909
v 1.170347 -6.025387 1.886909
v 1.136914 -5.420129 1.892410
v 1.137999 -5.532807 1.892490
v 1.141189 -5.644439 1.892528
v 1.146342 -5.750806 1.892545
v 1.153228 -5.849877 1.892540
v 1.161623 -5.940559 1.892529
v 1.171359 -6.022541 1.892524
v 1.139894 -5.420129 1.897831
v 1.141172 -5.533923 1.898066
v 1.144575 -5.646944 1.898157
v 1.149861 -5.752809 1.898134
v 1.156677 -5.849044 1.898038
v 1.164722 -5.934969 1.897936
v 1.173838 -6.011313 1.897875
v 1.144814 -5.420129 1.903093
v 1.146333 -5.534082 1.903415
v 1.149873 -5.646469 1.903491
v 1.155108 -5.750290 1.903356
v 1.161607 -5.842722 1.903092
v 1.169064 -5.923364 1.902826
v 1.177396 -5.993792 1.902662
v 1.151599 -5.420129 1.908119
v 1.153260 -5.533684 1.908405
v 1.156741 -5.644184 1.908355
v 1.161651 -5.744836 1.908024
v 1.167526 -5.832808 1.907524
v 1.174137 -5.908028 1.907045
v 1.181535 -5.972610 1.906750
v 1.160150 -5.420129 1.912834
v 1.161700 -5.533142 1.912961
v 1.164828 -5.641593 1.912681
v 1.169135 -5.739136 1.912082
v 1.174161 -5.823116 1.911304
v 1.179696 -5.893236 1.910563
v 1.185855 -5.951496 1.910070
v 1.170347 -5.420129 1.917172
v 1.171460 -5.532632 1.917066
v 1.173953 -5.639749 1.916506
v 1.177465 -5.735403 1.915612
v 1.181561 -5.817031 1.914539
v 1.185860 -5.883357 1.913479
v 1.190211 -5.934788 1.912642
v 1.272828 1.420129 1.932547
v 1.272828 2.332877 1.886910
v 1.135916 1.420129 1.886910
v 1.272828 1.530135 1.932214
v 1.272828 1.638561 1.931221
v 1.272828 1.743805 1.929581
v 1.272828 1.844312 1.927319
v 1.272828 1.938619 1.924469
v 1.272828 2.025387 1.921070
v 1.256327 1.420129 1.932214
v 1.256086 1.532807 1.931853
v 1.255972 1.644439 1.930789
v 1.255923 1.750806 1.929072
v 1.255938 1.849877 1.926776
v 1.255969 1.940559 1.923978
v 1.255984 2.022541 1.920733
v 1.240063 1.420129 1.931221
v 1.239359 1.533923 1.930795
v 1.239084 1.646944 1.929661
v 1.239156 1.752809 1.927899
v 1.239443 1.849044 1.925627
v 1.239749 1.934969 1.922945
v 1.239932 2.011313 1.919906
v 1.224277 1.420129 1.929581
v 1.223312 1.534082 1.929075
v 1.223085 1.646469 1.927894
v 1.223490 1.750290 1.926150
v 1.224282 1.842722 1.923983
v 1.225078 1.923364 1.921497
v 1.225571 1.993792 1.918720
v 1.209201 1.420129 1.927319
v 1.208343 1.533684 1.926765
v 1.208491 1.644184 1.925605
v 1.209485 1.744836 1.923969
v 1.210984 1.832808 1.922010
v 1.212420 1.908027 1.919806
v 1.213307 1.972610 1.917340
v 1.195055 1.420129 1.924469
v 1.194673 1.533142 1.923952
v 1.195514 1.641593 1.922909
v 1.197310 1.739136 1.921474
v 1.199644 1.823116 1.919798
v 1.201869 1.893236 1.917953
v 1.203347 1.951496 1.915901
v 1.182039 1.420129 1.921070
v 1.182359 1.532632 1.920699
v 1.184039 1.639749 1.919868
v 1.186721 1.735403 1.918697
v 1.189938 1.817031 1.917332
v 1.193120 1.883357 1.915899
v 1.195629 1.934788 1.914449
v 1.256327 2.326224 1.886909
v 1.240063 2.306355 1.886909
v 1.224277 2.273559 1.886909
v 1.209201 2.228323 1.886909
v 1.195055 2.171313 1.886909
v 1.182039 2.103336 1.886909
v 1.272828 2.326224 1.892410
v 1.255926 2.318992 1.892490
v 1.239182 2.297720 1.892528
v 1.223227 2.263372 1.892545
v 1.208366 2.217466 1.892540
v 1.194764 2.161499 1.892529
v 1.182466 2.096591 1.892524
v 1.272828 2.306355 1.897831
v 1.255759 2.297839 1.898066
v 1.238806 2.275148 1.898157
v 1.222926 2.239910 1.898134
v 1.208491 2.194470 1.898038
v 1.195602 2.140835 1.897936
v 1.184150 2.080065 1.897875
v 1.272828 2.273559 1.903093
v 1.255735 2.263428 1.903415
v 1.238877 2.239828 1.903491
v 1.223304 2.204930 1.903356
v 1.209439 2.161601 1.903092
v 1.197343 2.111887 1.902826
v 1.186779 2.056341 1.902662
v 1.272828 2.228323 1.908119
v 1.255795 2.217249 1.908405
v 1.239220 2.194042 1.908355
v 1.224122 2.161310 1.908024
v 1.210926 2.122142 1.907524
v 1.199643 2.078067 1.907045
v 1.189956 2.028747 1.906750
v 1.272828 2.171313 1.912834
v 1.255876 2.160982 1.912961
v 1.239609 2.140129 1.912681
v 1.224977 2.111418 1.912082
v 1.212380 2.077907 1.911304
v 1.201862 2.041010 1.910563
v 1.193123 1.999953 1.910070
v 1.272828 2.103336 1.917172
v 1.255953 2.095919 1.917066
v 1.239885 2.079296 1.916506
v 1.225537 2.055882 1.915612
v 1.213293 2.028580 1.914539
v 1.203344 1.999919 1.913479
v 1.195629 1.970912 1.912642
v 1.136914 1.420129 1.892410
v 1.139894 1.420129 1.897831
v 1.144814 1.420129 1.903093
v 1.151599 1.420129 1.908119
v 1.160150 1.420129 1.912834
v 1.170347 1.420129 1.917172
v 1.136914 1.530135 1.886909
v 1.137999 1.531743 1.892543
v 1.141189 1.532501 1.898125
v 1.146342 1.532833 1.903443
v 1.153228 1.532733 1.908397
v 1.161623 1.532524 1.912931
v 1.171359 1.532421 1.917030
v 1.139894 1.638561 1.886909
v 1.141172 1.643256 1.892599
v 1.144575 1.645087 1.898250
v 1.149861 1.644611 1.903543
v 1.156677 1.642697 1.908355
v 1.164722 1.640656 1.912652
v 1.173838 1.639434 1.916469
v 1.144814 1.743805 1.886909
v 1.146333 1.750236 1.892607
v 1.149873 1.751751 1.898226
v 1.155108 1.749052 1.903418
v 1.161607 1.743772 1.908039
v 1.169064 1.738461 1.912071
v 1.177396 1.735177 1.915593
v 1.151599 1.844312 1.886909
v 1.153260 1.850029 1.892587
v 1.156741 1.849043 1.898112
v 1.161651 1.842415 1.903145
v 1.167526 1.832421 1.907543
v 1.174137 1.822847 1.911304
v 1.181535 1.816940 1.914534
v 1.160150 1.938618 1.886909
v 1.161700 1.941161 1.892560
v 1.164828 1.935554 1.897983
v 1.169135 1.923581 1.902860
v 1.174161 1.908021 1.907059
v 1.179696 1.893190 1.910565
v 1.185855 1.883338 1.913478
v 1.170347 2.025387 1.886909
v 1.171460 2.023255 1.892535
v 1.173953 2.012054 1.897891
v 1.177465 1.994176 1.902673
v 1.181561 1.972728 1.906755
v 1.185860 1.951516 1.910071
v 1.190211 1.934788 1.912642
v 1.272828 -6.332877 0.113090
v 1.135916 -5.420129 0.113090
v 1.272828 -5.420129 0.067453
v 1.256327 -6.326224 0.113090
v 1.240063 -6.306355 0.113090
v 1.224277 -6.273559 0.113090
v 1.209201 -6.228323 0.113090
v 1.195055 -6.171313 0.113090
v 1.182039 -6.103336 0.113090
v 1.272828 -6.326224 0.107590
v 1.255926 -6.318992 0.107510
v 1.239182 -6.297720 0.107472
v 1.223227 -6.263372 0.107455
v 1.208366 -6.217466 0.107460
v 1.194764 -6.161499 0.107471
v 1.182466 -6.096591 0.107476
v 1.272828 -6.306355 0.102169
v 1.255759 -6.297839 0.101934
v 1.238806 -6.275148 0.101842
v 1.222926 -6.239910 0.101866
v 1.208491 -6.194470 0.101962
v 1.195602 -6.140835 0.102064
v 1.184150 -6.080065 0.102125
v 1.272828 -6.273559 0.096907
v 1.255735 -6.263428 0.096585
v 1.238877 -6.239828 0.096509
v 1.223304 -6.204930 0.096644
v 1.209439 -6.161601 0.096908
v 1.197343 -6.111887 0.097174
v 1.186779 -6.056341 0.097338
v 1.272828 -6.228323 0.091881
v 1.255795 -6.217249 0.091595
v 1.239220 -6.194042 0.091645
v 1.224122 -6.161310 0.091976
v 1.210926 -6.122141 0.092476
v 1.199643 -6.078067 0.092955
v 1.189956 -6.028747 0.093250
v 1.272828 -6.171313 0.087166
v 1.255876 -6.160982 0.087039
v 1.239609 -6.140129 0.087319
v 1.224977 -6.111418 0.087918
v 1.212380 -6.077907 0.088696
v 1.201862 -6.041010 0.089437
v 1.193123 -5.999953 0.089930
v 1.272828 -6.103336 0.082827
v 1.255953 -6.095919 0.082934
v 1.239885 -6.079296 0.083494
v 1.225537 -6.055882 0.084388
v 1.213293 -6.028580 0.085460
v 1.203344 -5.999919 0.086521
v 1.195629 -5.970912 0.087358
v 1.136914 -5.420129 0.107590
v 1.139894 -5.420129 0.102169
v 1.144814 -5.420129 0.096907
v 1.151599 -5.420129 0.091881
v 1.160150 -5.420129 0.087166
v 1.170347 -5.420129 0.082827
v 1.136914 -5.530135 0.113090
v 1.137999 -5.531743 0.107457
v 1.141189 -5.532501 0.101875
v 1.146342 -5.532833 0.096557
v 1.153228 -5.532733 0.091603
v 1.161623 -5.532524 0.087069
v 1.171359 -5.532421 0.082970
v 1.139894 -5.638561 0.113090
v 1.141172 -5.643256 0.107401
v 1.144575 -5.645087 0.101750
v 1.149861 -5.644611 0.096456
v 1.156677 -5.642696 0.091645
v 1.164722 -5.640656 0.087348
v 1.173838 -5.639434 0.083531
v 1.144814 -5.743805 0.113090
v 1.146333 -5.750237 0.107393
v 1.149873 -5.751751 0.101773
v 1.155108 -5.749052 0.096582
v 1.161607 -5.743772 0.091961
v 1.169064 -5.738461 0.087929
v 1.177396 -5.735177 0.084407
v 1.151599 -5.844312 0.113090
v 1.153260 -5.850029 0.107413
v 1.156741 -5.849043 0.101888
v 1.161651 -5.842415 0.096855
v 1.167526 -5.832420 0.092457
v 1.174137 -5.822847 0.088696
v 1.181535 -5.816940 0.085466
v 1.160150 -5.938619 0.113090
v 1.161700 -5.941161 0.107440
v 1.164828 -5.935554 0.102017
v 1.169135 -5.923581 0.097140
v 1.174161 -5.908021 0.092941
v 1.179696 -5.893190 0.089435
v 1.185855 -5.883338 0.086522
v 1.170347 -6.025387 0.113090
v 1.171460 -6.023255 0.107465
v 1.173953 -6.012054 0.102109
v 1.177465 -5.994177 0.097327
v 1.181561 -5.972728 0.093245
v 1.185860 -5.951517 0.089929
v 1.190211 -5.934788 0.087358
v 1.272828 -5.530135 0.067786
v 1.272828 -5.638561 0.068779
v 1.272828 -5.743805 0.070419
v 1.272828 -5.844312 0.072681
v 1.272828 -5.938619 0.075531
v 1.272828 -6.025387 0.078930
v 1.256327 -5.420129 0.067786
v 1.256086 -5.532807 0.068147
v 1.255972 -5.644439 0.069211
v 1.255923 -5.750806 0.070928
v 1.255938 -5.849877 0.073224
v 1.255969 -5.940559 0.076022
v 1.255984 -6.022541 0.079267
v 1.240063 -5.420129 0.068779
v 1.239359 -5.533923 0.069205
v 1.239084 -5.646944 0.070339
v 1.239156 -5.752809 0.072101
v 1.239443 -5.849044 0.074373
v 1.239749 -5.934969 0.077055
v 1.239932 -6.011313 0.080094
v 1.224277 -5.420129 0.070419
v 1.223312 -5.534082 0.070925
v 1.223085 -5.646469 0.072105
v 1.223490 -5.750290 0.073850
v 1.224282 -5.842722 0.076017
v 1.225078 -5.923364 0.078503
v 1.225571 -5.993792 0.081280
v 1.209201 -5.420129 0.072681
v 1.208343 -5.533684 0.073234
v 1.208491 -5.644184 0.074395
v 1.209485 -5.744836 0.076031
v 1.210984 -5.832808 0.077990
v 1.212420 -5.908028 0.080194
v 1.213307 -5.972610 0.082660
v 1.195055 -5.420129 0.075531
v 1.194673 -5.533142 0.076048
v 1.195514 -5.641593 0.077090
v 1.197310 -5.739136 0.078526
v 1.199644 -5.823116 0.080202
v 1.201869 -5.893236 0.082046
v 1.203347 -5.951496 0.084099
v 1.182039 -5.420129 0.078930
v 1.182359 -5.532632 0.079301
v 1.184039 -5.639749 0.080132
v 1.186721 -5.735403 0.081303
v 1.189938 -5.817031 0.082668
v 1.193120 -5.883357 0.084101
v 1.195629 -5.934788 0.085551
v 1.272828 2.332877 0.113090
v 1.272828 1.420129 0.067453
v 1.135916 1.420129 0.113090
v 1.272828 2.326224 0.107590
v 1.272828 2.306355 0.102169
v 1.272828 2.273559 0.096907
v 1.272828 2.228323 0.091881
v 1.272828 2.171313 0.087166
v 1.272828 2.103336 0.082828
v 1.256327 2.326224 0.113091
v 1.256086 2.318992 0.107457
v 1.255972 2.297720 0.101875
v 1.255923 2.263372 0.096557
v 1.255938 2.217466 0.091603
v 1.255969 2.161499 0.087069
v 1.255984 2.096591 0.082970
v 1.240063 2.306355 0.113091
v 1.239359 2.297839 0.107401
v 1.239084 2.275148 0.101750
v 1.239156 2.239910 0.096457
v 1.239443 2.194470 0.091645
v 1.239749 2.140835 0.087349
v 1.239932 2.080065 0.083531
v 1.224277 2.273559 0.113091
v 1.223312 2.263428 0.107393
v 1.223085 2.239828 0.101774
v 1.223490 2.204930 0.096582
v 1.224282 2.161601 0.091961
v 1.225078 2.111887 0.087929
v 1.225571 2.056341 0.084407
v 1.209201 2.228323 0.113091
v 1.208343 2.217249 0.107413
v 1.208491 2.194042 0.101888
v 1.209485 2.161310 0.096855
v 1.210984 2.122141 0.092457
v 1.212420 2.078067 0.088696
v 1.213307 2.028747 0.085466
v 1.195055 2.171313 0.113091
v 1.194673 2.160982 0.107440
v 1.195514 2.140129 0.102017
v 1.197310 2.111418 0.097140
v 1.199644 2.077907 0.092941
v 1.201869 2.041010 0.089435
v 1.203347 1.999953 0.086522
v 1.182039 2.103336 0.113091
v 1.182359 2.095919 0.107465
v 1.184039 2.079296 0.102109
v 1.186721 2.055882 0.097327
v 1.189938 2.028580 0.093245
v 1.193120 1.999919 0.089929
v 1.195629 1.970912 0.087358
v 1.256327 1.420129 0.067786
v 1.240063 1.420129 0.068779
v 1.224277 1.420129 0.070419
v 1.209201 1.420129 0.072681
v 1.195055 1.420129 0.075531
v 1.182039 1.420129 0.078930
v 1.272828 1.530135 0.067786
v 1.255926 1.531743 0.068147
v 1.239182 1.532501 0.069211
v 1.223227 1.532833 0.070928
v 1.208366 1.532733 0.073224
v 1.194764 1.532524 0.076022
v 1.182466 1.532421 0.079267
v 1.272828 1.638561 0.068779
v 1.255759 1.643256 0.069205
v 1.238806 1.645087 0.070340
v 1.222926 1.644611 0.072101
v 1.208491 1.642697 0.074373
v 1.195602 1.640656 0.077055
v 1.184150 1.639434 0.080094
v 1.272828 1.743805 0.070419
v 1.255735 1.750236 0.070926
v 1.238877 1.751751 0.072106
v 1.223304 1.749052 0.073850
v 1.209439 1.743772 0.076017
v 1.197343 1.738461 0.078503
v 1.186779 1.735177 0.081280
v 1.272828 1.844312 0.072681
v 1.255795 1.850029 0.073235
v 1.239220 1.849043 0.074395
v 1.224122 1.842415 0.076032
v 1.210926 1.832421 0.077990
v 1.199643 1.822847 0.080194
v 1.189956 1.816940 0.082660
v 1.272828 1.938618 0.075531
v 1.255876 1.941161 0.076048
v 1.239609 1.935554 0.077090
v 1.224977 1.923581 0.078526
v 1.212380 1.908021 0.080202
v 1.201862 1.893190 0.082047
v 1.193123 1.883338 0.084099
v 1.272828 2.025387 0.078930
v 1.255953 2.023255 0.079301
v 1.239885 2.012054 0.080132
v 1.225537 1.994177 0.081303
v 1.213293 1.972728 0.082668
v 1.203344 1.951517 0.084101
v 1.195629 1.934788 0.085551
v 1.136914 1.530135 0.113091
v 1.139894 1.638561 0.113091
v 1.144814 1.743805 0.113091
v 1.151599 1.844312 0.113091
v 1.160150 1.938619 0.113091
v 1.170347 2.025387 0.113091
v 1.136914 1.420129 0.107590
v 1.137999 1.532807 0.107510
v 1.141189 1.644439 0.107472
v 1.146342 1.750806 0.107455
v 1.153228 1.849877 0.107460
v 1.161623 1.940559 0.107471
v 1.171359 2.022541 0.107476
v 1.139894 1.420129 0.102169
v 1.141172 1.533923 0.101934
v 1.144575 1.646944 0.101843
v 1.149861 1.752809 0.101866
v 1.156677 1.849044 0.101962
v 1.164722 1.934969 0.102064
v 1.173838 2.011313 0.102125
v 1.144814 1.420129 0.096907
v 1.146333 1.534082 0.096585
v 1.149873 1.646469 0.096509
v 1.155108 1.750290 0.096644
v 1.161607 1.842722 0.096908
v 1.169064 1.923364 0.097174
v 1.177396 1.993792 0.097338
v 1.151599 1.420129 0.091881
v 1.153260 1.533684 0.091595
v 1.156741 1.644184 0.091645
v 1.161651 1.744836 0.091976
v 1.167526 1.832808 0.092476
v 1.174137 1.908027 0.092955
v 1.181535 1.972610 0.093250
v 1.160150 1.420129 0.087166
v 1.161700 1.533142 0.087039
v 1.164828 1.641593 0.087319
v 1.169135 1.739136 0.087918
v 1.174161 1.823116 0.088696
v 1.179696 1.893236 0.089437
v 1.185855 1.951496 0.089930
v 1.170347 1.420129 0.082828
v 1.171460 1.532632 0.082934
v 1.173953 1.639749 0.083494
v 1.177465 1.735403 0.084388
v 1.181561 1.817031 0.085461
v 1.185860 1.883357 0.086521
v 1.190211 1.934788 0.087358
v 4.727172 -6.332877 1.886910
v 4.864084 -5.420129 1.886910
v 4.727172 -5.420129 1.932547
v 4.743673 -6.326224 1.886910
v 4.759937 -6.306355 1.886910
v 4.775723 -6.273559 1.886910
v 4.790799 -6.228323 1.886910
v 4.804945 -6.171313 1.886910
v 4.817961 -6.103336 1.886910
v 4.727172 -6.326224 1.892410
v 4.744073 -6.318992 1.892490
v 4.760818 -6.297720 1.892528
v 4.776773 -6.263372 1.892545
v 4.791634 -6.217466 1.892540
v 4.805236 -6.161499 1.892529
v 4.817533 -6.096591 1.892524
v 4.727172 -6.306355 1.897831
v 4.744241 -6.297839 1.898066
v 4.761194 -6.275148 1.898158
v 4.777074 -6.239910 1.898134
v 4.791509 -6.194470 1.898038
v 4.804398 -6.140835 1.897936
v 4.815849 -6.080065 1.897875
v 4.727172 -6.273559 1.903093
v 4.744265 -6.263428 1.903415
v 4.761123 -6.239828 1.903491
v 4.776696 -6.204930 1.903356
v 4.790561 -6.161601 1.903092
v 4.802657 -6.111887 1.902826
v 4.813221 -6.056341 1.902662
v 4.727172 -6.228323 1.908119
v 4.744205 -6.217249 1.908405
v 4.760780 -6.194042 1.908355
v 4.775878 -6.161310 1.908024
v 4.789074 -6.122141 1.907524
v 4.800357 -6.078067 1.907045
v 4.810044 -6.028747 1.906750
v 4.727172 -6.171313 1.912834
v 4.744123 -6.160982 1.912961
v 4.760391 -6.140129 1.912681
v 4.775023 -6.111418 1.912082
v 4.787620 -6.077907 1.911304
v 4.798138 -6.041010 1.910563
v 4.806877 -5.999953 1.910070
v 4.727172 -6.103336 1.917173
v 4.744047 -6.095919 1.917066
v 4.760115 -6.079296 1.916506
v 4.774463 -6.055882 1.915612
v 4.786707 -6.028580 1.914540
v 4.796656 -5.999919 1.913479
v 4.804371 -5.970912 1.912642
v 4.863086 -5.420129 1.892410
v 4.860106 -5.420129 1.897831
v 4.855186 -5.420129 1.903093
v 4.848401 -5.420129 1.908119
v 4.839849 -5.420129 1.912834
v 4.829653 -5.420129 1.917173
v 4.863086 -5.530135 1.886910
v 4.862001 -5.531743 1.892544
v 4.858810 -5.532501 1.898125
v 4.853659 -5.532833 1.903443
v 4.846772 -5.532733 1.908397
v 4.838377 -5.532524 1.912931
v 4.828641 -5.532421 1.917030
v 4.860106 -5.638561 1.886910
v 4.858829 -5.643256 1.892599
v 4.855425 -5.645087 1.898250
v 4.850139 -5.644611 1.903544
v 4.843323 -5.642696 1.908355
v 4.835278 -5.640656 1.912652
v 4.826162 -5.639434 1.916469
v 4.855186 -5.743805 1.886910
v 4.853667 -5.750237 1.892607
v 4.850127 -5.751751 1.898226
v 4.844892 -5.749052 1.903418
v 4.838393 -5.743772 1.908039
v 4.830935 -5.738461 1.912071
v 4.822604 -5.735177 1.915593
v 4.848401 -5.844312 1.886910
v 4.846740 -5.850029 1.892587
v 4.843259 -5.849043 1.898112
v 4.838349 -5.842415 1.903145
v 4.832474 -5.832420 1.907543
v 4.825862 -5.822847 1.911304
v 4.818464 -5.816940 1.914534
v 4.839849 -5.938619 1.886910
v 4.838300 -5.941161 1.892560
v 4.835172 -5.935554 1.897983
v 4.830865 -5.923581 1.902860
v 4.825839 -5.908021 1.907059
v 4.820304 -5.893190 1.910565
v 4.814146 -5.883338 1.913478
v 4.829653 -6.025387 1.886910
v 4.828540 -6.023255 1.892535
v 4.826047 -6.012054 1.897891
v 4.822535 -5.994177 1.902673
v 4.818439 -5.972728 1.906755
v 4.814140 -5.951517 1.910071
v 4.809789 -5.934788 1.912642
v 4.727172 -5.530135 1.932214
v 4.727172 -5.638561 1.931221
v 4.727172 -5.743805 1.929581
v 4.727172 -5.844312 1.927319
v 4.727172 -5.938619 1.924469
v 4.727172 -6.025387 1.921070
v 4.743673 -5.420129 1.932214
v 4.743914 -5.532807 1.931853
v 4.744028 -5.644439 1.930789
v 4.744077 -5.750806 1.929072
v 4.744062 -5.849877 1.926776
v 4.744031 -5.940559 1.923978
v 4.744016 -6.022541 1.920733
v 4.759937 -5.420129 1.931221
v 4.760641 -5.533923 1.930795
v 4.760916 -5.646944 1.929661
v 4.760844 -5.752809 1.927899
v 4.760557 -5.849044 1.925627
v 4.760251 -5.934969 1.922945
v 4.760067 -6.011313 1.919906
v 4.775723 -5.420129 1.929581
v 4.776688 -5.534082 1.929075
v 4.776915 -5.646469 1.927895
v 4.776510 -5.750290 1.926150
v 4.775718 -5.842722 1.923983
v 4.774921 -5.923364 1.921497
v 4.774429 -5.993792 1.918720
v 4.790799 -5.420129 1.927319
v 4.791657 -5.533684 1.926766
v 4.791509 -5.644184 1.925605
v 4.790515 -5.744836 1.923969
v 4.789016 -5.832808 1.922010
v 4.787580 -5.908028 1.919806
v 4.786694 -5.972610 1.917341
v 4.804945 -5.420129 1.924469
v 4.805326 -5.533142 1.923952
v 4.804485 -5.641593 1.922910
v 4.802690 -5.739136 1.921474
v 4.800356 -5.823116 1.919798
v 4.798131 -5.893236 1.917954
v 4.796653 -5.951496 1.915901
v 4.817961 -5.420129 1.921070
v 4.817641 -5.532632 1.920699
v 4.815960 -5.639749 1.919868
v 4.813279 -5.735403 1.918697
v 4.810061 -5.817031 1.917332
v 4.806880 -5.883357 1.915899
v 4.804371 -5.934788 1.914449
v 4.727172 2.332877 1.886910
v 4.727172 1.420129 1.932547
v 4.864084 1.420129 1.886910
v 4.727172 2.326224 1.892410
v 4.727172 2.306355 1.897831
v 4.727172 2.273559 1.903093
v 4.727172 2.228323 1.908119
v 4.727172 2.171313 1.912834
v 4.727172 2.103336 1.917172
v 4.743673 2.326224 1.886909
v 4.743914 2.318992 1.892543
v 4.744028 2.297720 1.898125
v 4.744077 2.263372 1.903443
v 4.744062 2.217466 1.908397
v 4.744031 2.161499 1.912931
v 4.744016 2.096591 1.917030
v 4.759937 2.306355 1.886909
v 4.760641 2.297839 1.892599
v 4.760916 2.275148 1.898250
v 4.760844 2.239910 1.903543
v 4.760557 2.194470 1.908355
v 4.760251 2.140835 1.912652
v 4.760067 2.080065 1.916469
v 4.775723 2.273559 1.886909
v 4.776688 2.263428 1.892607
v 4.776915 2.239828 1.898226
v 4.776510 2.204930 1.903418
v 4.775718 2.161601 1.908039
v 4.774921 2.111887 1.912071
v 4.774429 2.056341 1.915593
v 4.790799 2.228323 1.886909
v 4.791657 2.217249 1.892587
v 4.791509 2.194042 1.898112
v 4.790515 2.161310 1.903145
v 4.789016 2.122141 1.907543
v 4.787580 2.078067 1.911304
v 4.786694 2.028747 1.914534
v 4.804945 2.171313 1.886909
v 4.805326 2.160982 1.892560
v 4.804485 2.140129 1.897983
v 4.802690 2.111418 1.902860
v 4.800356 2.077907 1.907059
v 4.798131 2.041010 1.910565
v 4.796653 1.999953 1.913478
v 4.817961 2.103336 1.886909
v 4.817641 2.095919 1.892535
v 4.815960 2.079296 1.897891
v 4.813279 2.055882 1.902673
v 4.810061 2.028580 1.906755
v 4.806880 1.999919 1.910071
v 4.804371 1.970912 1.912642
v 4.743673 1.420129 1.932214
v 4.759937 1.420129 1.931221
v 4.775723 1.420129 1.929581
v 4.790799 1.420129 1.927319
v 4.804945 1.420129 1.924469
v 4.817961 1.420129 1.921070
v 4.727172 1.530135 1.932214
v 4.744073 1.531743 1.931853
v 4.760818 1.532501 1.930789
v 4.776773 1.532833 1.929072
v 4.791634 1.532733 1.926776
v 4.805236 1.532524 1.923978
v 4.817533 1.532421 1.920733
v 4.727172 1.638561 1.931221
v 4.744241 1.643256 1.930795
v 4.761194 1.645087 1.929661
v 4.777074 1.644611 1.927899
v 4.791509 1.642697 1.925627
v 4.804398 1.640656 1.922945
v 4.815849 1.639434 1.919906
v 4.727172 1.743805 1.929581
v 4.744265 1.750236 1.929075
v 4.761123 1.751751 1.927894
v 4.776696 1.749052 1.926150
v 4.790561 1.743772 1.923983
v 4.802657 1.738461 1.921497
v 4.813221 1.735177 1.918720
v 4.727172 1.844312 1.927319
v 4.744205 1.850029 1.926765
v 4.760780 1.849043 1.925605
v 4.775878 1.842415 1.923969
v 4.789074 1.832421 1.922010
v 4.800357 1.822847 1.919806
v 4.810044 1.816940 1.917340
v 4.727172 1.938618 1.924469
v 4.744123 1.941161 1.923952
v 4.760391 1.935554 1.922909
v 4.775023 1.923581 1.921474
v 4.787620 1.908021 1.919798
v 4.798138 1.893190 1.917953
v 4.806877 1.883338 1.915901
v 4.727172 2.025387 1.921070
v 4.744047 2.023255 1.920699
v 4.760115 2.012054 1.919868
v 4.774463 1.994177 1.918697
v 4.786707 1.972728 1.917332
v 4.796656 1.951517 1.915899
v 4.804371 1.934788 1.914449
v 4.863086 1.530135 1.886909
v 4.860106 1.638561 1.886909
v 4.855186 1.743805 1.886909
v 4.848401 1.844312 1.886909
v 4.839849 1.938619 1.886909
v 4.829653 2.025387 1.886909
v 4.863086 1.420129 1.892410
v 4.862001 1.532807 1.892490
v 4.858810 1.644439 1.892528
v 4.853659 1.750806 1.892545
v 4.846772 1.849877 1.892540
v 4.838377 1.940559 1.892529
v 4.828641 2.022541 1.892524
v 4.860106 1.420129 1.897831
v 4.858829 1.533923 1.898066
v 4.855425 1.646944 1.898157
v 4.850139 1.752809 1.898134
v 4.843323 1.849044 1.898038
v 4.835278 1.934969 1.897936
v 4.826162 2.011313 1.897875
v 4.855186 1.420129 1.903093
v 4.853667 1.534082 1.903415
v 4.850127 1.646469 1.903491
v 4.844892 1.750290 1.903356
v 4.838393 1.842722 1.903092
v 4.830935 1.923364 1.902826
v 4.822604 1.993792 1.902662
v 4.848401 1.420129 1.908119
v 4.846740 1.533684 1.908405
v 4.843259 1.644184 1.908355
v 4.838349 1.744836 1.908024
v 4.832474 1.832808 1.907524
v 4.825862 1.908027 1.907045
v 4.818464 1.972610 1.906750
v 4.839849 1.420129 1.912834
v 4.838300 1.533142 1.912961
v 4.835172 1.641593 1.912681
v 4.830865 1.739136 1.912082
v 4.825839 1.823116 1.911304
v 4.820304 1.893236 1.910563
v 4.814146 1.951496 1.910070
v 4.829653 1.420129 1.917172
v 4.828540 1.532632 1.917066
v 4.826047 1.639749 1.916506
v 4.822535 1.735403 1.915612
v 4.818439 1.817031 1.914539
v 4.814140 1.883357 1.913479
v 4.809789 1.934788 1.912642
v 4.727172 -6.332877 0.113090
v 4.727172 -5.420129 0.067453
v 4.864084 -5.420129 0.113090
v 4.727172 -6.326224 0.107590
v 4.727172 -6.306355 0.102169
v 4.727172 -6.273559 0.096907
v 4.727172 -6.228323 0.091881
v 4.727172 -6.171313 0.087166
v 4.727172 -6.103336 0.082828
v 4.743673 -6.326224 0.113091
v 4.743914 -6.318992 0.107457
v 4.744028 -6.297720 0.101875
v 4.744077 -6.263372 0.096557
v 4.744062 -6.217466 0.091603
v 4.744031 -6.161499 0.087069
v 4.744016 -6.096591 0.082970
v 4.759937 -6.306355 0.113091
v 4.760641 -6.297839 0.107401
v 4.760916 -6.275148 0.101750
v 4.760844 -6.239910 0.096457
v 4.760557 -6.194470 0.091645
v 4.760251 -6.140835 0.087349
v 4.760067 -6.080065 0.083531
v 4.775723 -6.273559 0.113091
v 4.776688 -6.263428 0.107393
v 4.776915 -6.239828 0.101774
v 4.776510 -6.204930 0.096582
v 4.775718 -6.161601 0.091961
v 4.774921 -6.111887 0.087929
v 4.774429 -6.056341 0.084407
v 4.790799 -6.228323 0.113091
v 4.791657 -6.217249 0.107413
v 4.791509 -6.194042 0.101888
v 4.790515 -6.161310 0.096855
v 4.789016 -6.122141 0.092457
v 4.787580 -6.078067 0.088696
v 4.786694 -6.028747 0.085466
v 4.804945 -6.171313 0.113091
v 4.805326 -6.160982 0.107440
v 4.804485 -6.140129 0.102017
v 4.802690 -6.111418 0.097140
v 4.800356 -6.077907 0.092941
v 4.798131 -6.041010 0.089435
v 4.796653 -5.999953 0.086522
v 4.817961 -6.103336 0.113091
v 4.817641 -6.095919 0.107465
v 4.815960 -6.079296 0.102109
v 4.813279 -6.055882 0.097327
v 4.810061 -6.028580 0.093245
v 4.806880 -5.999919 0.089929
v 4.804371 -5.970912 0.087358
v 4.743673 -5.420129 0.067786
v 4.759937 -5.420129 0.068779
v 4.775723 -5.420129 0.070419
v 4.790799 -5.420129 0.072681
v 4.804945 -5.420129 0.075531
v 4.817961 -5.420129 0.078930
v 4.727172 -5.530135 0.067786
v 4.744073 -5.531743 0.068147
v 4.760818 -5.532501 0.069211
v 4.776773 -5.532833 0.070928
v 4.791634 -5.532733 0.073224
v 4.805236 -5.532524 0.076022
v 4.817533 -5.532421 0.079267
v 4.727172 -5.638561 0.068779
v 4.744241 -5.643256 0.069205
v 4.761194 -5.645087 0.070340
v 4.777074 -5.644611 0.072101
v 4.791509 -5.642696 0.074373
v 4.804398 -5.640656 0.077055
v 4.815849 -5.639434 0.080094
v 4.727172 -5.743805 0.070419
v 4.744265 -5.750237 0.070926
v 4.761123 -5.751751 0.072106
v 4.776696 -5.749052 0.073850
v 4.790561 -5.743772 0.076017
v 4.802657 -5.738461 0.078503
v 4.813221 -5.735177 0.081280
v 4.727172 -5.844312 0.072681
v 4.744205 -5.850029 0.073235
v 4.760780 -5.849043 0.074395
v 4.775878 -5.842415 0.076032
v 4.789074 -5.832420 0.077990
v 4.800357 -5.822847 0.080194
v 4.810044 -5.816940 0.082660
v 4.727172 -5.938619 0.075531
v 4.744123 -5.941161 0.076048
v 4.760391 -5.935554 0.077090
v 4.775023 -5.923581 0.078526
v 4.787620 -5.908021 0.080202
v 4.798138 -5.893190 0.082047
v 4.806877 -5.883338 0.084099
v 4.727172 -6.025387 0.078930
v 4.744047 -6.023255 0.079301
v 4.760115 -6.012054 0.080132
v 4.774463 -5.994177 0.081303
v 4.786707 -5.972728 0.082668
v 4.796656 -5.951517 0.084101
v 4.804371 -5.934788 0.085551
v 4.863086 -5.530135 0.113091
v 4.860106 -5.638561 0.113091
v 4.855186 -5.743805 0.113091
v 4.848401 -5.844312 0.113091
v 4.839849 -5.938619 0.113091
v 4.829653 -6.025387 0.113091
v 4.863086 -5.420129 0.107590
v 4.862001 -5.532807 0.107510
v 4.858810 -5.644439 0.107472
v 4.853659 -5.750806 0.107455
v 4.846772 -5.849877 0.107460
v 4.838377 -5.940559 0.107471
v 4.828641 -6.022541 0.107476
v 4.860106 -5.420129 0.102169
v 4.858829 -5.533923 0.101934
v 4.855425 -5.646944 0.101843
v 4.850139 -5.752809 0.101866
v 4.843323 -5.849044 0.101962
v 4.835278 -5.934969 0.102064
v 4.826162 -6.011313 0.102125
v 4.855186 -5.420129 0.096907
v 4.853667 -5.534082 0.096585
v 4.850127 -5.646469 0.096509
v 4.844892 -5.750290 0.096644
v 4.838393 -5.842722 0.096908
v 4.830935 -5.923364 0.097174
v 4.822604 -5.993792 0.097338
v 4.848401 -5.420129 0.091881
v 4.846740 -5.533684 0.091595
v 4.843259 -5.644184 0.091645
v 4.838349 -5.744836 0.091976
v 4.832474 -5.832808 0.092476
v 4.825862 -5.908028 0.092955
v 4.818464 -5.972610 0.093250
v 4.839849 -5.420129 0.087166
v 4.838300 -5.533142 0.087039
v 4.835172 -5.641593 0.087319
v 4.830865 -5.739136 0.087918
v 4.825839 -5.823116 0.088696
v 4.820304 -5.893236 0.089437
v 4.814146 -5.951496 0.089930
v 4.829653 -5.420129 0.082828
v 4.828540 -5.532632 0.082934
v 4.826047 -5.639749 0.083494
v 4.822535 -5.735403 0.084388
v 4.818439 -5.817031 0.085461
v 4.814140 -5.883357 0.086521
v 4.809789 -5.934788 0.087358
v 4.727172 2.332877 0.113090
v 4.864084 1.420129 0.113090
v 4.727172 1.420129 0.067453
v 4.743673 2.326224 0.113090
v 4.759937 2.306355 0.113090
v 4.775723 2.273559 0.113090
v 4.790799 2.228323 0.113090
v 4.804945 2.171313 0.113090
v 4.817961 2.103336 0.113090
v 4.727172 2.326224 0.107590
v 4.744073 2.318992 0.107510
v 4.760818 2.297720 0.107472
v 4.776773 2.263372 0.107455
v 4.791634 2.217466 0.107460
v 4.805236 2.161499 0.107471
v 4.817533 2.096591 0.107476
v 4.727172 2.306355 0.102169
v 4.744241 2.297839 0.101934
v 4.761194 2.275148 0.101842
v 4.777074 2.239910 0.101866
v 4.791509 2.194470 0.101962
v 4.804398 2.140835 0.102064
v 4.815849 2.080065 0.102125
v 4.727172 2.273559 0.096907
v 4.744265 2.263428 0.096585
v 4.761123 2.239828 0.096509
v 4.776696 2.204930 0.096644
v 4.790561 2.161601 0.096908
v 4.802657 2.111887 0.097174
v 4.813221 2.056341 0.097338
v 4.727172 2.228323 0.091881
v 4.744205 2.217249 0.091595
v 4.760780 2.194042 0.091645
v 4.775878 2.161310 0.091976
v 4.789074 2.122141 0.092476
v 4.800357 2.078067 0.092955
v 4.810044 2.028747 0.093250
v 4.727172 2.171313 0.087166
v 4.744123 2.160982 0.087039
v 4.760391 2.140129 0.087319
v 4.775023 2.111418 0.087918
v 4.787620 2.077907 0.088696
v 4.798138 2.041010 0.089437
v 4.806877 1.999953 0.089930
v 4.727172 2.103336 0.082827
v 4.744047 2.095919 0.082934
v 4.760115 2.079296 0.083494
v 4.774463 2.055882 0.084388
v 4.786707 2.028580 0.085460
v 4.796656 1.999919 0.086521
v 4.804371 1.970912 0.087358
v 4.863086 1.420129 0.107590
v 4.860106 1.420129 0.102169
v 4.855186 1.420129 0.096907
v 4.848401 1.420129 0.091881
v 4.839849 1.420129 0.087166
v 4.829653 1.420129 0.082827
v 4.863086 1.530135 0.113090
v 4.862001 1.531743 0.107457
v 4.858810 1.532501 0.101875
v 4.853659 1.532833 0.096557
v 4.846772 1.532733 0.091603
v 4.838377 1.532524 0.087069
v 4.828641 1.532421 0.082970
v 4.860106 1.638561 0.113090
v 4.858829 1.643256 0.107401
v 4.855425 1.645087 0.101750
v 4.850139 1.644611 0.096456
v 4.843323 1.642697 0.091645
v 4.835278 1.640656 0.087348
v 4.826162 1.639434 0.083531
v 4.855186 1.743805 0.113090
v 4.853667 1.750236 0.107393
v 4.850127 1.751751 0.101773
v 4.844892 1.749052 0.096582
v 4.838393 1.743772 0.091961
v 4.830935 1.738461 0.087929
v 4.822604 1.735177 0.084407
v 4.848401 1.844312 0.113090
v 4.846740 1.850029 0.107413
v 4.843259 1.849043 0.101888
v 4.838349 1.842415 0.096855
v 4.832474 1.832421 0.092457
v 4.825862 1.822847 0.088696
v 4.818464 1.816940 0.085466
v 4.839849 1.938618 0.113090
v 4.838300 1.941161 0.107440
v 4.835172 1.935554 0.102017
v 4.830865 1.923581 0.097140
v 4.825839 1.908021 0.092941
v 4.820304 1.893190 0.089435
v 4.814146 1.883338 0.086522
v 4.829653 2.025387 0.113090
v 4.828540 2.023255 0.107465
v 4.826047 2.012054 0.102109
v 4.822535 1.994177 0.097327
v 4.818439 1.972728 0.093245
v 4.814140 1.951517 0.089929
v 4.809789 1.934788 0.087358
v 4.727172 1.530135 0.067786
v 4.727172 1.638561 0.068779
v 4.727172 1.743805 0.070419
v 4.727172 1.844312 0.072681
v 4.727172 1.938619 0.075531
v 4.727172 2.025387 0.078930
v 4.743673 1.420129 0.067786
v 4.743914 1.532807 0.068147
v 4.744028 1.644439 0.069211
v 4.744077 1.750806 0.070928
v 4.744062 1.849877 0.073224
v 4.744031 1.940559 0.076022
v 4.744016 2.022541 0.079267
v 4.759937 1.420129 0.068779
v 4.760641 1.533923 0.069205
v 4.760916 1.646944 0.070339
v 4.760844 1.752809 0.072101
v 4.760557 1.849044 0.074373
v 4.760251 1.934969 0.077055
v 4.760067 2.011313 0.080094
v 4.775723 1.420129 0.070419
v 4.776688 1.534082 0.070925
v 4.776915 1.646469 0.072105
v 4.776510 1.750290 0.073850
v 4.775718 1.842722 0.076017
v 4.774921 1.923364 0.078503
v 4.774429 1.993792 0.081280
v 4.790799 1.420129 0.072681
v 4.791657 1.533684 0.073234
v 4.791509 1.644184 0.074395
v 4.790515 1.744836 0.076031
v 4.789016 1.832808 0.077990
v 4.787580 1.908027 0.080194
v 4.786694 1.972610 0.082660
v 4.804945 1.420129 0.075531
v 4.805326 1.533142 0.076048
v 4.804485 1.641593 0.077090
v 4.802690 1.739136 0.078526
v 4.800356 1.823116 0.080202
v 4.798131 1.893236 0.082046
v 4.796653 1.951496 0.084099
v 4.817961 1.420129 0.078930
v 4.817641 1.532632 0.079301
v 4.815960 1.639749 0.080132
v 4.813279 1.735403 0.081303
v 4.810061 1.817031 0.082668
v 4.806880 1.883357 0.084101
v 4.804371 1.934788 0.085551
vn -0.0000 -0.0000 1.0000
vn 1.0000 -0.0000 -0.0000
vn -0.0000 1.0000 -0.0000
vn -1.0000 -0.0000 -0.0000
vn -0.0000 -0.0000 -1.0000
vn -0.2510 -0.6082 0.7530
vn -0.1092 -0.2571 0.9602
vn -0.0678 -0.1554 0.9855
vn -0.0492 -0.1087 0.9929
vn -0.0389 -0.0815 0.9959
vn -0.0325 -0.0633 0.9975
vn -0.0283 -0.0499 0.9984
vn -0.6059 -0.4881 0.6282
vn -0.3050 -0.2383 0.9221
vn -0.1956 -0.1478 0.9695
vn -0.1445 -0.1047 0.9839
vn -0.1157 -0.0794 0.9901
vn -0.0978 -0.0624 0.9932
vn -0.0861 -0.0498 0.9950
vn -0.7856 -0.3722 0.4943
vn -0.4662 -0.2140 0.8584
vn -0.3117 -0.1384 0.9400
vn -0.2338 -0.0999 0.9671
vn -0.1887 -0.0769 0.9790
vn -0.1605 -0.0612 0.9851
vn -0.1422 -0.0495 0.9886
vn -0.8729 -0.2868 0.3948
vn -0.5889 -0.1881 0.7860
vn -0.4119 -0.1279 0.9022
vn -0.3143 -0.0946 0.9446
vn -0.2558 -0.0740 0.9639
vn -0.2188 -0.0598 0.9739
vn -0.1950 -0.0490 0.9796
vn -0.9183 -0.2254 0.3255
vn -0.6779 -0.1629 0.7169
vn -0.4947 -0.1164 0.8612
vn -0.3842 -0.0885 0.9190
vn -0.3154 -0.0707 0.9463
vn -0.2710 -0.0582 0.9608
vn -0.2428 -0.0485 0.9689
vn -0.9438 -0.1796 0.2776
vn -0.7404 -0.1393 0.6575
vn -0.5600 -0.1042 0.8219
vn -0.4418 -0.0813 0.8934
vn -0.3657 -0.0664 0.9284
vn -0.3157 -0.0562 0.9472
vn -0.2839 -0.0479 0.9577
vn -0.0206 -0.0031 0.9998
vn -0.0621 -0.0032 0.9981
vn -0.1051 -0.0033 0.9945
vn -0.1505 -0.0034 0.9886
vn -0.1995 -0.0035 0.9799
vn -0.2539 -0.0037 0.9672
vn -0.3161 -0.0040 0.9487
vn -0.0214 -0.0093 0.9997
vn -0.0644 -0.0096 0.9979
vn -0.1087 -0.0099 0.9940
vn -0.1547 -0.0102 0.9879
vn -0.2034 -0.0107 0.9790
vn -0.2564 -0.0114 0.9665
vn -0.3159 -0.0123 0.9487
vn -0.0221 -0.0158 0.9996
vn -0.0667 -0.0163 0.9976
vn -0.1125 -0.0168 0.9935
vn -0.1592 -0.0173 0.9871
vn -0.2076 -0.0180 0.9781
vn -0.2590 -0.0190 0.9657
vn -0.3159 -0.0204 0.9486
vn -0.0229 -0.0228 0.9995
vn -0.0694 -0.0234 0.9973
vn -0.1168 -0.0240 0.9929
vn -0.1642 -0.0246 0.9861
vn -0.2121 -0.0253 0.9769
vn -0.2618 -0.0265 0.9648
vn -0.3159 -0.0283 0.9484
vn -0.0241 -0.0305 0.9992
vn -0.0731 -0.0311 0.9968
vn -0.1223 -0.0316 0.9920
vn -0.1705 -0.0321 0.9848
vn -0.2177 -0.0326 0.9755
vn -0.2651 -0.0336 0.9636
vn -0.3160 -0.0356 0.9481
vn -0.0257 -0.0394 0.9989
vn -0.0784 -0.0397 0.9961
vn -0.1302 -0.0399 0.9907
vn -0.1800 -0.0400 0.9829
vn -0.2266 -0.0402 0.9732
vn -0.2703 -0.0405 0.9619
vn -0.3159 -0.0421 0.9478
vn -0.9831 -0.0091 0.1826
vn -0.9818 -0.0275 0.1877
vn -0.9802 -0.0466 0.1925
vn -0.9777 -0.0670 0.1992
vn -0.9739 -0.0892 0.2089
vn -0.9680 -0.1144 0.2233
vn -0.9588 -0.1438 0.2449
vn -0.8730 -0.0084 0.4876
vn -0.8663 -0.0251 0.4990
vn -0.8583 -0.0422 0.5114
vn -0.8480 -0.0598 0.5267
vn -0.8337 -0.0780 0.5466
vn -0.8134 -0.0971 0.5736
vn -0.7837 -0.1174 0.6099
vn -0.7250 -0.0072 0.6887
vn -0.7140 -0.0215 0.6998
vn -0.7019 -0.0358 0.7114
vn -0.6878 -0.0499 0.7242
vn -0.6697 -0.0640 0.7398
vn -0.6447 -0.0778 0.7605
vn -0.6092 -0.0913 0.7877
vn -0.5897 -0.0061 0.8076
vn -0.5788 -0.0181 0.8152
vn -0.5675 -0.0300 0.8228
vn -0.5553 -0.0416 0.8306
vn -0.5400 -0.0528 0.8400
vn -0.5183 -0.0633 0.8529
vn -0.4864 -0.0729 0.8707
vn -0.4789 -0.0052 0.8779
vn -0.4711 -0.0155 0.8820
vn -0.4633 -0.0257 0.8858
vn -0.4552 -0.0355 0.8897
vn -0.4454 -0.0447 0.8942
vn -0.4302 -0.0533 0.9012
vn -0.4046 -0.0607 0.9125
vn -0.3895 -0.0045 0.9210
vn -0.3857 -0.0137 0.9225
vn -0.3821 -0.0226 0.9239
vn -0.3784 -0.0312 0.9251
vn -0.3741 -0.0392 0.9266
vn -0.3673 -0.0464 0.9289
vn -0.3505 -0.0526 0.9351
vn -0.3159 -0.0474 0.9476
vn -0.0206 0.0031 0.9998
vn -0.0212 0.0093 0.9997
vn -0.0218 0.0159 0.9996
vn -0.0226 0.0228 0.9995
vn -0.0238 0.0305 0.9993
vn -0.0256 0.0393 0.9989
vn -0.0283 0.0499 0.9984
vn -0.0619 0.0032 0.9981
vn -0.0639 0.0097 0.9979
vn -0.0660 0.0164 0.9977
vn -0.0688 0.0234 0.9974
vn -0.0726 0.0311 0.9969
vn -0.0781 0.0396 0.9962
vn -0.0860 0.0497 0.9951
vn -0.1050 0.0033 0.9945
vn -0.1083 0.0100 0.9941
vn -0.1119 0.0169 0.9936
vn -0.1162 0.0240 0.9929
vn -0.1218 0.0316 0.9921
vn -0.1299 0.0399 0.9907
vn -0.1420 0.0494 0.9886
vn -0.1504 0.0034 0.9886
vn -0.1546 0.0103 0.9879
vn -0.1590 0.0174 0.9871
vn -0.1639 0.0246 0.9862
vn -0.1702 0.0321 0.9849
vn -0.1797 0.0400 0.9829
vn -0.1948 0.0490 0.9796
vn -0.1996 0.0035 0.9799
vn -0.2037 0.0108 0.9790
vn -0.2078 0.0181 0.9780
vn -0.2121 0.0254 0.9769
vn -0.2176 0.0327 0.9755
vn -0.2265 0.0402 0.9732
vn -0.2428 0.0484 0.9689
vn -0.2541 0.0037 0.9672
vn -0.2568 0.0114 0.9664
vn -0.2594 0.0190 0.9656
vn -0.2620 0.0265 0.9647
vn -0.2652 0.0337 0.9636
vn -0.2703 0.0405 0.9619
vn -0.2839 0.0479 0.9577
vn -0.2510 0.6082 0.7530
vn -0.6094 0.4895 0.6237
vn -0.7888 0.3730 0.4885
vn -0.8747 0.2873 0.3903
vn -0.9192 0.2257 0.3227
vn -0.9440 0.1798 0.2765
vn -0.9588 0.1439 0.2450
vn -0.1106 0.2578 0.9599
vn -0.3092 0.2397 0.9203
vn -0.4710 0.2154 0.8554
vn -0.5924 0.1891 0.7831
vn -0.6798 0.1636 0.7149
vn -0.7411 0.1397 0.6567
vn -0.7834 0.1176 0.6103
vn -0.0689 0.1556 0.9854
vn -0.1982 0.1483 0.9689
vn -0.3146 0.1390 0.9390
vn -0.4141 0.1284 0.9011
vn -0.4960 0.1168 0.8604
vn -0.5604 0.1045 0.8216
vn -0.6088 0.0914 0.7880
vn -0.0499 0.1087 0.9928
vn -0.1459 0.1048 0.9837
vn -0.2353 0.1000 0.9668
vn -0.3153 0.0947 0.9443
vn -0.3847 0.0886 0.9188
vn -0.4419 0.0814 0.8934
vn -0.4862 0.0730 0.8708
vn -0.0392 0.0815 0.9959
vn -0.1163 0.0793 0.9900
vn -0.1893 0.0768 0.9789
vn -0.2562 0.0740 0.9638
vn -0.3155 0.0707 0.9463
vn -0.3657 0.0665 0.9283
vn -0.4046 0.0607 0.9125
vn -0.0326 0.0633 0.9975
vn -0.0980 0.0623 0.9932
vn -0.1606 0.0611 0.9851
vn -0.2188 0.0598 0.9739
vn -0.2710 0.0582 0.9608
vn -0.3157 0.0562 0.9472
vn -0.3505 0.0526 0.9351
vn -0.9831 0.0091 0.1826
vn -0.8724 0.0083 0.4887
vn -0.7244 0.0071 0.6893
vn -0.5895 0.0060 0.8077
vn -0.4790 0.0051 0.8778
vn -0.3898 0.0045 0.9209
vn -0.3163 0.0040 0.9486
vn -0.9815 0.0274 0.1895
vn -0.8646 0.0249 0.5018
vn -0.7126 0.0212 0.7012
vn -0.5785 0.0180 0.8155
vn -0.4715 0.0155 0.8817
vn -0.3863 0.0136 0.9223
vn -0.3165 0.0123 0.9485
vn -0.9797 0.0465 0.1952
vn -0.8562 0.0420 0.5150
vn -0.7001 0.0355 0.7132
vn -0.5670 0.0299 0.8231
vn -0.4636 0.0256 0.8856
vn -0.3827 0.0226 0.9236
vn -0.3165 0.0205 0.9484
vn -0.9771 0.0669 0.2018
vn -0.8459 0.0596 0.5301
vn -0.6859 0.0497 0.7260
vn -0.5546 0.0415 0.8311
vn -0.4553 0.0354 0.8896
vn -0.3787 0.0312 0.9250
vn -0.3163 0.0283 0.9482
vn -0.9734 0.0892 0.2109
vn -0.8320 0.0779 0.5492
vn -0.6681 0.0639 0.7413
vn -0.5393 0.0527 0.8405
vn -0.4452 0.0447 0.8943
vn -0.3742 0.0392 0.9265
vn -0.3161 0.0356 0.9481
vn -0.9678 0.1144 0.2243
vn -0.8123 0.0971 0.5751
vn -0.6436 0.0778 0.7614
vn -0.5177 0.0633 0.8532
vn -0.4301 0.0533 0.9012
vn -0.3673 0.0464 0.9289
vn -0.3160 0.0421 0.9478
vn -0.3159 0.0474 0.9476
vn -0.2510 -0.6082 -0.7530
vn -0.6094 -0.4895 -0.6237
vn -0.7888 -0.3730 -0.4885
vn -0.8747 -0.2873 -0.3903
vn -0.9192 -0.2257 -0.3227
vn -0.9440 -0.1798 -0.2765
vn -0.9588 -0.1439 -0.2450
vn -0.1106 -0.2578 -0.9599
vn -0.3092 -0.2397 -0.9203
vn -0.4710 -0.2154 -0.8554
vn -0.5924 -0.1891 -0.7831
vn -0.6798 -0.1636 -0.7149
vn -0.7411 -0.1397 -0.6567
vn -0.7834 -0.1176 -0.6103
vn -0.0689 -0.1556 -0.9854
vn -0.1982 -0.1483 -0.9689
vn -0.3146 -0.1390 -0.9390
vn -0.4141 -0.1284 -0.9011
vn -0.4960 -0.1168 -0.8604
vn -0.5604 -0.1045 -0.8216
vn -0.6088 -0.0914 -0.7880
vn -0.0499 -0.1087 -0.9928
vn -0.1459 -0.1048 -0.9837
vn -0.2353 -0.1000 -0.9668
vn -0.3153 -0.0947 -0.9443
vn -0.3847 -0.0886 -0.9188
vn -0.4419 -0.0814 -0.8934
vn -0.4862 -0.0730 -0.8708
vn -0.0392 -0.0815 -0.9959
vn -0.1163 -0.0793 -0.9900
vn -0.1893 -0.0768 -0.9789
vn -0.2562 -0.0740 -0.9638
vn -0.3155 -0.0707 -0.9463
vn -0.3657 -0.0665 -0.9283
vn -0.4046 -0.0607 -0.9125
vn -0.0326 -0.0633 -0.9975
vn -0.0980 -0.0623 -0.9932
vn -0.1606 -0.0611 -0.9851
vn -0.2188 -0.0598 -0.9739
vn -0.2710 -0.0582 -0.9608
vn -0.3157 -0.0562 -0.9472
vn -0.3505 -0.0526 -0.9351
vn -0.9831 -0.0091 -0.1826
vn -0.8724 -0.0083 -0.4887
vn -0.7244 -0.0071 -0.6893
vn -0.5895 -0.0060 -0.8077
vn -0.4790 -0.0051 -0.8778
vn -0.3898 -0.0045 -0.9209
vn -0.3163 -0.0040 -0.9486
vn -0.9815 -0.0274 -0.1895
vn -0.8646 -0.0249 -0.5018
vn -0.7126 -0.0212 -0.7012
vn -0.5785 -0.0180 -0.8155
vn -0.4715 -0.0155 -0.8817
vn -0.3863 -0.0136 -0.9223
vn -0.3165 -0.0123 -0.9485
vn -0.9797 -0.0465 -0.1952
vn -0.8562 -0.0420 -0.5150
vn -0.7001 -0.0355 -0.7132
vn -0.5670 -0.0299 -0.8231
vn -0.4636 -0.0256 -0.8856
vn -0.3827 -0.0226 -0.9236
vn -0.3165 -0.0205 -0.9484
vn -0.9771 -0.0669 -0.2018
vn -0.8459 -0.0596 -0.5301
vn -0.6859 -0.0497 -0.7260
vn -0.5546 -0.0415 -0.8311
vn -0.4553 -0.0354 -0.8896
vn -0.3787 -0.0312 -0.9250
vn -0.3163 -0.0283 -0.9483
vn -0.9734 -0.0892 -0.2109
vn -0.8320 -0.0779 -0.5492
vn -0.6681 -0.0639 -0.7413
vn -0.5393 -0.0527 -0.8405
vn -0.4452 -0.0447 -0.8943
vn -0.3742 -0.0392 -0.9265
vn -0.3161 -0.0356 -0.9481
vn -0.9678 -0.1144 -0.2243
vn -0.8123 -0.0971 -0.5751
vn -0.6436 -0.0778 -0.7614
vn -0.5177 -0.0633 -0.8532
vn -0.4301 -0.0533 -0.9012
vn -0.3673 -0.0464 -0.9289
vn -0.3160 -0.0421 -0.9478
vn -0.0206 -0.0031 -0.9998
vn -0.0212 -0.0093 -0.9997
vn -0.0218 -0.0159 -0.9996
vn -0.0226 -0.0228 -0.9995
vn -0.0238 -0.0305 -0.9993
vn -0.0256 -0.0393 -0.9989
vn -0.0283 -0.0499 -0.9984
vn -0.0619 -0.0032 -0.9981
vn -0.0639 -0.0097 -0.9979
vn -0.0660 -0.0164 -0.9977
vn -0.0688 -0.0234 -0.9974
vn -0.0726 -0.0311 -0.9969
vn -0.0781 -0.0396 -0.9962
vn -0.0860 -0.0497 -0.9951
vn -0.1050 -0.0033 -0.9945
vn -0.1082 -0.0100 -0.9941
vn -0.1119 -0.0169 -0.9936
vn -0.1162 -0.0240 -0.9929
vn -0.1218 -0.0316 -0.9921
vn -0.1299 -0.0399 -0.9907
vn -0.1420 -0.0494 -0.9886
vn -0.1504 -0.0034 -0.9886
vn -0.1546 -0.0103 -0.9879
vn -0.1590 -0.0174 -0.9871
vn -0.1639 -0.0246 -0.9862
vn -0.1702 -0.0321 -0.9849
vn -0.1797 -0.0400 -0.9829
vn -0.1949 -0.0490 -0.9796
vn -0.1996 -0.0035 -0.9799
vn -0.2037 -0.0108 -0.9790
vn -0.2078 -0.0181 -0.9780
vn -0.2121 -0.0254 -0.9769
vn -0.2176 -0.0327 -0.9755
vn -0.2265 -0.0402 -0.9732
vn -0.2428 -0.0484 -0.9689
vn -0.2541 -0.0037 -0.9672
vn -0.2568 -0.0114 -0.9664
vn -0.2594 -0.0190 -0.9656
vn -0.2620 -0.0265 -0.9647
vn -0.2652 -0.0337 -0.9636
vn -0.2703 -0.0405 -0.9619
vn -0.2839 -0.0479 -0.9577
vn -0.3159 -0.0474 -0.9476
vn -0.2510 0.6082 -0.7530
vn -0.1092 0.2571 -0.9602
vn -0.0678 0.1554 -0.9855
vn -0.0492 0.1087 -0.9929
vn -0.0389 0.0815 -0.9959
vn -0.0325 0.0633 -0.9975
vn -0.0283 0.0499 -0.9984
vn -0.6059 0.4881 -0.6282
vn -0.3050 0.2383 -0.9221
vn -0.1956 0.1478 -0.9695
vn -0.1445 0.1047 -0.9839
vn -0.1157 0.0794 -0.9901
vn -0.0978 0.0624 -0.9932
vn -0.0861 0.0498 -0.9950
vn -0.7856 0.3722 -0.4943
vn -0.4662 0.2140 -0.8584
vn -0.3117 0.1384 -0.9400
vn -0.2338 0.0999 -0.9671
vn -0.1887 0.0769 -0.9790
vn -0.1605 0.0612 -0.9851
vn -0.1422 0.0495 -0.9886
vn -0.8729 0.2868 -0.3948
vn -0.5889 0.1881 -0.7860
vn -0.4119 0.1279 -0.9022
vn -0.3143 0.0946 -0.9446
vn -0.2558 0.0740 -0.9639
vn -0.2188 0.0598 -0.9739
vn -0.1950 0.0490 -0.9796
vn -0.9183 0.2254 -0.3255
vn -0.6779 0.1629 -0.7169
vn -0.4947 0.1164 -0.8612
vn -0.3842 0.0885 -0.9190
vn -0.3154 0.0707 -0.9463
vn -0.2710 0.0582 -0.9608
vn -0.2428 0.0485 -0.9689
vn -0.9438 0.1796 -0.2776
vn -0.7404 0.1393 -0.6575
vn -0.5600 0.1042 -0.8219
vn -0.4418 0.0813 -0.8934
vn -0.3657 0.0664 -0.9284
vn -0.3157 0.0562 -0.9472
vn -0.2839 0.0479 -0.9577
vn -0.0206 0.0031 -0.9998
vn -0.0621 0.0032 -0.9981
vn -0.1051 0.0033 -0.9945
vn -0.1505 0.0034 -0.9886
vn -0.1995 0.0035 -0.9799
vn -0.2539 0.0037 -0.9672
vn -0.3161 0.0040 -0.9487
vn -0.0214 0.0093 -0.9997
vn -0.0644 0.0096 -0.9979
vn -0.1087 0.0099 -0.9940
vn -0.1547 0.0102 -0.9879
vn -0.2034 0.0107 -0.9790
vn -0.2564 0.0114 -0.9665
vn -0.3159 0.0123 -0.9487
vn -0.0221 0.0158 -0.9996
vn -0.0667 0.0163 -0.9976
vn -0.1125 0.0168 -0.9935
vn -0.1592 0.0173 -0.9871
vn -0.2076 0.0180 -0.9781
vn -0.2590 0.0190 -0.9657
vn -0.3159 0.0204 -0.9486
vn -0.0229 0.0228 -0.9995
vn -0.0694 0.0234 -0.9973
vn -0.1168 0.0240 -0.9929
vn -0.1642 0.0246 -0.9861
vn -0.2121 0.0253 -0.9769
vn -0.2618 0.0265 -0.9648
vn -0.3159 0.0283 -0.9484
vn -0.0241 0.0305 -0.9992
vn -0.0731 0.0311 -0.9968
vn -0.1223 0.0316 -0.9920
vn -0.1705 0.0321 -0.9848
vn -0.2177 0.0326 -0.9755
vn -0.2651 0.0336 -0.9636
vn -0.3160 0.0356 -0.9481
vn -0.0257 0.0394 -0.9989
vn -0.0784 0.0397 -0.9961
vn -0.1302 0.0399 -0.9907
vn -0.1800 0.0400 -0.9829
vn -0.2266 0.0402 -0.9732
vn -0.2703 0.0405 -0.9619
vn -0.3159 0.0421 -0.9478
vn -0.9831 0.0091 -0.1826
vn -0.9818 0.0275 -0.1877
vn -0.9802 0.0466 -0.1925
vn -0.9777 0.0670 -0.1992
vn -0.9739 0.0892 -0.2089
vn -0.9680 0.1144 -0.2233
vn -0.9588 0.1438 -0.2449
vn -0.8730 0.0084 -0.4876
vn -0.8663 0.0251 -0.4990
vn -0.8583 0.0422 -0.5114
vn -0.8480 0.0598 -0.5267
vn -0.8337 0.0780 -0.5466
vn -0.8134 0.0971 -0.5736
vn -0.7837 0.1174 -0.6099
vn -0.7250 0.0072 -0.6887
vn -0.7140 0.0215 -0.6998
vn -0.7019 0.0358 -0.7114
vn -0.6878 0.0499 -0.7242
vn -0.6697 0.0640 -0.7398
vn -0.6447 0.0778 -0.7605
vn -0.6092 0.0913 -0.7877
vn -0.5897 0.0061 -0.8076
vn -0.5788 0.0181 -0.8152
vn -0.5675 0.0300 -0.8228
vn -0.5553 0.0416 -0.8306
vn -0.5400 0.0528 -0.8400
vn -0.5183 0.0633 -0.8529
vn -0.4864 0.0729 -0.8707
vn -0.4789 0.0052 -0.8779
vn -0.4711 0.0155 -0.8820
vn -0.4633 0.0257 -0.8858
vn -0.4552 0.0355 -0.8897
vn -0.4454 0.0447 -0.8942
vn -0.4302 0.0533 -0.9012
vn -0.4046 0.0607 -0.9125
vn -0.3895 0.0045 -0.9210
vn -0.3857 0.0137 -0.9225
vn -0.3821 0.0226 -0.9239
vn -0.3784 0.0312 -0.9251
vn -0.3741 0.0392 -0.9266
vn -0.3673 0.0464 -0.9289
vn -0.3505 0.0526 -0.9351
vn -0.3159 0.0474 -0.9476
vn 0.2510 -0.6082 0.7530
vn 0.6094 -0.4895 0.6237
vn 0.7888 -0.3730 0.4885
vn 0.8747 -0.2873 0.3903
vn 0.9192 -0.2257 0.3227
vn 0.9440 -0.1798 0.2765
vn 0.9588 -0.1439 0.2450
vn 0.1106 -0.2578 0.9599
vn 0.3092 -0.2397 0.9203
vn 0.4710 -0.2154 0.8554
vn 0.5924 -0.1891 0.7831
vn 0.6798 -0.1636 0.7149
vn 0.7411 -0.1397 0.6567
vn 0.7834 -0.1176 0.6103
vn 0.0689 -0.1556 0.9854
vn 0.1982 -0.1483 0.9689
vn 0.3146 -0.1390 0.9390
vn 0.4141 -0.1284 0.9011
vn 0.4960 -0.1168 0.8604
vn 0.5604 -0.1045 0.8216
vn 0.6088 -0.0914 0.7880
vn 0.0499 -0.1087 0.9928
vn 0.1459 -0.1048 0.9837
vn 0.2353 -0.1000 0.9668
vn 0.3153 -0.0947 0.9443
vn 0.3847 -0.0886 0.9188
vn 0.4419 -0.0814 0.8934
vn 0.4862 -0.0730 0.8708
vn 0.0392 -0.0815 0.9959
vn 0.1163 -0.0793 0.9900
vn 0.1893 -0.0768 0.9789
vn 0.2562 -0.0740 0.9638
vn 0.3155 -0.0707 0.9463
vn 0.3657 -0.0665 0.9283
vn 0.4046 -0.0607 0.9125
vn 0.0326 -0.0633 0.9975
vn 0.0980 -0.0623 0.9932
vn 0.1606 -0.0611 0.9851
vn 0.2188 -0.0598 0.9739
vn 0.2710 -0.0582 0.9608
vn 0.3157 -0.0562 0.9472
vn 0.3505 -0.0526 0.9351
vn 0.9831 -0.0091 0.1826
vn 0.8724 -0.0083 0.4887
vn 0.7244 -0.0071 0.6893
vn 0.5895 -0.0060 0.8077
vn 0.4790 -0.0051 0.8778
vn 0.3898 -0.0045 0.9209
vn 0.3163 -0.0040 0.9486
vn 0.9815 -0.0274 0.1895
vn 0.8646 -0.0249 0.5018
vn 0.7126 -0.0212 0.7012
vn 0.5785 -0.0180 0.8155
vn 0.4715 -0.0155 0.8817
vn 0.3863 -0.0136 0.9223
vn 0.3165 -0.0123 0.9485
vn 0.9797 -0.0465 0.1952
vn 0.8562 -0.0420 0.5150
vn 0.7001 -0.0355 0.7132
vn 0.5670 -0.0299 0.8231
vn 0.4636 -0.0256 0.8856
vn 0.3827 -0.0226 0.9236
vn 0.3165 -0.0205 0.9484
vn 0.9771 -0.0669 0.2018
vn 0.8459 -0.0596 0.5301
vn 0.6859 -0.0497 0.7260
vn 0.5546 -0.0415 0.8311
vn 0.4553 -0.0354 0.8896
vn 0.3787 -0.0312 0.9250
vn 0.3163 -0.0283 0.9483
vn 0.9734 -0.0892 0.2109
vn 0.8320 -0.0779 0.5492
vn 0.6681 -0.0639 0.7413
vn 0.5393 -0.0527 0.8405
vn 0.4452 -0.0447 0.8943
vn 0.3742 -0.0392 0.9265
vn 0.3161 -0.0356 0.9481
vn 0.9678 -0.1144 0.2243
vn 0.8123 -0.0971 0.5751
vn 0.6436 -0.0778 0.7614
vn 0.5177 -0.0633 0.8532
vn 0.4301 -0.0533 0.9012
vn 0.3673 -0.0464 0.9289
vn 0.3160 -0.0421 0.9478
vn 0.0206 -0.0031 0.9998
vn 0.0212 -0.0093 0.9997
vn 0.0218 -0.0159 0.9996
vn 0.0226 -0.0228 0.9995
vn 0.0238 -0.0305 0.9993
vn 0.0256 -0.0393 0.9989
vn 0.0283 -0.0499 0.9984
vn 0.0619 -0.0032 0.9981
vn 0.0639 -0.0097 0.9979
vn 0.0660 -0.0164 0.9977
vn 0.0688 -0.0234 0.9974
vn 0.0726 -0.0311 0.9969
vn 0.0781 -0.0396 0.9962
vn 0.0860 -0.0497 0.9951
vn 0.1050 -0.0033 0.9945
vn 0.1082 -0.0100 0.9941
vn 0.1119 -0.0169 0.9936
vn 0.1162 -0.0240 0.9929
vn 0.1218 -0.0316 0.9921
vn 0.1299 -0.0399 0.9907
vn 0.1420 -0.0494 0.9886
vn 0.1504 -0.0034 0.9886
vn 0.1546 -0.0103 0.9879
vn 0.1590 -0.0174 0.9871
vn 0.1639 -0.0246 0.9862
vn 0.1702 -0.0321 0.9849
vn 0.1797 -0.0400 0.9829
vn 0.1949 -0.0490 0.9796
vn 0.1996 -0.0035 0.9799
vn 0.2037 -0.0108 0.9790
vn 0.2078 -0.0181 0.9780
vn 0.2121 -0.0254 0.9769
vn 0.2176 -0.0327 0.9755
vn 0.2265 -0.0402 0.9732
vn 0.2428 -0.0484 0.9689
vn 0.2541 -0.0037 0.9672
vn 0.2568 -0.0114 0.9664
vn 0.2594 -0.0190 0.9656
vn 0.2620 -0.0265 0.9647
vn 0.2652 -0.0337 0.9636
vn 0.2703 -0.0405 0.9619
vn 0.2839 -0.0479 0.9577
vn 0.3159 -0.0474 0.9476
vn 0.2510 0.6082 0.7530
vn 0.1092 0.2571 0.9602
vn 0.0678 0.1554 0.9855
vn 0.0492 0.1087 0.9929
vn 0.0389 0.0815 0.9959
vn 0.0325 0.0633 0.9975
vn 0.0283 0.0499 0.9984
vn 0.6059 0.4881 0.6282
vn 0.3050 0.2383 0.9221
vn 0.1956 0.1478 0.9695
vn 0.1445 0.1047 0.9839
vn 0.1157 0.0794 0.9901
vn 0.0978 0.0624 0.9932
vn 0.0861 0.0498 0.9950
vn 0.7856 0.3722 0.4943
vn 0.4662 0.2140 0.8584
vn 0.3117 0.1384 0.9400
vn 0.2338 0.0999 0.9671
vn 0.1887 0.0769 0.9790
vn 0.1605 0.0612 0.9851
vn 0.1422 0.0495 0.9886
vn 0.8729 0.2868 0.3948
vn 0.5889 0.1881 0.7860
vn 0.4119 0.1279 0.9022
vn 0.3143 0.0946 0.9446
vn 0.2558 0.0740 0.9639
vn 0.2188 0.0598 0.9739
vn 0.1950 0.0490 0.9796
vn 0.9183 0.2254 0.3255
vn 0.6779 0.1629 0.7169
vn 0.4947 0.1164 0.8612
vn 0.3842 0.0885 0.9190
vn 0.3154 0.0707 0.9463
vn 0.2710 0.0582 0.9608
vn 0.2428 0.0485 0.9689
vn 0.9438 0.1796 0.2776
vn 0.7404 0.1393 0.6575
vn 0.5600 0.1042 0.8219
vn 0.4418 0.0813 0.8934
vn 0.3657 0.0664 0.9284
vn 0.3157 0.0562 0.9472
vn 0.2839 0.0479 0.9577
vn 0.0206 0.0031 0.9998
vn 0.0621 0.0032 0.9981
vn 0.1051 0.0033 0.9945
vn 0.1505 0.0034 0.9886
vn 0.1995 0.0035 0.9799
vn 0.2539 0.0037 0.9672
vn 0.3161 0.0040 0.9487
vn 0.0214 0.0093 0.9997
vn 0.0644 0.0096 0.9979
vn 0.1087 0.0099 0.9940
vn 0.1547 0.0102 0.9879
vn 0.2034 0.0107 0.9790
vn 0.2564 0.0114 0.9665
vn 0.3159 0.0123 0.9487
vn 0.0221 0.0158 0.9996
vn 0.0667 0.0163 0.9976
vn 0.1125 0.0168 0.9935
vn 0.1592 0.0173 0.9871
vn 0.2076 0.0180 0.9781
vn 0.2590 0.0190 0.9657
vn 0.3159 0.0204 0.9486
vn 0.0229 0.0228 0.9995
vn 0.0694 0.0234 0.9973
vn 0.1168 0.0240 0.9929
vn 0.1642 0.0246 0.9861
vn 0.2121 0.0253 0.9769
vn 0.2618 0.0265 0.9648
vn 0.3159 0.0283 0.9484
vn 0.0241 0.0305 0.9992
vn 0.0731 0.0311 0.9968
vn 0.1223 0.0316 0.9920
vn 0.1705 0.0321 0.9848
vn 0.2177 0.0326 0.9755
vn 0.2651 0.0336 0.9636
vn 0.3160 0.0356 0.9481
vn 0.0257 0.0394 0.9989
vn 0.0784 0.0397 0.9961
vn 0.1302 0.0399 0.9907
vn 0.1800 0.0400 0.9829
vn 0.2266 0.0402 0.9732
vn 0.2703 0.0405 0.9619
vn 0.3159 0.0421 0.9478
vn 0.9831 0.0091 0.1826
vn 0.9818 0.0275 0.1877
vn 0.9802 0.0466 0.1925
vn 0.9777 0.0670 0.1992
vn 0.9739 0.0892 0.2089
vn 0.9680 0.1144 0.2233
vn 0.9588 0.1438 0.2449
vn 0.8730 0.0084 0.4876
vn 0.8663 0.0251 0.4990
vn 0.8583 0.0422 0.5114
vn 0.8480 0.0598 0.5267
vn 0.8337 0.0780 0.5466
vn 0.8134 0.0971 0.5736
vn 0.7837 0.1174 0.6099
vn 0.7250 0.0072 0.6887
vn 0.7140 0.0215 0.6998
vn 0.7019 0.0358 0.7114
vn 0.6878 0.0499 0.7242
vn 0.6697 0.0640 0.7398
vn 0.6447 0.0778 0.7605
vn 0.6092 0.0913 0.7877
vn 0.5897 0.0061 0.8076
vn 0.5788 0.0181 0.8152
vn 0.5675 0.0300 0.8228
vn 0.5553 0.0416 0.8306
vn 0.5400 0.0528 0.8400
vn 0.5183 0.0633 0.8529
vn 0.4864 0.0729 0.8707
vn 0.4789 0.0052 0.8779
vn 0.4711 0.0155 0.8820
vn 0.4633 0.0257 0.8858
vn 0.4552 0.0355 0.8897
vn 0.4454 0.0447 0.8942
vn 0.4302 0.0533 0.9012
vn 0.4046 0.0607 0.9125
vn 0.3895 0.0045 0.9210
vn 0.3857 0.0137 0.9225
vn 0.3821 0.0226 0.9239
vn 0.3784 0.0312 0.9251
vn 0.3741 0.0392 0.9266
vn 0.3673 0.0464 0.9289
vn 0.3505 0.0526 0.9351
vn 0.3159 0.0474 0.9476
vn 0.2510 -0.6082 -0.7530
vn 0.1092 -0.2571 -0.9602
vn 0.0678 -0.1554 -0.9855
vn 0.0492 -0.1087 -0.9929
vn 0.0389 -0.0815 -0.9959
vn 0.0325 -0.0633 -0.9975
vn 0.0283 -0.0499 -0.9984
vn 0.6059 -0.4881 -0.6282
vn 0.3050 -0.2383 -0.9221
vn 0.1956 -0.1478 -0.9695
vn 0.1445 -0.1047 -0.9839
vn 0.1157 -0.0794 -0.9901
vn 0.0978 -0.0624 -0.9932
vn 0.0861 -0.0498 -0.9950
vn 0.7856 -0.3722 -0.4943
vn 0.4662 -0.2140 -0.8584
vn 0.3117 -0.1384 -0.9400
vn 0.2338 -0.0999 -0.9671
vn 0.1887 -0.0769 -0.9790
vn 0.1605 -0.0612 -0.9851
vn 0.1422 -0.0495 -0.9886
vn 0.8729 -0.2868 -0.3948
vn 0.5889 -0.1881 -0.7860
vn 0.4119 -0.1279 -0.9022
vn 0.3143 -0.0946 -0.9446
vn 0.2558 -0.0740 -0.9639
vn 0.2188 -0.0598 -0.9739
vn 0.1950 -0.0490 -0.9796
vn 0.9183 -0.2254 -0.3255
vn 0.6779 -0.1629 -0.7169
vn 0.4947 -0.1164 -0.8612
vn 0.3842 -0.0885 -0.9190
vn 0.3154 -0.0707 -0.9463
vn 0.2710 -0.0582 -0.9608
vn 0.2428 -0.0485 -0.9689
vn 0.9438 -0.1796 -0.2776
vn 0.7404 -0.1393 -0.6575
vn 0.5600 -0.1042 -0.8219
vn 0.4418 -0.0813 -0.8934
vn 0.3657 -0.0664 -0.9284
vn 0.3157 -0.0562 -0.9472
vn 0.2839 -0.0479 -0.9577
vn 0.0206 -0.0031 -0.9998
vn 0.0621 -0.0032 -0.9981
vn 0.1051 -0.0033 -0.9945
vn 0.1505 -0.0034 -0.9886
vn 0.1995 -0.0035 -0.9799
vn 0.2539 -0.0037 -0.9672
vn 0.3161 -0.0040 -0.9487
vn 0.0214 -0.0093 -0.9997
vn 0.0644 -0.0096 -0.9979
vn 0.1087 -0.0099 -0.9940
vn 0.1547 -0.0102 -0.9879
vn 0.2034 -0.0107 -0.9790
vn 0.2564 -0.0114 -0.9665
vn 0.3159 -0.0123 -0.9487
vn 0.0221 -0.0158 -0.9996
vn 0.0667 -0.0163 -0.9976
vn 0.1125 -0.0168 -0.9935
vn 0.1592 -0.0173 -0.9871
vn 0.2076 -0.0180 -0.9781
vn 0.2590 -0.0190 -0.9657
vn 0.3159 -0.0204 -0.9486
vn 0.0229 -0.0228 -0.9995
vn 0.0694 -0.0234 -0.9973
vn 0.1168 -0.0240 -0.9929
vn 0.1642 -0.0246 -0.9861
vn 0.2121 -0.0253 -0.9769
vn 0.2618 -0.0265 -0.9648
vn 0.3159 -0.0283 -0.9484
vn 0.0241 -0.0305 -0.9992
vn 0.0731 -0.0311 -0.9968
vn 0.1223 -0.0316 -0.9920
vn 0.1705 -0.0321 -0.9848
vn 0.2177 -0.0326 -0.9755
vn 0.2651 -0.0336 -0.9636
vn 0.3160 -0.0356 -0.9481
vn 0.0257 -0.0394 -0.9989
vn 0.0784 -0.0397 -0.9961
vn 0.1302 -0.0399 -0.9907
vn 0.1800 -0.0400 -0.9829
vn 0.2266 -0.0402 -0.9732
vn 0.2703 -0.0405 -0.9619
vn 0.3159 -0.0421 -0.9478
vn 0.9831 -0.0091 -0.1826
vn 0.9818 -0.0275 -0.1877
vn 0.9802 -0.0466 -0.1925
vn 0.9777 -0.0670 -0.1992
vn 0.9739 -0.0892 -0.2089
vn 0.9680 -0.1144 -0.2233
vn 0.9588 -0.1438 -0.2449
vn 0.8730 -0.0084 -0.4876
vn 0.8663 -0.0251 -0.4990
vn 0.8583 -0.0422 -0.5114
vn 0.8480 -0.0598 -0.5267
vn 0.8337 -0.0780 -0.5466
vn 0.8134 -0.0971 -0.5736
vn 0.7837 -0.1174 -0.6099
vn 0.7250 -0.0072 -0.6887
vn 0.7140 -0.0215 -0.6998
vn 0.7019 -0.0358 -0.7114
vn 0.6878 -0.0499 -0.7242
vn 0.6697 -0.0640 -0.7398
vn 0.6447 -0.0778 -0.7605
vn 0.6092 -0.0913 -0.7877
vn 0.5897 -0.0061 -0.8076
vn 0.5788 -0.0181 -0.8152
vn 0.5675 -0.0300 -0.8228
vn 0.5553 -0.0416 -0.8306
vn 0.5400 -0.0528 -0.8400
vn 0.5183 -0.0633 -0.8529
vn 0.4864 -0.0729 -0.8707
vn 0.4789 -0.0052 -0.8779
vn 0.4711 -0.0155 -0.8820
vn 0.4633 -0.0257 -0.8858
vn 0.4552 -0.0355 -0.8897
vn 0.4454 -0.0447 -0.8942
vn 0.4302 -0.0533 -0.9012
vn 0.4046 -0.0607 -0.9125
vn 0.3895 -0.0045 -0.9210
vn 0.3857 -0.0137 -0.9225
vn 0.3821 -0.0226 -0.9239
vn 0.3784 -0.0312 -0.9251
vn 0.3741 -0.0392 -0.9266
vn 0.3673 -0.0464 -0.9289
vn 0.3505 -0.0526 -0.9351
vn 0.3159 -0.0474 -0.9476
vn 0.2510 0.6082 -0.7530
vn 0.6094 0.4895 -0.6237
vn 0.7888 0.3730 -0.4885
vn 0.8747 0.2873 -0.3903
vn 0.9192 0.2257 -0.3227
vn 0.9440 0.1798 -0.2765
vn 0.9588 0.1439 -0.2450
vn 0.1106 0.2578 -0.9599
vn 0.3092 0.2397 -0.9203
vn 0.4710 0.2154 -0.8554
vn 0.5924 0.1891 -0.7831
vn 0.6798 0.1636 -0.7149
vn 0.7411 0.1397 -0.6567
vn 0.7834 0.1176 -0.6103
vn 0.0689 0.1556 -0.9854
vn 0.1982 0.1483 -0.9689
vn 0.3146 0.1390 -0.9390
vn 0.4141 0.1284 -0.9011
vn 0.4960 0.1168 -0.8604
vn 0.5604 0.1045 -0.8216
vn 0.6088 0.0914 -0.7880
vn 0.0499 0.1087 -0.9928
vn 0.1459 0.1048 -0.9837
vn 0.2353 0.1000 -0.9668
vn 0.3153 0.0947 -0.9443
vn 0.3847 0.0886 -0.9188
vn 0.4419 0.0814 -0.8934
vn 0.4862 0.0730 -0.8708
vn 0.0392 0.0815 -0.9959
vn 0.1163 0.0793 -0.9900
vn 0.1893 0.0768 -0.9789
vn 0.2562 0.0740 -0.9638
vn 0.3155 0.0707 -0.9463
vn 0.3657 0.0665 -0.9283
vn 0.4046 0.0607 -0.9125
vn 0.0326 0.0633 -0.9975
vn 0.0980 0.0623 -0.9932
vn 0.1606 0.0611 -0.9851
vn 0.2188 0.0598 -0.9739
vn 0.2710 0.0582 -0.9608
vn 0.3157 0.0562 -0.9472
vn 0.3505 0.0526 -0.9351
vn 0.9831 0.0091 -0.1826
vn 0.8724 0.0083 -0.4887
vn 0.7244 0.0071 -0.6893
vn 0.5895 0.0060 -0.8077
vn 0.4790 0.0051 -0.8778
vn 0.3898 0.0045 -0.9209
vn 0.3163 0.0040 -0.9486
vn 0.9815 0.0274 -0.1895
vn 0.8646 0.0249 -0.5018
vn 0.7126 0.0212 -0.7012
vn 0.5785 0.0180 -0.8155
vn 0.4715 0.0155 -0.8817
vn 0.3863 0.0136 -0.9223
vn 0.3165 0.0123 -0.9485
vn 0.9797 0.0465 -0.1952
vn 0.8562 0.0420 -0.5150
vn 0.7001 0.0355 -0.7132
vn 0.5670 0.0299 -0.8231
vn 0.4636 0.0256 -0.8856
vn 0.3827 0.0226 -0.9236
vn 0.3165 0.0205 -0.9484
vn 0.9771 0.0669 -0.2018
vn 0.8459 0.0596 -0.5301
vn 0.6859 0.0497 -0.7260
vn 0.5546 0.0415 -0.8311
vn 0.4553 0.0354 -0.8896
vn 0.3787 0.0312 -0.9250
vn 0.3163 0.0283 -0.9483
vn 0.9734 0.0892 -0.2109
vn 0.8320 0.0779 -0.5492
vn 0.6681 0.0639 -0.7413
vn 0.5393 0.0527 -0.8405
vn 0.4452 0.0447 -0.8943
vn 0.3742 0.0392 -0.9265
vn 0.3161 0.0356 -0.9481
vn 0.9678 0.1144 -0.2243
vn 0.8123 0.0971 -0.5751
vn 0.6436 0.0778 -0.7614
vn 0.5177 0.0633 -0.8532
vn 0.4301 0.0533 -0.9012
vn 0.3673 0.0464 -0.9289
vn 0.3160 0.0421 -0.9478
vn 0.0206 0.0031 -0.9998
vn 0.0212 0.0093 -0.9997
vn 0.0218 0.0159 -0.9996
vn 0.0226 0.0228 -0.9995
vn 0.0238 0.0305 -0.9993
vn 0.0256 0.0393 -0.9989
vn 0.0283 0.0499 -0.9984
vn 0.0619 0.0032 -0.9981
vn 0.0639 0.0097 -0.9979
vn 0.0660 0.0164 -0.9977
vn 0.0688 0.0234 -0.9974
vn 0.0726 0.0311 -0.9969
vn 0.0781 0.0396 -0.9962
vn 0.0860 0.0497 -0.9951
vn 0.1050 0.0033 -0.9945
vn 0.1082 0.0100 -0.9941
vn 0.1119 0.0169 -0.9936
vn 0.1162 0.0240 -0.9929
vn 0.1218 0.0316 -0.9921
vn 0.1299 0.0399 -0.9907
vn 0.1420 0.0494 -0.9886
vn 0.1504 0.0034 -0.9886
vn 0.1546 0.0103 -0.9879
vn 0.1590 0.0174 -0.9871
vn 0.1639 0.0246 -0.9862
vn 0.1702 0.0321 -0.9849
vn 0.1797 0.0400 -0.9829
vn 0.1949 0.0490 -0.9796
vn 0.1996 0.0035 -0.9799
vn 0.2037 0.0108 -0.9790
vn 0.2078 0.0181 -0.9780
vn 0.2121 0.0254 -0.9769
vn 0.2176 0.0327 -0.9755
vn 0.2265 0.0402 -0.9732
vn 0.2428 0.0484 -0.9689
vn 0.2541 0.0037 -0.9672
vn 0.2568 0.0114 -0.9664
vn 0.2594 0.0190 -0.9656
vn 0.2620 0.0265 -0.9647
vn 0.2652 0.0337 -0.9636
vn 0.2703 0.0405 -0.9619
vn 0.2839 0.0479 -0.9577
vn 0.3159 0.0474 -0.9476
vn -0.3740 -0.9274 -0.0000
vn -0.7738 -0.6334 -0.0000
vn -0.9010 -0.4337 -0.0000
vn -0.9487 -0.3162 -0.0000
vn -0.9706 -0.2408 -0.0000
vn -0.9822 -0.1880 -0.0000
vn -0.9889 -0.1483 -0.0000
vn -0.9932 -0.1167 -0.0000
vn -0.9959 -0.0903 -0.0000
vn -0.9977 -0.0674 -0.0000
vn -0.9989 -0.0467 -0.0000
vn -0.9996 -0.0275 -0.0000
vn -1.0000 -0.0091 -0.0000
vn -0.0202 -0.0000 0.9998
vn -0.0610 -0.0000 0.9981
vn -0.1033 -0.0000 0.9946
vn -0.1484 -0.0000 0.9889
vn -0.1975 -0.0000 0.9803
vn -0.2527 -0.0000 0.9676
vn -0.3162 -0.0000 0.9487
vn -0.3915 -0.0000 0.9202
vn -0.4829 -0.0000 0.8757
vn -0.5952 -0.0000 0.8036
vn -0.7305 -0.0000 0.6829
vn -0.8763 -0.0000 0.4818
vn -0.9839 -0.0000 0.1785
vn -0.3739 0.9275 -0.0000
vn -0.7738 0.6334 -0.0000
vn -0.9010 0.4337 -0.0000
vn -0.9487 0.3162 -0.0000
vn -0.9706 0.2408 -0.0000
vn -0.9822 0.1880 -0.0000
vn -0.9889 0.1483 -0.0000
vn -0.9932 0.1167 -0.0000
vn -0.9959 0.0903 -0.0000
vn -0.9977 0.0674 -0.0000
vn -0.9989 0.0467 -0.0000
vn -0.9996 0.0275 -0.0000
vn -1.0000 0.0091 -0.0000
vn -0.0202 -0.0000 -0.9998
vn -0.0610 -0.0000 -0.9981
vn -0.1033 -0.0000 -0.9946
vn -0.1484 -0.0000 -0.9889
vn -0.1975 -0.0000 -0.9803
vn -0.2527 -0.0000 -0.9676
vn -0.3162 -0.0000 -0.9487
vn -0.3915 -0.0000 -0.9202
vn -0.4829 -0.0000 -0.8757
vn -0.5952 -0.0000 -0.8036
vn -0.7305 -0.0000 -0.6829
vn -0.8763 -0.0000 -0.4818
vn -0.9839 -0.0000 -0.1785
vn -0.0000 -0.6372 -0.7707
vn -0.0000 -0.2632 -0.9647
vn -0.0000 -0.1584 -0.9874
vn -0.0000 -0.1104 -0.9939
vn -0.0000 -0.0824 -0.9966
vn -0.0000 -0.0637 -0.9980
vn -0.0000 -0.0499 -0.9988
vn -0.0000 -0.0391 -0.9992
vn -0.0000 -0.0302 -0.9995
vn -0.0000 -0.0225 -0.9997
vn -0.0000 -0.0156 -0.9999
vn -0.0000 -0.0092 -1.0000
vn -0.0000 -0.0030 -1.0000
vn -0.0000 0.6372 -0.7707
vn -0.0000 0.2632 -0.9647
vn -0.0000 0.1584 -0.9874
vn -0.0000 0.1104 -0.9939
vn -0.0000 0.0824 -0.9966
vn -0.0000 0.0637 -0.9980
vn -0.0000 0.0499 -0.9988
vn -0.0000 0.0391 -0.9992
vn -0.0000 0.0302 -0.9995
vn -0.0000 0.0225 -0.9997
vn -0.0000 0.0156 -0.9999
vn -0.0000 0.0092 -1.0000
vn -0.0000 0.0030 -1.0000
vn 0.9839 -0.0000 -0.1785
vn 0.8763 -0.0000 -0.4818
vn 0.7305 -0.0000 -0.6829
vn 0.5952 -0.0000 -0.8036
vn 0.4829 -0.0000 -0.8757
vn 0.3915 -0.0000 -0.9202
vn 0.3162 -0.0000 -0.9487
vn 0.2527 -0.0000 -0.9676
vn 0.1975 -0.0000 -0.9803
vn 0.1484 -0.0000 -0.9889
vn 0.1033 -0.0000 -0.9946
vn 0.0610 -0.0000 -0.9981
vn 0.0202 -0.0000 -0.9998
vn 0.3740 -0.9274 -0.0000
vn 0.7738 -0.6334 -0.0000
vn 0.9010 -0.4337 -0.0000
vn 0.9487 -0.3162 -0.0000
vn 0.9706 -0.2408 -0.0000
vn 0.9822 -0.1880 -0.0000
vn 0.9889 -0.1483 -0.0000
vn 0.9932 -0.1167 -0.0000
vn 0.9959 -0.0903 -0.0000
vn 0.9977 -0.0674 -0.0000
vn 0.9989 -0.0467 -0.0000
vn 0.9996 -0.0275 -0.0000
vn 1.0000 -0.0091 -0.0000
vn 0.3740 0.9274 -0.0000
vn 0.7738 0.6334 -0.0000
vn 0.9010 0.4337 -0.0000
vn 0.9487 0.3162 -0.0000
vn 0.9706 0.2408 -0.0000
vn 0.9822 0.1880 -0.0000
vn 0.9889 0.1483 -0.0000
vn 0.9932 0.1167 -0.0000
vn 0.9959 0.0903 -0.0000
vn 0.9977 0.0674 -0.0000
vn 0.9989 0.0467 -0.0000
vn 0.9996 0.0275 -0.0000
vn 1.0000 0.0091 -0.0000
vn 0.0202 -0.0000 0.9998
vn 0.0610 -0.0000 0.9981
vn 0.1033 -0.0000 0.9946
vn 0.1484 -0.0000 0.9889
vn 0.1975 -0.0000 0.9803
vn 0.2527 -0.0000 0.9676
vn 0.3162 -0.0000 0.9487
vn 0.3915 -0.0000 0.9202
vn 0.4829 -0.0000 0.8757
vn 0.5952 -0.0000 0.8036
vn 0.7305 -0.0000 0.6829
vn 0.8763 -0.0000 0.4818
vn 0.9839 -0.0000 0.1785
vn -0.0000 -0.6372 0.7707
vn -0.0000 -0.2632 0.9647
vn -0.0000 -0.1584 0.9874
vn -0.0000 -0.1104 0.9939
vn -0.0000 -0.0824 0.9966
vn -0.0000 -0.0637 0.9980
vn -0.0000 -0.0499 0.9988
vn -0.0000 -0.0391 0.9992
vn -0.0000 -0.0302 0.9995
vn -0.0000 -0.0225 0.9997
vn -0.0000 -0.0156 0.9999
vn -0.0000 -0.0092 1.0000
vn -0.0000 -0.0030 1.0000
vn -0.0000 0.6372 0.7707
vn -0.0000 0.2632 0.9647
vn -0.0000 0.1584 0.9874
vn -0.0000 0.1104 0.9939
vn -0.0000 0.0824 0.9966
vn -0.0000 0.0637 0.9980
vn -0.0000 0.0499 0.9988
vn -0.0000 0.0391 0.9992
vn -0.0000 0.0302 0.9995
vn -0.0000 0.0225 0.9997
vn -0.0000 0.0156 0.9999
vn -0.0000 0.0092 1.0000
vn -0.0000 0.0030 1.0000
vn -0.0000 -1.0000 -0.0000
vt 0.401332 0.759181
vt 0.598668 0.759181
vt 0.598668 0.990819
vt 0.401332 0.990819
vt 0.401332 0.506117
vt 0.598668 0.506117
vt 0.598668 0.743883
vt 0.401332 0.743883
vt 0.634181 0.506117
vt 0.865819 0.506117
vt 0.865819 0.743883
vt 0.634181 0.743883
vt 0.401332 0.006117
vt 0.598668 0.006117
vt 0.598668 0.243883
vt 0.401332 0.243883
vt 0.401332 0.259181
vt 0.598668 0.259181
vt 0.598668 0.490819
vt 0.401332 0.490819
vt 0.134181 0.743883
vt 0.134181 0.744620
vt 0.133058 0.744638
vt 0.133074 0.743883
vt 0.134181 0.745347
vt 0.133051 0.745386
vt 0.134181 0.746052
vt 0.133047 0.746099
vt 0.134181 0.746726
vt 0.133048 0.746763
vt 0.134181 0.747358
vt 0.133050 0.747371
vt 0.134181 0.747939
vt 0.133051 0.747920
vt 0.134181 0.750000
vt 0.133049 0.750000
vt 0.131937 0.744645
vt 0.131984 0.743883
vt 0.131918 0.745403
vt 0.131923 0.746112
vt 0.131942 0.746757
vt 0.131963 0.747333
vt 0.131975 0.747845
vt 0.131972 0.750000
vt 0.130861 0.744646
vt 0.130925 0.743883
vt 0.130845 0.745400
vt 0.130872 0.746095
vt 0.130926 0.746715
vt 0.130979 0.747255
vt 0.131012 0.747727
vt 0.131010 0.750000
vt 0.129857 0.744644
vt 0.129914 0.743883
vt 0.129867 0.745384
vt 0.129933 0.746059
vt 0.130034 0.746648
vt 0.130130 0.747153
vt 0.130190 0.747585
vt 0.130189 0.750000
vt 0.128940 0.744640
vt 0.128966 0.743883
vt 0.128997 0.745367
vt 0.129117 0.746021
vt 0.129273 0.746583
vt 0.129423 0.747053
vt 0.129522 0.747444
vt 0.129522 0.750000
vt 0.128114 0.744637
vt 0.128093 0.743883
vt 0.128227 0.745355
vt 0.128407 0.745996
vt 0.128623 0.746543
vt 0.128836 0.746987
vt 0.129004 0.747332
vt 0.129004 0.750000
vt 0.401332 0.991926
vt 0.398112 0.991952
vt 0.398158 0.990819
vt 0.401332 0.993016
vt 0.398090 0.993075
vt 0.401332 0.994075
vt 0.398081 0.994145
vt 0.401332 0.995086
vt 0.398084 0.995142
vt 0.401332 0.996034
vt 0.398090 0.996054
vt 0.401332 1.000000
vt 0.398093 1.000000
vt 0.401332 0.000000
vt 0.401332 0.002061
vt 0.398086 0.002075
vt 0.398093 0.000000
vt 0.394895 0.991964
vt 0.395030 0.990819
vt 0.394842 0.993101
vt 0.394856 0.994165
vt 0.394911 0.995133
vt 0.394970 0.995998
vt 0.395005 1.000000
vt 0.394996 0.002150
vt 0.395005 0.000000
vt 0.391809 0.991965
vt 0.391994 0.990819
vt 0.391765 0.993096
vt 0.391843 0.994140
vt 0.391995 0.995070
vt 0.392148 0.995881
vt 0.392243 1.000000
vt 0.392237 0.002270
vt 0.392243 0.000000
vt 0.388930 0.991961
vt 0.389095 0.990819
vt 0.388958 0.993073
vt 0.389149 0.994085
vt 0.389438 0.994970
vt 0.389714 0.995727
vt 0.389884 1.000000
vt 0.389882 0.002414
vt 0.389884 0.000000
vt 0.386301 0.991956
vt 0.386374 0.990819
vt 0.386462 0.993047
vt 0.386808 0.994028
vt 0.387257 0.994873
vt 0.387685 0.995578
vt 0.387969 1.000000
vt 0.387968 0.002556
vt 0.387969 0.000000
vt 0.375000 0.991951
vt 0.375000 0.990819
vt 0.375000 0.993028
vt 0.375000 0.993990
vt 0.375000 0.994811
vt 0.375000 0.995479
vt 0.375000 0.995996
vt 0.375000 0.002668
vt 0.375000 0.000000
vt 0.398158 0.006117
vt 0.398081 0.005369
vt 0.401332 0.005380
vt 0.395030 0.006117
vt 0.394861 0.005364
vt 0.391994 0.006117
vt 0.391792 0.005362
vt 0.389095 0.006117
vt 0.388934 0.005363
vt 0.386374 0.006117
vt 0.386318 0.005364
vt 0.375000 0.006117
vt 0.375000 0.005365
vt 0.125000 0.743883
vt 0.125000 0.744635
vt 0.398049 0.004622
vt 0.401332 0.004653
vt 0.394789 0.004610
vt 0.391734 0.004613
vt 0.388958 0.004626
vt 0.386479 0.004639
vt 0.375000 0.004648
vt 0.125000 0.745352
vt 0.398045 0.003905
vt 0.401332 0.003948
vt 0.394802 0.003895
vt 0.391807 0.003913
vt 0.389141 0.003948
vt 0.386814 0.003984
vt 0.375000 0.004006
vt 0.125000 0.745994
vt 0.398056 0.003236
vt 0.401332 0.003274
vt 0.394868 0.003243
vt 0.391964 0.003287
vt 0.389427 0.003354
vt 0.387257 0.003418
vt 0.375000 0.003458
vt 0.125000 0.746542
vt 0.398072 0.002625
vt 0.401332 0.002642
vt 0.394943 0.002663
vt 0.392129 0.002743
vt 0.389706 0.002847
vt 0.387683 0.002947
vt 0.375000 0.003013
vt 0.125000 0.746987
vt 0.125000 0.747332
vt 0.601841 0.990819
vt 0.601919 0.991942
vt 0.598668 0.991926
vt 0.604970 0.990819
vt 0.605139 0.991949
vt 0.608006 0.990819
vt 0.608208 0.991953
vt 0.610905 0.990819
vt 0.611066 0.991952
vt 0.613626 0.990819
vt 0.613682 0.991949
vt 0.616129 0.990819
vt 0.616047 0.991949
vt 0.625000 0.990819
vt 0.625000 0.991951
vt 0.601951 0.993063
vt 0.598668 0.993016
vt 0.605211 0.993082
vt 0.608266 0.993077
vt 0.611042 0.993058
vt 0.613521 0.993037
vt 0.615723 0.993025
vt 0.625000 0.993028
vt 0.601955 0.994139
vt 0.598668 0.994075
vt 0.605198 0.994155
vt 0.608193 0.994128
vt 0.610859 0.994074
vt 0.613186 0.994021
vt 0.615218 0.993988
vt 0.625000 0.993990
vt 0.601944 0.995143
vt 0.598668 0.995086
vt 0.605132 0.995133
vt 0.608036 0.995067
vt 0.610573 0.994966
vt 0.612743 0.994870
vt 0.614607 0.994810
vt 0.625000 0.994811
vt 0.601928 0.996060
vt 0.598668 0.996034
vt 0.605057 0.996004
vt 0.607871 0.995883
vt 0.610294 0.995726
vt 0.612317 0.995577
vt 0.613997 0.995478
vt 0.625000 0.995478
vt 0.601914 1.000000
vt 0.598668 1.000000
vt 0.605004 1.000000
vt 0.607763 1.000000
vt 0.610118 1.000000
vt 0.612032 1.000000
vt 0.613515 1.000000
vt 0.625000 1.000000
vt 0.866926 0.743883
vt 0.866952 0.744631
vt 0.865819 0.744620
vt 0.868016 0.743883
vt 0.868075 0.744636
vt 0.869075 0.743883
vt 0.869145 0.744638
vt 0.870086 0.743883
vt 0.870142 0.744637
vt 0.871034 0.743883
vt 0.871054 0.744636
vt 0.875000 0.743883
vt 0.875000 0.744635
vt 0.625000 0.006117
vt 0.616129 0.006117
vt 0.616068 0.005363
vt 0.625000 0.005365
vt 0.866964 0.745378
vt 0.865819 0.745347
vt 0.868100 0.745390
vt 0.869165 0.745387
vt 0.870133 0.745374
vt 0.870998 0.745361
vt 0.875000 0.745352
vt 0.615744 0.004645
vt 0.625000 0.004648
vt 0.866965 0.746095
vt 0.865819 0.746052
vt 0.868096 0.746105
vt 0.869140 0.746087
vt 0.870070 0.746052
vt 0.870881 0.746016
vt 0.875000 0.745994
vt 0.615229 0.004004
vt 0.625000 0.004006
vt 0.866961 0.746764
vt 0.865819 0.746726
vt 0.868073 0.746757
vt 0.869085 0.746713
vt 0.869970 0.746646
vt 0.870727 0.746582
vt 0.875000 0.746542
vt 0.614610 0.003457
vt 0.625000 0.003458
vt 0.866956 0.747375
vt 0.865819 0.747358
vt 0.868047 0.747337
vt 0.869028 0.747257
vt 0.869873 0.747153
vt 0.870578 0.747053
vt 0.875000 0.746987
vt 0.613998 0.003013
vt 0.625000 0.003013
vt 0.866951 0.750000
vt 0.865819 0.750000
vt 0.868028 0.750000
vt 0.868990 0.750000
vt 0.869811 0.750000
vt 0.870478 0.750000
vt 0.875000 0.747332
vt 0.613515 0.002668
vt 0.625000 0.002668
vt 0.598668 0.005380
vt 0.601888 0.005362
vt 0.601842 0.006117
vt 0.598668 0.004653
vt 0.601910 0.004614
vt 0.598668 0.003948
vt 0.601919 0.003901
vt 0.598668 0.003274
vt 0.601916 0.003237
vt 0.598668 0.002642
vt 0.601910 0.002629
vt 0.598668 0.002061
vt 0.601908 0.002080
vt 0.598668 0.000000
vt 0.601914 0.000000
vt 0.605105 0.005355
vt 0.604970 0.006117
vt 0.605158 0.004597
vt 0.605144 0.003888
vt 0.605089 0.003243
vt 0.605030 0.002667
vt 0.604995 0.002155
vt 0.605004 0.000000
vt 0.608191 0.005354
vt 0.608006 0.006117
vt 0.608235 0.004600
vt 0.608157 0.003905
vt 0.608005 0.003285
vt 0.607852 0.002745
vt 0.607757 0.002273
vt 0.607763 0.000000
vt 0.611070 0.005356
vt 0.610905 0.006117
vt 0.611042 0.004616
vt 0.610851 0.003941
vt 0.610562 0.003352
vt 0.610286 0.002847
vt 0.610116 0.002415
vt 0.610118 0.000000
vt 0.613699 0.005360
vt 0.613626 0.006117
vt 0.613538 0.004633
vt 0.613192 0.003979
vt 0.612743 0.003416
vt 0.612315 0.002947
vt 0.612031 0.002556
vt 0.612032 0.000000
vt 0.613515 0.000000
vt 0.134181 0.506117
vt 0.133074 0.506117
vt 0.133048 0.505369
vt 0.134181 0.505380
vt 0.131984 0.506117
vt 0.131925 0.505364
vt 0.130925 0.506117
vt 0.130855 0.505362
vt 0.129914 0.506117
vt 0.129858 0.505363
vt 0.128966 0.506117
vt 0.128946 0.505364
vt 0.128093 0.506117
vt 0.128122 0.505365
vt 0.125000 0.506117
vt 0.125000 0.505363
vt 0.133036 0.504622
vt 0.134181 0.504653
vt 0.131900 0.504610
vt 0.130835 0.504613
vt 0.129867 0.504626
vt 0.129002 0.504639
vt 0.128234 0.504647
vt 0.125000 0.504645
vt 0.133035 0.503905
vt 0.134181 0.503948
vt 0.131904 0.503895
vt 0.130860 0.503913
vt 0.129930 0.503948
vt 0.129119 0.503984
vt 0.128411 0.504006
vt 0.125000 0.504004
vt 0.133039 0.503236
vt 0.134181 0.503274
vt 0.131927 0.503243
vt 0.130915 0.503287
vt 0.130030 0.503354
vt 0.129273 0.503418
vt 0.128624 0.503458
vt 0.125000 0.503457
vt 0.133044 0.502625
vt 0.134181 0.502642
vt 0.131953 0.502663
vt 0.130972 0.502743
vt 0.130127 0.502847
vt 0.129422 0.502947
vt 0.128836 0.503013
vt 0.125000 0.503013
vt 0.133049 0.502075
vt 0.134181 0.502061
vt 0.131972 0.502150
vt 0.131010 0.502270
vt 0.130189 0.502414
vt 0.129522 0.502556
vt 0.129004 0.502668
vt 0.125000 0.502668
vt 0.401332 0.244620
vt 0.398112 0.244638
vt 0.398158 0.243883
vt 0.401332 0.245347
vt 0.398090 0.245386
vt 0.401332 0.246052
vt 0.398081 0.246099
vt 0.401332 0.246726
vt 0.398084 0.246763
vt 0.401332 0.247358
vt 0.398090 0.247371
vt 0.401332 0.247939
vt 0.398093 0.247920
vt 0.401332 0.253093
vt 0.398086 0.253114
vt 0.394895 0.244645
vt 0.395030 0.243883
vt 0.394842 0.245403
vt 0.394856 0.246112
vt 0.394911 0.246757
vt 0.394970 0.247333
vt 0.395005 0.247845
vt 0.394996 0.253227
vt 0.391809 0.244646
vt 0.391994 0.243883
vt 0.391765 0.245400
vt 0.391843 0.246095
vt 0.391995 0.246715
vt 0.392148 0.247255
vt 0.392243 0.247727
vt 0.392237 0.253407
vt 0.388930 0.244644
vt 0.389095 0.243883
vt 0.388958 0.245384
vt 0.389149 0.246059
vt 0.389438 0.246648
vt 0.389714 0.247153
vt 0.389884 0.247585
vt 0.389882 0.253623
vt 0.386301 0.244640
vt 0.386374 0.243883
vt 0.386462 0.245367
vt 0.386808 0.246021
vt 0.387257 0.246584
vt 0.387685 0.247053
vt 0.387969 0.247444
vt 0.387968 0.253836
vt 0.375000 0.244637
vt 0.375000 0.243883
vt 0.375000 0.245355
vt 0.375000 0.245996
vt 0.375000 0.246543
vt 0.375000 0.246987
vt 0.375000 0.247332
vt 0.375000 0.254004
vt 0.398158 0.259181
vt 0.398081 0.258058
vt 0.401332 0.258074
vt 0.395030 0.259181
vt 0.394861 0.258051
vt 0.391994 0.259181
vt 0.391792 0.258047
vt 0.389095 0.259181
vt 0.388934 0.258048
vt 0.386374 0.259181
vt 0.386318 0.258050
vt 0.375000 0.259181
vt 0.375000 0.258051
vt 0.134181 0.500000
vt 0.133051 0.500000
vt 0.398049 0.256937
vt 0.401332 0.256984
vt 0.394789 0.256918
vt 0.391734 0.256923
vt 0.388958 0.256942
vt 0.386479 0.256963
vt 0.375000 0.256975
vt 0.131975 0.500000
vt 0.398045 0.255861
vt 0.401332 0.255925
vt 0.394802 0.255845
vt 0.391807 0.255872
vt 0.389141 0.255926
vt 0.386814 0.255979
vt 0.375000 0.256012
vt 0.131012 0.500000
vt 0.398056 0.254857
vt 0.401332 0.254914
vt 0.394868 0.254867
vt 0.391964 0.254933
vt 0.389427 0.255034
vt 0.387257 0.255130
vt 0.375000 0.255190
vt 0.130190 0.500000
vt 0.398072 0.253940
vt 0.401332 0.253966
vt 0.394943 0.253997
vt 0.392129 0.254117
vt 0.389706 0.254273
vt 0.387683 0.254423
vt 0.375000 0.254522
vt 0.129522 0.500000
vt 0.129004 0.500000
vt 0.865819 0.505380
vt 0.866942 0.505362
vt 0.866926 0.506117
vt 0.865819 0.504653
vt 0.866949 0.504614
vt 0.865819 0.503948
vt 0.866953 0.503901
vt 0.865819 0.503274
vt 0.866952 0.503237
vt 0.865819 0.502642
vt 0.866950 0.502629
vt 0.865819 0.500000
vt 0.866948 0.500000
vt 0.625000 0.259181
vt 0.616129 0.259181
vt 0.616068 0.258049
vt 0.625000 0.258051
vt 0.868063 0.505355
vt 0.868016 0.506117
vt 0.868082 0.504597
vt 0.868077 0.503888
vt 0.868058 0.503243
vt 0.868037 0.502667
vt 0.868025 0.500000
vt 0.615745 0.256972
vt 0.625000 0.256975
vt 0.869139 0.505354
vt 0.869075 0.506117
vt 0.869155 0.504600
vt 0.869128 0.503905
vt 0.869075 0.503285
vt 0.869021 0.502745
vt 0.868988 0.500000
vt 0.615229 0.256010
vt 0.625000 0.256012
vt 0.870143 0.505356
vt 0.870086 0.506117
vt 0.870133 0.504616
vt 0.870067 0.503941
vt 0.869966 0.503352
vt 0.869870 0.502847
vt 0.869810 0.500000
vt 0.614610 0.255189
vt 0.625000 0.255190
vt 0.871060 0.505360
vt 0.871034 0.506117
vt 0.871004 0.504633
vt 0.870883 0.503979
vt 0.870727 0.503416
vt 0.870577 0.502947
vt 0.870478 0.500000
vt 0.613998 0.254522
vt 0.625000 0.254522
vt 0.875000 0.505363
vt 0.875000 0.506117
vt 0.875000 0.504645
vt 0.875000 0.504004
vt 0.875000 0.503457
vt 0.875000 0.503013
vt 0.875000 0.502668
vt 0.613515 0.254004
vt 0.625000 0.250000
vt 0.598668 0.258074
vt 0.601888 0.258048
vt 0.601841 0.259181
vt 0.598668 0.256984
vt 0.601910 0.256925
vt 0.598668 0.255925
vt 0.601919 0.255855
vt 0.598668 0.254914
vt 0.601916 0.254858
vt 0.598668 0.253966
vt 0.601910 0.253946
vt 0.598668 0.253093
vt 0.601907 0.253122
vt 0.598668 0.247939
vt 0.601914 0.247925
vt 0.605105 0.258036
vt 0.604969 0.259181
vt 0.605158 0.256900
vt 0.605144 0.255835
vt 0.605089 0.254867
vt 0.605030 0.254002
vt 0.604995 0.253234
vt 0.605004 0.247850
vt 0.608191 0.258035
vt 0.608006 0.259181
vt 0.608235 0.256904
vt 0.608157 0.255860
vt 0.608005 0.254930
vt 0.607852 0.254119
vt 0.607757 0.253411
vt 0.607763 0.247730
vt 0.611070 0.258039
vt 0.610905 0.259181
vt 0.611042 0.256927
vt 0.610851 0.255915
vt 0.610562 0.255030
vt 0.610286 0.254273
vt 0.610116 0.253624
vt 0.610118 0.247586
vt 0.613699 0.258044
vt 0.613626 0.259181
vt 0.613538 0.256953
vt 0.613192 0.255972
vt 0.612743 0.255127
vt 0.612315 0.254422
vt 0.612031 0.253836
vt 0.612032 0.247444
vt 0.613515 0.247332
vt 0.601842 0.243883
vt 0.601919 0.244631
vt 0.598668 0.244620
vt 0.604970 0.243883
vt 0.605139 0.244636
vt 0.608006 0.243883
vt 0.608208 0.244638
vt 0.610905 0.243883
vt 0.611066 0.244637
vt 0.613626 0.243883
vt 0.613682 0.244636
vt 0.616129 0.243883
vt 0.616047 0.244635
vt 0.625000 0.243883
vt 0.625000 0.244637
vt 0.601951 0.245378
vt 0.598668 0.245347
vt 0.605211 0.245390
vt 0.608266 0.245387
vt 0.611042 0.245374
vt 0.613521 0.245361
vt 0.615723 0.245352
vt 0.625000 0.245355
vt 0.601955 0.246095
vt 0.598668 0.246052
vt 0.605198 0.246105
vt 0.608193 0.246087
vt 0.610859 0.246052
vt 0.613186 0.246016
vt 0.615218 0.245994
vt 0.625000 0.245996
vt 0.601944 0.246764
vt 0.598668 0.246726
vt 0.605132 0.246757
vt 0.608036 0.246713
vt 0.610573 0.246646
vt 0.612743 0.246582
vt 0.614607 0.246542
vt 0.625000 0.246543
vt 0.601928 0.247375
vt 0.598668 0.247358
vt 0.605057 0.247337
vt 0.607871 0.247257
vt 0.610294 0.247153
vt 0.612317 0.247053
vt 0.613998 0.246987
vt 0.625000 0.246987
vt 0.625000 0.247332
vt 0.613515 0.247574
vt 0.365819 0.743883
vt 0.366926 0.743883
vt 0.366952 0.744631
vt 0.365819 0.744620
vt 0.368016 0.743883
vt 0.368075 0.744636
vt 0.369075 0.743883
vt 0.369145 0.744638
vt 0.370086 0.743883
vt 0.370142 0.744637
vt 0.371034 0.743883
vt 0.371054 0.744636
vt 0.371907 0.743883
vt 0.371878 0.744635
vt 0.383871 0.743883
vt 0.383932 0.744637
vt 0.366964 0.745378
vt 0.365819 0.745347
vt 0.368100 0.745390
vt 0.369165 0.745387
vt 0.370133 0.745374
vt 0.370998 0.745361
vt 0.371766 0.745353
vt 0.384255 0.745355
vt 0.366965 0.746095
vt 0.365819 0.746052
vt 0.368096 0.746105
vt 0.369140 0.746087
vt 0.370070 0.746052
vt 0.370881 0.746016
vt 0.371589 0.745994
vt 0.384771 0.745996
vt 0.366961 0.746764
vt 0.365819 0.746726
vt 0.368073 0.746757
vt 0.369085 0.746713
vt 0.369970 0.746646
vt 0.370727 0.746582
vt 0.371376 0.746542
vt 0.385390 0.746543
vt 0.366956 0.747375
vt 0.365819 0.747358
vt 0.368047 0.747337
vt 0.369028 0.747257
vt 0.369873 0.747153
vt 0.370578 0.747053
vt 0.371164 0.746987
vt 0.386002 0.746987
vt 0.366951 0.747925
vt 0.365819 0.747939
vt 0.368028 0.747850
vt 0.368990 0.747730
vt 0.369811 0.747586
vt 0.370478 0.747444
vt 0.370996 0.747332
vt 0.386485 0.747332
vt 0.401332 0.744620
vt 0.398112 0.744638
vt 0.398158 0.743883
vt 0.401332 0.745347
vt 0.398090 0.745386
vt 0.401332 0.746052
vt 0.398081 0.746099
vt 0.401332 0.746726
vt 0.398084 0.746763
vt 0.401332 0.747358
vt 0.398090 0.747371
vt 0.401332 0.747939
vt 0.398093 0.747920
vt 0.401332 0.753093
vt 0.398086 0.753114
vt 0.394895 0.744645
vt 0.395030 0.743883
vt 0.394842 0.745403
vt 0.394856 0.746112
vt 0.394911 0.746757
vt 0.394970 0.747333
vt 0.395005 0.747845
vt 0.394996 0.753227
vt 0.391809 0.744646
vt 0.391994 0.743883
vt 0.391765 0.745400
vt 0.391843 0.746095
vt 0.391995 0.746715
vt 0.392148 0.747255
vt 0.392243 0.747727
vt 0.392237 0.753407
vt 0.388930 0.744644
vt 0.389095 0.743883
vt 0.388958 0.745384
vt 0.389149 0.746059
vt 0.389438 0.746648
vt 0.389714 0.747153
vt 0.389884 0.747585
vt 0.389882 0.753623
vt 0.386301 0.744640
vt 0.386374 0.743883
vt 0.386462 0.745367
vt 0.386808 0.746021
vt 0.387257 0.746584
vt 0.387685 0.747054
vt 0.387969 0.747444
vt 0.387968 0.753836
vt 0.375000 0.754004
vt 0.398158 0.759181
vt 0.398081 0.758058
vt 0.401332 0.758074
vt 0.395030 0.759181
vt 0.394861 0.758051
vt 0.391994 0.759181
vt 0.391792 0.758047
vt 0.389095 0.759181
vt 0.388934 0.758048
vt 0.386374 0.759181
vt 0.386318 0.758050
vt 0.375000 0.759181
vt 0.375000 0.758051
vt 0.365819 0.750000
vt 0.366949 0.750000
vt 0.398049 0.756936
vt 0.401332 0.756984
vt 0.394789 0.756918
vt 0.391734 0.756923
vt 0.388958 0.756942
vt 0.386479 0.756963
vt 0.375000 0.756975
vt 0.368025 0.750000
vt 0.398045 0.755861
vt 0.401332 0.755925
vt 0.394802 0.755845
vt 0.391807 0.755872
vt 0.389141 0.755926
vt 0.386814 0.755979
vt 0.375000 0.756012
vt 0.368988 0.750000
vt 0.398056 0.754857
vt 0.401332 0.754914
vt 0.394868 0.754867
vt 0.391964 0.754933
vt 0.389427 0.755034
vt 0.387257 0.755130
vt 0.375000 0.755190
vt 0.369810 0.750000
vt 0.398072 0.753940
vt 0.401332 0.753966
vt 0.394943 0.753997
vt 0.392129 0.754117
vt 0.389706 0.754273
vt 0.387683 0.754423
vt 0.375000 0.754522
vt 0.370478 0.750000
vt 0.370996 0.750000
vt 0.371359 0.747332
vt 0.634181 0.744620
vt 0.633058 0.744638
vt 0.633074 0.743883
vt 0.634181 0.745347
vt 0.633051 0.745386
vt 0.634181 0.746052
vt 0.633047 0.746099
vt 0.634181 0.746726
vt 0.633048 0.746763
vt 0.634181 0.747358
vt 0.633050 0.747371
vt 0.634181 0.750000
vt 0.633052 0.750000
vt 0.625000 0.759181
vt 0.616129 0.759181
vt 0.616068 0.758049
vt 0.625000 0.758051
vt 0.631937 0.744645
vt 0.631984 0.743883
vt 0.631918 0.745403
vt 0.631923 0.746112
vt 0.631942 0.746757
vt 0.631963 0.747333
vt 0.631975 0.750000
vt 0.615745 0.756972
vt 0.625000 0.756975
vt 0.630861 0.744646
vt 0.630925 0.743883
vt 0.630845 0.745400
vt 0.630872 0.746095
vt 0.630926 0.746715
vt 0.630979 0.747255
vt 0.631012 0.750000
vt 0.615229 0.756010
vt 0.625000 0.756012
vt 0.629857 0.744644
vt 0.629914 0.743883
vt 0.629867 0.745384
vt 0.629933 0.746059
vt 0.630034 0.746648
vt 0.630130 0.747153
vt 0.630190 0.750000
vt 0.614610 0.755189
vt 0.625000 0.755190
vt 0.628940 0.744640
vt 0.628966 0.743883
vt 0.628997 0.745367
vt 0.629117 0.746021
vt 0.629273 0.746583
vt 0.629423 0.747053
vt 0.629522 0.750000
vt 0.613998 0.754521
vt 0.625000 0.754522
vt 0.628114 0.744637
vt 0.628093 0.743883
vt 0.628227 0.745355
vt 0.628407 0.745996
vt 0.628623 0.746543
vt 0.628836 0.746987
vt 0.629004 0.750000
vt 0.613515 0.754004
vt 0.625000 0.754004
vt 0.598668 0.758074
vt 0.601888 0.758048
vt 0.601841 0.759181
vt 0.598668 0.756984
vt 0.601910 0.756925
vt 0.598668 0.755925
vt 0.601919 0.755855
vt 0.598668 0.754914
vt 0.601916 0.754858
vt 0.598668 0.753966
vt 0.601910 0.753946
vt 0.598668 0.753093
vt 0.601907 0.753122
vt 0.598668 0.747939
vt 0.601914 0.747925
vt 0.605105 0.758036
vt 0.604969 0.759181
vt 0.605158 0.756899
vt 0.605144 0.755835
vt 0.605089 0.754867
vt 0.605030 0.754002
vt 0.604995 0.753235
vt 0.605004 0.747850
vt 0.608191 0.758035
vt 0.608006 0.759181
vt 0.608235 0.756904
vt 0.608157 0.755860
vt 0.608005 0.754930
vt 0.607852 0.754119
vt 0.607757 0.753411
vt 0.607763 0.747730
vt 0.611070 0.758039
vt 0.610905 0.759181
vt 0.611042 0.756927
vt 0.610851 0.755915
vt 0.610562 0.755030
vt 0.610286 0.754273
vt 0.610116 0.753624
vt 0.610118 0.747586
vt 0.613699 0.758044
vt 0.613626 0.759181
vt 0.613538 0.756953
vt 0.613192 0.755972
vt 0.612743 0.755127
vt 0.612315 0.754422
vt 0.612031 0.753836
vt 0.612032 0.747444
vt 0.613515 0.747332
vt 0.601842 0.743883
vt 0.601919 0.744631
vt 0.598668 0.744620
vt 0.604970 0.743883
vt 0.605139 0.744636
vt 0.608006 0.743883
vt 0.608208 0.744638
vt 0.610905 0.743883
vt 0.611066 0.744637
vt 0.613626 0.743883
vt 0.613682 0.744636
vt 0.616129 0.743883
vt 0.616047 0.744635
vt 0.601951 0.745378
vt 0.598668 0.745347
vt 0.605211 0.745390
vt 0.608266 0.745387
vt 0.611042 0.745374
vt 0.613521 0.745361
vt 0.615723 0.745353
vt 0.601955 0.746095
vt 0.598668 0.746052
vt 0.605198 0.746105
vt 0.608193 0.746087
vt 0.610859 0.746052
vt 0.613186 0.746016
vt 0.615218 0.745994
vt 0.601944 0.746764
vt 0.598668 0.746726
vt 0.605132 0.746757
vt 0.608036 0.746713
vt 0.610573 0.746646
vt 0.612743 0.746582
vt 0.614607 0.746542
vt 0.601928 0.747375
vt 0.598668 0.747358
vt 0.605057 0.747337
vt 0.607871 0.747257
vt 0.610294 0.747153
vt 0.612317 0.747053
vt 0.613998 0.746987
vt 0.613515 0.753641
vt 0.365819 0.506117
vt 0.365819 0.505380
vt 0.366942 0.505362
vt 0.366926 0.506117
vt 0.365819 0.504653
vt 0.366949 0.504614
vt 0.365819 0.503948
vt 0.366953 0.503901
vt 0.365819 0.503274
vt 0.366952 0.503237
vt 0.365819 0.502642
vt 0.366950 0.502629
vt 0.365819 0.502061
vt 0.366949 0.502080
vt 0.365819 0.500000
vt 0.366951 0.500000
vt 0.368063 0.505355
vt 0.368016 0.506117
vt 0.368082 0.504597
vt 0.368077 0.503888
vt 0.368058 0.503243
vt 0.368037 0.502667
vt 0.368025 0.502155
vt 0.368028 0.500000
vt 0.369139 0.505354
vt 0.369075 0.506117
vt 0.369155 0.504600
vt 0.369128 0.503905
vt 0.369074 0.503285
vt 0.369021 0.502745
vt 0.368988 0.502273
vt 0.368990 0.500000
vt 0.370143 0.505356
vt 0.370086 0.506117
vt 0.370133 0.504616
vt 0.370067 0.503941
vt 0.369966 0.503352
vt 0.369870 0.502847
vt 0.369810 0.502415
vt 0.369811 0.500000
vt 0.371060 0.505360
vt 0.371034 0.506117
vt 0.371004 0.504633
vt 0.370883 0.503979
vt 0.370727 0.503416
vt 0.370577 0.502947
vt 0.370478 0.502556
vt 0.370478 0.500000
vt 0.371886 0.505363
vt 0.371907 0.506117
vt 0.371773 0.504645
vt 0.371593 0.504004
vt 0.371377 0.503457
vt 0.371164 0.503013
vt 0.370996 0.502668
vt 0.370996 0.500000
vt 0.401332 0.491926
vt 0.398112 0.491952
vt 0.398158 0.490819
vt 0.401332 0.493016
vt 0.398090 0.493075
vt 0.401332 0.494075
vt 0.398081 0.494145
vt 0.401332 0.495086
vt 0.398084 0.495142
vt 0.401332 0.496034
vt 0.398090 0.496054
vt 0.401332 0.496907
vt 0.398093 0.496878
vt 0.401332 0.502061
vt 0.398086 0.502075
vt 0.394895 0.491964
vt 0.395030 0.490819
vt 0.394842 0.493101
vt 0.394856 0.494165
vt 0.394911 0.495133
vt 0.394970 0.495998
vt 0.395005 0.496766
vt 0.394996 0.502150
vt 0.391809 0.491965
vt 0.391994 0.490819
vt 0.391765 0.493096
vt 0.391843 0.494140
vt 0.391995 0.495070
vt 0.392148 0.495881
vt 0.392243 0.496589
vt 0.392237 0.502270
vt 0.388930 0.491961
vt 0.389095 0.490819
vt 0.388958 0.493073
vt 0.389149 0.494085
vt 0.389438 0.494970
vt 0.389714 0.495727
vt 0.389884 0.496376
vt 0.389882 0.502414
vt 0.386301 0.491956
vt 0.386374 0.490819
vt 0.386462 0.493047
vt 0.386808 0.494028
vt 0.387257 0.494873
vt 0.387685 0.495578
vt 0.387969 0.496164
vt 0.387968 0.502556
vt 0.375000 0.491951
vt 0.375000 0.490819
vt 0.375000 0.493028
vt 0.375000 0.493990
vt 0.375000 0.494811
vt 0.375000 0.495478
vt 0.375000 0.495996
vt 0.386485 0.502668
vt 0.398158 0.506117
vt 0.398081 0.505369
vt 0.401332 0.505380
vt 0.395030 0.506117
vt 0.394861 0.505364
vt 0.391994 0.506117
vt 0.391792 0.505362
vt 0.389095 0.506117
vt 0.388934 0.505363
vt 0.386374 0.506117
vt 0.386318 0.505364
vt 0.383871 0.506117
vt 0.383953 0.505365
vt 0.398049 0.504622
vt 0.401332 0.504653
vt 0.394789 0.504610
vt 0.391734 0.504613
vt 0.388958 0.504626
vt 0.386479 0.504639
vt 0.384277 0.504647
vt 0.398045 0.503905
vt 0.401332 0.503948
vt 0.394802 0.503895
vt 0.391807 0.503913
vt 0.389141 0.503948
vt 0.386814 0.503984
vt 0.384782 0.504006
vt 0.398056 0.503236
vt 0.401332 0.503274
vt 0.394868 0.503243
vt 0.391964 0.503287
vt 0.389427 0.503354
vt 0.387257 0.503418
vt 0.385393 0.503458
vt 0.398072 0.502625
vt 0.401332 0.502642
vt 0.394943 0.502663
vt 0.392129 0.502743
vt 0.389706 0.502847
vt 0.387683 0.502947
vt 0.386003 0.503013
vt 0.371359 0.502668
vt 0.633074 0.506117
vt 0.633048 0.505369
vt 0.634181 0.505380
vt 0.631984 0.506117
vt 0.631925 0.505364
vt 0.630925 0.506117
vt 0.630855 0.505362
vt 0.629914 0.506117
vt 0.629858 0.505363
vt 0.628966 0.506117
vt 0.628946 0.505364
vt 0.628093 0.506117
vt 0.628122 0.505365
vt 0.616129 0.506117
vt 0.616068 0.505363
vt 0.633036 0.504622
vt 0.634181 0.504653
vt 0.631900 0.504610
vt 0.630835 0.504613
vt 0.629867 0.504626
vt 0.629002 0.504639
vt 0.628234 0.504647
vt 0.615744 0.504645
vt 0.633035 0.503905
vt 0.634181 0.503948
vt 0.631904 0.503895
vt 0.630860 0.503913
vt 0.629930 0.503948
vt 0.629119 0.503984
vt 0.628411 0.504006
vt 0.615229 0.504004
vt 0.633039 0.503236
vt 0.634181 0.503274
vt 0.631927 0.503243
vt 0.630915 0.503287
vt 0.630030 0.503354
vt 0.629273 0.503418
vt 0.628624 0.503458
vt 0.614610 0.503457
vt 0.633044 0.502625
vt 0.634181 0.502642
vt 0.631953 0.502663
vt 0.630972 0.502743
vt 0.630128 0.502847
vt 0.629422 0.502947
vt 0.628836 0.503013
vt 0.613998 0.503013
vt 0.633049 0.500000
vt 0.634181 0.500000
vt 0.631972 0.500000
vt 0.631010 0.500000
vt 0.630189 0.500000
vt 0.629522 0.500000
vt 0.629004 0.500000
vt 0.613515 0.502668
vt 0.598668 0.505380
vt 0.601888 0.505362
vt 0.601842 0.506117
vt 0.598668 0.504653
vt 0.601910 0.504614
vt 0.598668 0.503948
vt 0.601919 0.503901
vt 0.598668 0.503274
vt 0.601916 0.503237
vt 0.598668 0.502642
vt 0.601910 0.502629
vt 0.598668 0.502061
vt 0.601907 0.502080
vt 0.598668 0.496907
vt 0.601914 0.496886
vt 0.605105 0.505355
vt 0.604970 0.506117
vt 0.605158 0.504597
vt 0.605144 0.503888
vt 0.605089 0.503243
vt 0.605030 0.502667
vt 0.604995 0.502155
vt 0.605004 0.496773
vt 0.608191 0.505354
vt 0.608006 0.506117
vt 0.608235 0.504600
vt 0.608157 0.503905
vt 0.608005 0.503285
vt 0.607852 0.502745
vt 0.607757 0.502273
vt 0.607763 0.496593
vt 0.611070 0.505356
vt 0.610905 0.506117
vt 0.611042 0.504616
vt 0.610851 0.503941
vt 0.610562 0.503351
vt 0.610286 0.502847
vt 0.610116 0.502415
vt 0.610118 0.496377
vt 0.613699 0.505360
vt 0.613626 0.506117
vt 0.613538 0.504633
vt 0.613192 0.503979
vt 0.612743 0.503416
vt 0.612315 0.502946
vt 0.612031 0.502556
vt 0.612032 0.496164
vt 0.613515 0.495996
vt 0.601841 0.490819
vt 0.601919 0.491942
vt 0.598668 0.491926
vt 0.604970 0.490819
vt 0.605139 0.491949
vt 0.608006 0.490819
vt 0.608208 0.491953
vt 0.610905 0.490819
vt 0.611066 0.491952
vt 0.613626 0.490819
vt 0.613682 0.491950
vt 0.616129 0.490819
vt 0.616047 0.491949
vt 0.625000 0.490819
vt 0.625000 0.491951
vt 0.601951 0.493063
vt 0.598668 0.493016
vt 0.605211 0.493082
vt 0.608266 0.493077
vt 0.611042 0.493058
vt 0.613521 0.493037
vt 0.615723 0.493025
vt 0.625000 0.493028
vt 0.601955 0.494139
vt 0.598668 0.494075
vt 0.605198 0.494155
vt 0.608193 0.494128
vt 0.610859 0.494074
vt 0.613186 0.494021
vt 0.615218 0.493988
vt 0.625000 0.493990
vt 0.601944 0.495143
vt 0.598668 0.495086
vt 0.605132 0.495133
vt 0.608036 0.495067
vt 0.610573 0.494966
vt 0.612743 0.494870
vt 0.614607 0.494810
vt 0.625000 0.494811
vt 0.601928 0.496060
vt 0.598668 0.496034
vt 0.605057 0.496003
vt 0.607871 0.495883
vt 0.610294 0.495727
vt 0.612317 0.495577
vt 0.613997 0.495478
vt 0.625000 0.495478
vt 0.625000 0.495996
vt 0.613515 0.496359
s 0
f 627/61/26 773/62/26 184/63/26 38/64/26
f 921/65/27 1067/66/27 774/67/27 626/68/27
f 1066/69/28 478/70/28 185/71/28 772/72/28
f 39/73/29 186/74/29 480/75/29 332/76/29
f 333/77/30 479/78/30 1068/79/30 920/80/30
f 37/81/31 40/82/31 47/83/31 46/84/31
f 40/82/32 41/85/32 48/86/32 47/83/32
f 41/85/33 42/87/33 49/88/33 48/86/33
f 42/87/34 43/89/34 50/90/34 49/88/34
f 43/89/35 44/91/35 51/92/35 50/90/35
f 44/91/36 45/93/36 52/94/36 51/92/36
f 45/93/37 129/95/37 130/96/37 52/94/37
f 46/84/38 47/83/38 54/97/38 53/98/38
f 47/83/39 48/86/39 55/99/39 54/97/39
f 48/86/40 49/88/40 56/100/40 55/99/40
f 49/88/41 50/90/41 57/101/41 56/100/41
f 50/90/42 51/92/42 58/102/42 57/101/42
f 51/92/43 52/94/43 59/103/43 58/102/43
f 52/94/44 130/96/44 131/104/44 59/103/44
f 53/98/45 54/97/45 61/105/45 60/106/45
f 54/97/46 55/99/46 62/107/46 61/105/46
f 55/99/47 56/100/47 63/108/47 62/107/47
f 56/100/48 57/101/48 64/109/48 63/108/48
f 57/101/49 58/102/49 65/110/49 64/109/49
f 58/102/50 59/103/50 66/111/50 65/110/50
f 59/103/51 131/104/51 132/112/51 66/111/51
f 60/106/52 61/105/52 68/113/52 67/114/52
f 61/105/53 62/107/53 69/115/53 68/113/53
f 62/107/54 63/108/54 70/116/54 69/115/54
f 63/108/55 64/109/55 71/117/55 70/116/55
f 64/109/56 65/110/56 72/118/56 71/117/56
f 65/110/57 66/111/57 73/119/57 72/118/57
f 66/111/58 132/112/58 133/120/58 73/119/58
f 67/114/59 68/113/59 75/121/59 74/122/59
f 68/113/60 69/115/60 76/123/60 75/121/60
f 69/115/61 70/116/61 77/124/61 76/123/61
f 70/116/62 71/117/62 78/125/62 77/124/62
f 71/117/63 72/118/63 79/126/63 78/125/63
f 72/118/64 73/119/64 80/127/64 79/126/64
f 73/119/65 133/120/65 134/128/65 80/127/65
f 74/122/66 75/121/66 82/129/66 81/130/66
f 75/121/67 76/123/67 83/131/67 82/129/67
f 76/123/68 77/124/68 84/132/68 83/131/68
f 77/124/69 78/125/69 85/133/69 84/132/69
f 78/125/70 79/126/70 86/134/70 85/133/70
f 79/126/71 80/127/71 87/135/71 86/134/71
f 80/127/72 134/128/72 135/136/72 87/135/72
f 38/64/73 88/137/73 95/138/73 94/139/73
f 88/137/74 89/140/74 96/141/74 95/138/74
f 89/140/75 90/142/75 97/143/75 96/141/75
f 90/142/76 91/144/76 98/145/76 97/143/76
f 91/144/77 92/146/77 99/147/77 98/145/77
f 92/146/78 93/148/78 100/149/78 99/147/78
f 93/150/79 177/151/79 178/152/79 100/153/79
f 94/139/80 95/138/80 102/154/80 101/155/80
f 95/138/81 96/141/81 103/156/81 102/154/81
f 96/141/82 97/143/82 104/157/82 103/156/82
f 97/143/83 98/145/83 105/158/83 104/157/83
f 98/145/84 99/147/84 106/159/84 105/158/84
f 99/147/85 100/149/85 107/160/85 106/159/85
f 100/153/86 178/152/86 179/161/86 107/162/86
f 101/155/87 102/154/87 109/163/87 108/164/87
f 102/154/88 103/156/88 110/165/88 109/163/88
f 103/156/89 104/157/89 111/166/89 110/165/89
f 104/157/90 105/158/90 112/167/90 111/166/90
f 105/158/91 106/159/91 113/168/91 112/167/91
f 106/159/92 107/160/92 114/169/92 113/168/92
f 107/162/93 179/161/93 180/170/93 114/171/93
f 108/164/94 109/163/94 116/172/94 115/173/94
f 109/163/95 110/165/95 117/174/95 116/172/95
f 110/165/96 111/166/96 118/175/96 117/174/96
f 111/166/97 112/167/97 119/176/97 118/175/97
f 112/167/98 113/168/98 120/177/98 119/176/98
f 113/168/99 114/169/99 121/178/99 120/177/99
f 114/171/100 180/170/100 181/179/100 121/180/100
f 115/173/101 116/172/101 123/181/101 122/182/101
f 116/172/102 117/174/102 124/183/102 123/181/102
f 117/174/103 118/175/103 125/184/103 124/183/103
f 118/175/104 119/176/104 126/185/104 125/184/104
f 119/176/105 120/177/105 127/186/105 126/185/105
f 120/177/106 121/178/106 128/187/106 127/186/106
f 121/180/107 181/179/107 182/188/107 128/189/107
f 122/182/108 123/181/108 130/190/108 129/191/108
f 123/181/109 124/183/109 131/192/109 130/190/109
f 124/183/110 125/184/110 132/193/110 131/192/110
f 125/184/111 126/185/111 133/194/111 132/193/111
f 126/185/112 127/186/112 134/195/112 133/194/112
f 127/186/113 128/187/113 135/196/113 134/195/113
f 128/189/114 182/188/114 183/197/114 135/198/114
f 39/73/115 136/199/115 143/200/115 142/201/115
f 136/199/116 137/202/116 144/203/116 143/200/116
f 137/202/117 138/204/117 145/205/117 144/203/117
f 138/204/118 139/206/118 146/207/118 145/205/118
f 139/206/119 140/208/119 147/209/119 146/207/119
f 140/208/120 141/210/120 148/211/120 147/209/120
f 141/212/121 81/130/121 82/129/121 148/213/121
f 142/201/122 143/200/122 150/214/122 149/215/122
f 143/200/123 144/203/123 151/216/123 150/214/123
f 144/203/124 145/205/124 152/217/124 151/216/124
f 145/205/125 146/207/125 153/218/125 152/217/125
f 146/207/126 147/209/126 154/219/126 153/218/126
f 147/209/127 148/211/127 155/220/127 154/219/127
f 148/213/128 82/129/128 83/131/128 155/221/128
f 149/215/129 150/214/129 157/222/129 156/223/129
f 150/214/130 151/216/130 158/224/130 157/222/130
f 151/216/131 152/217/131 159/225/131 158/224/131
f 152/217/132 153/218/132 160/226/132 159/225/132
f 153/218/133 154/219/133 161/227/133 160/226/133
f 154/219/134 155/220/134 162/228/134 161/227/134
f 155/221/135 83/131/135 84/132/135 162/229/135
f 156/223/136 157/222/136 164/230/136 163/231/136
f 157/222/137 158/224/137 165/232/137 164/230/137
f 158/224/138 159/225/138 166/233/138 165/232/138
f 159/225/139 160/226/139 167/234/139 166/233/139
f 160/226/140 161/227/140 168/235/140 167/234/140
f 161/227/141 162/228/141 169/236/141 168/235/141
f 162/229/142 84/132/142 85/133/142 169/237/142
f 163/231/143 164/230/143 171/238/143 170/239/143
f 164/230/144 165/232/144 172/240/144 171/238/144
f 165/232/145 166/233/145 173/241/145 172/240/145
f 166/233/146 167/234/146 174/242/146 173/241/146
f 167/234/147 168/235/147 175/243/147 174/242/147
f 168/235/148 169/236/148 176/244/148 175/243/148
f 169/237/149 85/133/149 86/134/149 176/245/149
f 170/239/150 171/238/150 178/152/150 177/151/150
f 171/238/151 172/240/151 179/161/151 178/152/151
f 172/240/152 173/241/152 180/170/152 179/161/152
f 173/241/153 174/242/153 181/179/153 180/170/153
f 174/242/154 175/243/154 182/188/154 181/179/154
f 175/243/155 176/244/155 183/197/155 182/188/155
f 176/245/156 86/134/156 87/135/156 183/246/156
f 87/135/157 135/136/157 183/246/157
f 184/63/158 187/247/158 194/248/158 193/249/158
f 187/247/159 188/250/159 195/251/159 194/248/159
f 188/250/160 189/252/160 196/253/160 195/251/160
f 189/252/161 190/254/161 197/255/161 196/253/161
f 190/254/162 191/256/162 198/257/162 197/255/162
f 191/256/163 192/258/163 199/259/163 198/257/163
f 192/258/164 276/260/164 277/261/164 199/259/164
f 193/249/165 194/248/165 201/262/165 200/263/165
f 194/248/166 195/251/166 202/264/166 201/262/166
f 195/251/167 196/253/167 203/265/167 202/264/167
f 196/253/168 197/255/168 204/266/168 203/265/168
f 197/255/169 198/257/169 205/267/169 204/266/169
f 198/257/170 199/259/170 206/268/170 205/267/170
f 199/259/171 277/261/171 278/269/171 206/268/171
f 200/263/172 201/262/172 208/270/172 207/271/172
f 201/262/173 202/264/173 209/272/173 208/270/173
f 202/264/174 203/265/174 210/273/174 209/272/174
f 203/265/175 204/266/175 211/274/175 210/273/175
f 204/266/176 205/267/176 212/275/176 211/274/176
f 205/267/177 206/268/177 213/276/177 212/275/177
f 206/268/178 278/269/178 279/277/178 213/276/178
f 207/271/179 208/270/179 215/278/179 214/279/179
f 208/270/180 209/272/180 216/280/180 215/278/180
f 209/272/181 210/273/181 217/281/181 216/280/181
f 210/273/182 211/274/182 218/282/182 217/281/182
f 211/274/183 212/275/183 219/283/183 218/282/183
f 212/275/184 213/276/184 220/284/184 219/283/184
f 213/276/185 279/277/185 280/285/185 220/284/185
f 214/279/186 215/278/186 222/286/186 221/287/186
f 215/278/187 216/280/187 223/288/187 222/286/187
f 216/280/188 217/281/188 224/289/188 223/288/188
f 217/281/189 218/282/189 225/290/189 224/289/189
f 218/282/190 219/283/190 226/291/190 225/290/190
f 219/283/191 220/284/191 227/292/191 226/291/191
f 220/284/192 280/285/192 281/293/192 227/292/192
f 221/287/193 222/286/193 229/294/193 228/295/193
f 222/286/194 223/288/194 230/296/194 229/294/194
f 223/288/195 224/289/195 231/297/195 230/296/195
f 224/289/196 225/290/196 232/298/196 231/297/196
f 225/290/197 226/291/197 233/299/197 232/298/197
f 226/291/198 227/292/198 234/300/198 233/299/198
f 227/292/199 281/293/199 282/301/199 234/300/199
f 185/71/200 235/302/200 242/303/200 241/304/200
f 235/302/201 236/305/201 243/306/201 242/303/201
f 236/305/202 237/307/202 244/308/202 243/306/202
f 237/307/203 238/309/203 245/310/203 244/308/203
f 238/309/204 239/311/204 246/312/204 245/310/204
f 239/311/205 240/313/205 247/314/205 246/312/205
f 240/315/206 324/316/206 325/317/206 247/318/206
f 241/304/207 242/303/207 249/319/207 248/320/207
f 242/303/208 243/306/208 250/321/208 249/319/208
f 243/306/209 244/308/209 251/322/209 250/321/209
f 244/308/210 245/310/210 252/323/210 251/322/210
f 245/310/211 246/312/211 253/324/211 252/323/211
f 246/312/212 247/314/212 254/325/212 253/324/212
f 247/318/213 325/317/213 326/326/213 254/327/213
f 248/320/214 249/319/214 256/328/214 255/329/214
f 249/319/215 250/321/215 257/330/215 256/328/215
f 250/321/216 251/322/216 258/331/216 257/330/216
f 251/322/217 252/323/217 259/332/217 258/331/217
f 252/323/218 253/324/218 260/333/218 259/332/218
f 253/324/219 254/325/219 261/334/219 260/333/219
f 254/327/220 326/326/220 327/335/220 261/336/220
f 255/329/221 256/328/221 263/337/221 262/338/221
f 256/328/222 257/330/222 264/339/222 263/337/222
f 257/330/223 258/331/223 265/340/223 264/339/223
f 258/331/224 259/332/224 266/341/224 265/340/224
f 259/332/225 260/333/225 267/342/225 266/341/225
f 260/333/226 261/334/226 268/343/226 267/342/226
f 261/336/227 327/335/227 328/344/227 268/345/227
f 262/338/228 263/337/228 270/346/228 269/347/228
f 263/337/229 264/339/229 271/348/229 270/346/229
f 264/339/230 265/340/230 272/349/230 271/348/230
f 265/340/231 266/341/231 273/350/231 272/349/231
f 266/341/232 267/342/232 274/351/232 273/350/232
f 267/342/233 268/343/233 275/352/233 274/351/233
f 268/345/234 328/344/234 329/353/234 275/354/234
f 269/347/235 270/346/235 277/355/235 276/356/235
f 270/346/236 271/348/236 278/357/236 277/355/236
f 271/348/237 272/349/237 279/358/237 278/357/237
f 272/349/238 273/350/238 280/359/238 279/358/238
f 273/350/239 274/351/239 281/360/239 280/359/239
f 274/351/240 275/352/240 282/361/240 281/360/240
f 275/354/241 329/353/241 330/362/241 282/363/241
f 186/74/242 283/364/242 290/365/242 289/366/242
f 283/364/243 284/367/243 291/368/243 290/365/243
f 284/367/244 285/369/244 292/370/244 291/368/244
f 285/369/245 286/371/245 293/372/245 292/370/245
f 286/371/246 287/373/246 294/374/246 293/372/246
f 287/373/247 288/375/247 295/376/247 294/374/247
f 288/375/248 228/377/248 229/378/248 295/376/248
f 289/366/249 290/365/249 297/379/249 296/380/249
f 290/365/250 291/368/250 298/381/250 297/379/250
f 291/368/251 292/370/251 299/382/251 298/381/251
f 292/370/252 293/372/252 300/383/252 299/382/252
f 293/372/253 294/374/253 301/384/253 300/383/253
f 294/374/254 295/376/254 302/385/254 301/384/254
f 295/376/255 229/378/255 230/386/255 302/385/255
f 296/380/256 297/379/256 304/387/256 303/388/256
f 297/379/257 298/381/257 305/389/257 304/387/257
f 298/381/258 299/382/258 306/390/258 305/389/258
f 299/382/259 300/383/259 307/391/259 306/390/259
f 300/383/260 301/384/260 308/392/260 307/391/260
f 301/384/261 302/385/261 309/393/261 308/392/261
f 302/385/262 230/386/262 231/394/262 309/393/262
f 303/388/263 304/387/263 311/395/263 310/396/263
f 304/387/264 305/389/264 312/397/264 311/395/264
f 305/389/265 306/390/265 313/398/265 312/397/265
f 306/390/266 307/391/266 314/399/266 313/398/266
f 307/391/267 308/392/267 315/400/267 314/399/267
f 308/392/268 309/393/268 316/401/268 315/400/268
f 309/393/269 231/394/269 232/402/269 316/401/269
f 310/396/270 311/395/270 318/403/270 317/404/270
f 311/395/271 312/397/271 319/405/271 318/403/271
f 312/397/272 313/398/272 320/406/272 319/405/272
f 313/398/273 314/399/273 321/407/273 320/406/273
f 314/399/274 315/400/274 322/408/274 321/407/274
f 315/400/275 316/401/275 323/409/275 322/408/275
f 316/401/276 232/402/276 233/410/276 323/409/276
f 317/404/277 318/403/277 325/317/277 324/316/277
f 318/403/278 319/405/278 326/326/278 325/317/278
f 319/405/279 320/406/279 327/335/279 326/326/279
f 320/406/280 321/407/280 328/344/280 327/335/280
f 321/407/281 322/408/281 329/353/281 328/344/281
f 322/408/282 323/409/282 330/362/282 329/353/282
f 323/409/283 233/410/283 234/411/283 330/362/283
f 234/411/284 282/363/284 330/362/284
f 331/412/285 334/413/285 341/414/285 340/415/285
f 334/413/286 335/416/286 342/417/286 341/414/286
f 335/416/287 336/418/287 343/419/287 342/417/287
f 336/418/288 337/420/288 344/421/288 343/419/288
f 337/420/289 338/422/289 345/423/289 344/421/289
f 338/422/290 339/424/290 346/425/290 345/423/290
f 339/424/291 423/426/291 424/427/291 346/425/291
f 340/415/292 341/414/292 348/428/292 347/429/292
f 341/414/293 342/417/293 349/430/293 348/428/293
f 342/417/294 343/419/294 350/431/294 349/430/294
f 343/419/295 344/421/295 351/432/295 350/431/295
f 344/421/296 345/423/296 352/433/296 351/432/296
f 345/423/297 346/425/297 353/434/297 352/433/297
f 346/425/298 424/427/298 425/435/298 353/434/298
f 347/429/299 348/428/299 355/436/299 354/437/299
f 348/428/300 349/430/300 356/438/300 355/436/300
f 349/430/301 350/431/301 357/439/301 356/438/301
f 350/431/302 351/432/302 358/440/302 357/439/302
f 351/432/303 352/433/303 359/441/303 358/440/303
f 352/433/304 353/434/304 360/442/304 359/441/304
f 353/434/305 425/435/305 426/443/305 360/442/305
f 354/437/306 355/436/306 362/444/306 361/445/306
f 355/436/307 356/438/307 363/446/307 362/444/307
f 356/438/308 357/439/308 364/447/308 363/446/308
f 357/439/309 358/440/309 365/448/309 364/447/309
f 358/440/310 359/441/310 366/449/310 365/448/310
f 359/441/311 360/442/311 367/450/311 366/449/311
f 360/442/312 426/443/312 427/451/312 367/450/312
f 361/445/313 362/444/313 369/452/313 368/453/313
f 362/444/314 363/446/314 370/454/314 369/452/314
f 363/446/315 364/447/315 371/455/315 370/454/315
f 364/447/316 365/448/316 372/456/316 371/455/316
f 365/448/317 366/449/317 373/457/317 372/456/317
f 366/449/318 367/450/318 374/458/318 373/457/318
f 367/450/319 427/451/319 428/459/319 374/458/319
f 368/453/320 369/452/320 376/460/320 375/461/320
f 369/452/321 370/454/321 377/462/321 376/460/321
f 370/454/322 371/455/322 378/463/322 377/462/322
f 371/455/323 372/456/323 379/464/323 378/463/323
f 372/456/324 373/457/324 380/465/324 379/464/324
f 373/457/325 374/458/325 381/466/325 380/465/325
f 374/458/326 428/459/326 429/467/326 381/466/326
f 332/76/327 382/468/327 389/469/327 388/470/327
f 382/468/328 383/471/328 390/472/328 389/469/328
f 383/471/329 384/473/329 391/474/329 390/472/329
f 384/473/330 385/475/330 392/476/330 391/474/330
f 385/475/331 386/477/331 393/478/331 392/476/331
f 386/477/332 387/479/332 394/480/332 393/478/332
f 387/479/333 471/481/333 472/482/333 394/480/333
f 388/470/334 389/469/334 396/483/334 395/484/334
f 389/469/335 390/472/335 397/485/335 396/483/335
f 390/472/336 391/474/336 398/486/336 397/485/336
f 391/474/337 392/476/337 399/487/337 398/486/337
f 392/476/338 393/478/338 400/488/338 399/487/338
f 393/478/339 394/480/339 401/489/339 400/488/339
f 394/480/340 472/482/340 473/490/340 401/489/340
f 395/484/341 396/483/341 403/491/341 402/492/341
f 396/483/342 397/485/342 404/493/342 403/491/342
f 397/485/343 398/486/343 405/494/343 404/493/343
f 398/486/344 399/487/344 406/495/344 405/494/344
f 399/487/345 400/488/345 407/496/345 406/495/345
f 400/488/346 401/489/346 408/497/346 407/496/346
f 401/489/347 473/490/347 474/498/347 408/497/347
f 402/492/348 403/491/348 410/499/348 409/500/348
f 403/491/349 404/493/349 411/501/349 410/499/349
f 404/493/350 405/494/350 412/502/350 411/501/350
f 405/494/351 406/495/351 413/503/351 412/502/351
f 406/495/352 407/496/352 414/504/352 413/503/352
f 407/496/353 408/497/353 415/505/353 414/504/353
f 408/497/354 474/498/354 475/506/354 415/505/354
f 409/500/355 410/499/355 417/507/355 416/508/355
f 410/499/356 411/501/356 418/509/356 417/507/356
f 411/501/357 412/502/357 419/510/357 418/509/357
f 412/502/358 413/503/358 420/511/358 419/510/358
f 413/503/359 414/504/359 421/512/359 420/511/359
f 414/504/360 415/505/360 422/513/360 421/512/360
f 415/505/361 475/506/361 476/514/361 422/513/361
f 416/508/362 417/507/362 424/515/362 423/516/362
f 417/507/363 418/509/363 425/517/363 424/515/363
f 418/509/364 419/510/364 426/518/364 425/517/364
f 419/510/365 420/511/365 427/519/365 426/518/365
f 420/511/366 421/512/366 428/520/366 427/519/366
f 421/512/367 422/513/367 429/521/367 428/520/367
f 422/513/368 476/514/368 477/522/368 429/521/368
f 333/77/369 430/523/369 437/524/369 436/525/369
f 430/523/370 431/526/370 438/527/370 437/524/370
f 431/526/371 432/528/371 439/529/371 438/527/371
f 432/528/372 433/530/372 440/531/372 439/529/372
f 433/530/373 434/532/373 441/533/373 440/531/373
f 434/532/374 435/534/374 442/535/374 441/533/374
f 435/536/375 375/461/375 376/460/375 442/537/375
f 436/525/376 437/524/376 444/538/376 443/539/376
f 437/524/377 438/527/377 445/540/377 444/538/377
f 438/527/378 439/529/378 446/541/378 445/540/378
f 439/529/379 440/531/379 447/542/379 446/541/379
f 440/531/380 441/533/380 448/543/380 447/542/380
f 441/533/381 442/535/381 449/544/381 448/543/381
f 442/537/382 376/460/382 377/462/382 449/545/382
f 443/539/383 444/538/383 451/546/383 450/547/383
f 444/538/384 445/540/384 452/548/384 451/546/384
f 445/540/385 446/541/385 453/549/385 452/548/385
f 446/541/386 447/542/386 454/550/386 453/549/386
f 447/542/387 448/543/387 455/551/387 454/550/387
f 448/543/388 449/544/388 456/552/388 455/551/388
f 449/545/389 377/462/389 378/463/389 456/553/389
f 450/547/390 451/546/390 458/554/390 457/555/390
f 451/546/391 452/548/391 459/556/391 458/554/391
f 452/548/392 453/549/392 460/557/392 459/556/392
f 453/549/393 454/550/393 461/558/393 460/557/393
f 454/550/394 455/551/394 462/559/394 461/558/394
f 455/551/395 456/552/395 463/560/395 462/559/395
f 456/553/396 378/463/396 379/464/396 463/561/396
f 457/555/397 458/554/397 465/562/397 464/563/397
f 458/554/398 459/556/398 466/564/398 465/562/398
f 459/556/399 460/557/399 467/565/399 466/564/399
f 460/557/400 461/558/400 468/566/400 467/565/400
f 461/558/401 462/559/401 469/567/401 468/566/401
f 462/559/402 463/560/402 470/568/402 469/567/402
f 463/561/403 379/464/403 380/465/403 470/569/403
f 464/563/404 465/562/404 472/482/404 471/481/404
f 465/562/405 466/564/405 473/490/405 472/482/405
f 466/564/406 467/565/406 474/498/406 473/490/406
f 467/565/407 468/566/407 475/506/407 474/498/407
f 468/566/408 469/567/408 476/514/408 475/506/408
f 469/567/409 470/568/409 477/522/409 476/514/409
f 470/569/410 380/465/410 381/466/410 477/570/410
f 381/466/411 429/467/411 477/570/411
f 478/70/412 481/571/412 488/572/412 487/573/412
f 481/571/413 482/574/413 489/575/413 488/572/413
f 482/574/414 483/576/414 490/577/414 489/575/414
f 483/576/415 484/578/415 491/579/415 490/577/415
f 484/578/416 485/580/416 492/581/416 491/579/416
f 485/580/417 486/582/417 493/583/417 492/581/417
f 486/584/418 570/585/418 571/586/418 493/587/418
f 487/573/419 488/572/419 495/588/419 494/589/419
f 488/572/420 489/575/420 496/590/420 495/588/420
f 489/575/421 490/577/421 497/591/421 496/590/421
f 490/577/422 491/579/422 498/592/422 497/591/422
f 491/579/423 492/581/423 499/593/423 498/592/423
f 492/581/424 493/583/424 500/594/424 499/593/424
f 493/587/425 571/586/425 572/595/425 500/596/425
f 494/589/426 495/588/426 502/597/426 501/598/426
f 495/588/427 496/590/427 503/599/427 502/597/427
f 496/590/428 497/591/428 504/600/428 503/599/428
f 497/591/429 498/592/429 505/601/429 504/600/429
f 498/592/430 499/593/430 506/602/430 505/601/430
f 499/593/431 500/594/431 507/603/431 506/602/431
f 500/596/432 572/595/432 573/604/432 507/605/432
f 501/598/433 502/597/433 509/606/433 508/607/433
f 502/597/434 503/599/434 510/608/434 509/606/434
f 503/599/435 504/600/435 511/609/435 510/608/435
f 504/600/436 505/601/436 512/610/436 511/609/436
f 505/601/437 506/602/437 513/611/437 512/610/437
f 506/602/438 507/603/438 514/612/438 513/611/438
f 507/605/439 573/604/439 574/613/439 514/614/439
f 508/607/440 509/606/440 516/615/440 515/616/440
f 509/606/441 510/608/441 517/617/441 516/615/441
f 510/608/442 511/609/442 518/618/442 517/617/442
f 511/609/443 512/610/443 519/619/443 518/618/443
f 512/610/444 513/611/444 520/620/444 519/619/444
f 513/611/445 514/612/445 521/621/445 520/620/445
f 514/614/446 574/613/446 575/622/446 521/623/446
f 515/616/447 516/615/447 523/624/447 522/625/447
f 516/615/448 517/617/448 524/626/448 523/624/448
f 517/617/449 518/618/449 525/627/449 524/626/449
f 518/618/450 519/619/450 526/628/450 525/627/450
f 519/619/451 520/620/451 527/629/451 526/628/451
f 520/620/452 521/621/452 528/630/452 527/629/452
f 521/623/453 575/622/453 576/631/453 528/632/453
f 479/78/454 529/633/454 536/634/454 535/635/454
f 529/633/455 530/636/455 537/637/455 536/634/455
f 530/636/456 531/638/456 538/639/456 537/637/456
f 531/638/457 532/640/457 539/641/457 538/639/457
f 532/640/458 533/642/458 540/643/458 539/641/458
f 533/642/459 534/644/459 541/645/459 540/643/459
f 534/644/460 618/646/460 619/647/460 541/645/460
f 535/635/461 536/634/461 543/648/461 542/649/461
f 536/634/462 537/637/462 544/650/462 543/648/462
f 537/637/463 538/639/463 545/651/463 544/650/463
f 538/639/464 539/641/464 546/652/464 545/651/464
f 539/641/465 540/643/465 547/653/465 546/652/465
f 540/643/466 541/645/466 548/654/466 547/653/466
f 541/645/467 619/647/467 620/655/467 548/654/467
f 542/649/468 543/648/468 550/656/468 549/657/468
f 543/648/469 544/650/469 551/658/469 550/656/469
f 544/650/470 545/651/470 552/659/470 551/658/470
f 545/651/471 546/652/471 553/660/471 552/659/471
f 546/652/472 547/653/472 554/661/472 553/660/472
f 547/653/473 548/654/473 555/662/473 554/661/473
f 548/654/474 620/655/474 621/663/474 555/662/474
f 549/657/475 550/656/475 557/664/475 556/665/475
f 550/656/476 551/658/476 558/666/476 557/664/476
f 551/658/477 552/659/477 559/667/477 558/666/477
f 552/659/478 553/660/478 560/668/478 559/667/478
f 553/660/479 554/661/479 561/669/479 560/668/479
f 554/661/480 555/662/480 562/670/480 561/669/480
f 555/662/481 621/663/481 622/671/481 562/670/481
f 556/665/482 557/664/482 564/672/482 563/673/482
f 557/664/483 558/666/483 565/674/483 564/672/483
f 558/666/484 559/667/484 566/675/484 565/674/484
f 559/667/485 560/668/485 567/676/485 566/675/485
f 560/668/486 561/669/486 568/677/486 567/676/486
f 561/669/487 562/670/487 569/678/487 568/677/487
f 562/670/488 622/671/488 623/679/488 569/678/488
f 563/673/489 564/672/489 571/586/489 570/585/489
f 564/672/490 565/674/490 572/595/490 571/586/490
f 565/674/491 566/675/491 573/604/491 572/595/491
f 566/675/492 567/676/492 574/613/492 573/604/492
f 567/676/493 568/677/493 575/622/493 574/613/493
f 568/677/494 569/678/494 576/631/494 575/622/494
f 569/678/495 623/679/495 624/680/495 576/631/495
f 480/75/496 577/681/496 584/682/496 583/683/496
f 577/681/497 578/684/497 585/685/497 584/682/497
f 578/684/498 579/686/498 586/687/498 585/685/498
f 579/686/499 580/688/499 587/689/499 586/687/499
f 580/688/500 581/690/500 588/691/500 587/689/500
f 581/690/501 582/692/501 589/693/501 588/691/501
f 582/692/502 522/694/502 523/695/502 589/693/502
f 583/683/503 584/682/503 591/696/503 590/697/503
f 584/682/504 585/685/504 592/698/504 591/696/504
f 585/685/505 586/687/505 593/699/505 592/698/505
f 586/687/506 587/689/506 594/700/506 593/699/506
f 587/689/507 588/691/507 595/701/507 594/700/507
f 588/691/508 589/693/508 596/702/508 595/701/508
f 589/693/509 523/695/509 524/703/509 596/702/509
f 590/697/510 591/696/510 598/704/510 597/705/510
f 591/696/511 592/698/511 599/706/511 598/704/511
f 592/698/512 593/699/512 600/707/512 599/706/512
f 593/699/513 594/700/513 601/708/513 600/707/513
f 594/700/514 595/701/514 602/709/514 601/708/514
f 595/701/515 596/702/515 603/710/515 602/709/515
f 596/702/516 524/703/516 525/711/516 603/710/516
f 597/705/517 598/704/517 605/712/517 604/713/517
f 598/704/518 599/706/518 606/714/518 605/712/518
f 599/706/519 600/707/519 607/715/519 606/714/519
f 600/707/520 601/708/520 608/716/520 607/715/520
f 601/708/521 602/709/521 609/717/521 608/716/521
f 602/709/522 603/710/522 610/718/522 609/717/522
f 603/710/523 525/711/523 526/719/523 610/718/523
f 604/713/524 605/712/524 612/720/524 611/721/524
f 605/712/525 606/714/525 613/722/525 612/720/525
f 606/714/526 607/715/526 614/723/526 613/722/526
f 607/715/527 608/716/527 615/724/527 614/723/527
f 608/716/528 609/717/528 616/725/528 615/724/528
f 609/717/529 610/718/529 617/726/529 616/725/529
f 610/718/530 526/719/530 527/727/530 617/726/530
f 611/721/531 612/720/531 619/647/531 618/646/531
f 612/720/532 613/722/532 620/655/532 619/647/532
f 613/722/533 614/723/533 621/663/533 620/655/533
f 614/723/534 615/724/534 622/671/534 621/663/534
f 615/724/535 616/725/535 623/679/535 622/671/535
f 616/725/536 617/726/536 624/680/536 623/679/536
f 617/726/537 527/727/537 528/728/537 624/680/537
f 528/728/538 576/729/538 624/680/538
f 625/730/539 628/731/539 635/732/539 634/733/539
f 628/731/540 629/734/540 636/735/540 635/732/540
f 629/734/541 630/736/541 637/737/541 636/735/541
f 630/736/542 631/738/542 638/739/542 637/737/542
f 631/738/543 632/740/543 639/741/543 638/739/543
f 632/740/544 633/742/544 640/743/544 639/741/544
f 633/742/545 717/744/545 718/745/545 640/743/545
f 634/733/546 635/732/546 642/746/546 641/747/546
f 635/732/547 636/735/547 643/748/547 642/746/547
f 636/735/548 637/737/548 644/749/548 643/748/548
f 637/737/549 638/739/549 645/750/549 644/749/549
f 638/739/550 639/741/550 646/751/550 645/750/550
f 639/741/551 640/743/551 647/752/551 646/751/551
f 640/743/552 718/745/552 719/753/552 647/752/552
f 641/747/553 642/746/553 649/754/553 648/755/553
f 642/746/554 643/748/554 650/756/554 649/754/554
f 643/748/555 644/749/555 651/757/555 650/756/555
f 644/749/556 645/750/556 652/758/556 651/757/556
f 645/750/557 646/751/557 653/759/557 652/758/557
f 646/751/558 647/752/558 654/760/558 653/759/558
f 647/752/559 719/753/559 720/761/559 654/760/559
f 648/755/560 649/754/560 656/762/560 655/763/560
f 649/754/561 650/756/561 657/764/561 656/762/561
f 650/756/562 651/757/562 658/765/562 657/764/562
f 651/757/563 652/758/563 659/766/563 658/765/563
f 652/758/564 653/759/564 660/767/564 659/766/564
f 653/759/565 654/760/565 661/768/565 660/767/565
f 654/760/566 720/761/566 721/769/566 661/768/566
f 655/763/567 656/762/567 663/770/567 662/771/567
f 656/762/568 657/764/568 664/772/568 663/770/568
f 657/764/569 658/765/569 665/773/569 664/772/569
f 658/765/570 659/766/570 666/774/570 665/773/570
f 659/766/571 660/767/571 667/775/571 666/774/571
f 660/767/572 661/768/572 668/776/572 667/775/572
f 661/768/573 721/769/573 722/777/573 668/776/573
f 662/771/574 663/770/574 670/778/574 669/779/574
f 663/770/575 664/772/575 671/780/575 670/778/575
f 664/772/576 665/773/576 672/781/576 671/780/576
f 665/773/577 666/774/577 673/782/577 672/781/577
f 666/774/578 667/775/578 674/783/578 673/782/578
f 667/775/579 668/776/579 675/784/579 674/783/579
f 668/776/580 722/777/580 723/785/580 675/784/580
f 626/68/581 676/786/581 683/787/581 682/788/581
f 676/786/582 677/789/582 684/790/582 683/787/582
f 677/789/583 678/791/583 685/792/583 684/790/583
f 678/791/584 679/793/584 686/794/584 685/792/584
f 679/793/585 680/795/585 687/796/585 686/794/585
f 680/795/586 681/797/586 688/798/586 687/796/586
f 681/797/587 765/799/587 766/800/587 688/798/587
f 682/788/588 683/787/588 690/801/588 689/802/588
f 683/787/589 684/790/589 691/803/589 690/801/589
f 684/790/590 685/792/590 692/804/590 691/803/590
f 685/792/591 686/794/591 693/805/591 692/804/591
f 686/794/592 687/796/592 694/806/592 693/805/592
f 687/796/593 688/798/593 695/807/593 694/806/593
f 688/798/594 766/800/594 767/808/594 695/807/594
f 689/802/595 690/801/595 697/809/595 696/810/595
f 690/801/596 691/803/596 698/811/596 697/809/596
f 691/803/597 692/804/597 699/812/597 698/811/597
f 692/804/598 693/805/598 700/813/598 699/812/598
f 693/805/599 694/806/599 701/814/599 700/813/599
f 694/806/600 695/807/600 702/815/600 701/814/600
f 695/807/601 767/808/601 768/816/601 702/815/601
f 696/810/602 697/809/602 704/817/602 703/818/602
f 697/809/603 698/811/603 705/819/603 704/817/603
f 698/811/604 699/812/604 706/820/604 705/819/604
f 699/812/605 700/813/605 707/821/605 706/820/605
f 700/813/606 701/814/606 708/822/606 707/821/606
f 701/814/607 702/815/607 709/823/607 708/822/607
f 702/815/608 768/816/608 769/824/608 709/823/608
f 703/818/609 704/817/609 711/825/609 710/826/609
f 704/817/610 705/819/610 712/827/610 711/825/610
f 705/819/611 706/820/611 713/828/611 712/827/611
f 706/820/612 707/821/612 714/829/612 713/828/612
f 707/821/613 708/822/613 715/830/613 714/829/613
f 708/822/614 709/823/614 716/831/614 715/830/614
f 709/823/615 769/824/615 770/832/615 716/831/615
f 710/826/616 711/825/616 718/745/616 717/744/616
f 711/825/617 712/827/617 719/753/617 718/745/617
f 712/827/618 713/828/618 720/761/618 719/753/618
f 713/828/619 714/829/619 721/769/619 720/761/619
f 714/829/620 715/830/620 722/777/620 721/769/620
f 715/830/621 716/831/621 723/785/621 722/777/621
f 716/831/622 770/832/622 771/833/622 723/785/622
f 627/61/623 724/834/623 731/835/623 730/836/623
f 724/834/624 725/837/624 732/838/624 731/835/624
f 725/837/625 726/839/625 733/840/625 732/838/625
f 726/839/626 727/841/626 734/842/626 733/840/626
f 727/841/627 728/843/627 735/844/627 734/842/627
f 728/843/628 729/845/628 736/846/628 735/844/628
f 729/847/629 669/779/629 670/778/629 736/848/629
f 730/836/630 731/835/630 738/849/630 737/850/630
f 731/835/631 732/838/631 739/851/631 738/849/631
f 732/838/632 733/840/632 740/852/632 739/851/632
f 733/840/633 734/842/633 741/853/633 740/852/633
f 734/842/634 735/844/634 742/854/634 741/853/634
f 735/844/635 736/846/635 743/855/635 742/854/635
f 736/848/636 670/778/636 671/780/636 743/856/636
f 737/850/637 738/849/637 745/857/637 744/858/637
f 738/849/638 739/851/638 746/859/638 745/857/638
f 739/851/639 740/852/639 747/860/639 746/859/639
f 740/852/640 741/853/640 748/861/640 747/860/640
f 741/853/641 742/854/641 749/862/641 748/861/641
f 742/854/642 743/855/642 750/863/642 749/862/642
f 743/856/643 671/780/643 672/781/643 750/864/643
f 744/858/644 745/857/644 752/865/644 751/866/644
f 745/857/645 746/859/645 753/867/645 752/865/645
f 746/859/646 747/860/646 754/868/646 753/867/646
f 747/860/647 748/861/647 755/869/647 754/868/647
f 748/861/648 749/862/648 756/870/648 755/869/648
f 749/862/649 750/863/649 757/871/649 756/870/649
f 750/864/650 672/781/650 673/782/650 757/872/650
f 751/866/651 752/865/651 759/873/651 758/874/651
f 752/865/652 753/867/652 760/875/652 759/873/652
f 753/867/653 754/868/653 761/876/653 760/875/653
f 754/868/654 755/869/654 762/877/654 761/876/654
f 755/869/655 756/870/655 763/878/655 762/877/655
f 756/870/656 757/871/656 764/879/656 763/878/656
f 757/872/657 673/782/657 674/783/657 764/880/657
f 758/874/658 759/873/658 766/800/658 765/799/658
f 759/873/659 760/875/659 767/808/659 766/800/659
f 760/875/660 761/876/660 768/816/660 767/808/660
f 761/876/661 762/877/661 769/824/661 768/816/661
f 762/877/662 763/878/662 770/832/662 769/824/662
f 763/878/663 764/879/663 771/833/663 770/832/663
f 764/880/664 674/783/664 675/784/664 771/881/664
f 675/784/665 723/882/665 771/881/665
f 772/72/666 775/883/666 782/884/666 781/885/666
f 775/883/667 776/886/667 783/887/667 782/884/667
f 776/886/668 777/888/668 784/889/668 783/887/668
f 777/888/669 778/890/669 785/891/669 784/889/669
f 778/890/670 779/892/670 786/893/670 785/891/670
f 779/892/671 780/894/671 787/895/671 786/893/671
f 780/896/672 864/897/672 865/898/672 787/899/672
f 781/885/673 782/884/673 789/900/673 788/901/673
f 782/884/674 783/887/674 790/902/674 789/900/674
f 783/887/675 784/889/675 791/903/675 790/902/675
f 784/889/676 785/891/676 792/904/676 791/903/676
f 785/891/677 786/893/677 793/905/677 792/904/677
f 786/893/678 787/895/678 794/906/678 793/905/678
f 787/899/679 865/898/679 866/907/679 794/908/679
f 788/901/680 789/900/680 796/909/680 795/910/680
f 789/900/681 790/902/681 797/911/681 796/909/681
f 790/902/682 791/903/682 798/912/682 797/911/682
f 791/903/683 792/904/683 799/913/683 798/912/683
f 792/904/684 793/905/684 800/914/684 799/913/684
f 793/905/685 794/906/685 801/915/685 800/914/685
f 794/908/686 866/907/686 867/916/686 801/917/686
f 795/910/687 796/909/687 803/918/687 802/919/687
f 796/909/688 797/911/688 804/920/688 803/918/688
f 797/911/689 798/912/689 805/921/689 804/920/689
f 798/912/690 799/913/690 806/922/690 805/921/690
f 799/913/691 800/914/691 807/923/691 806/922/691
f 800/914/692 801/915/692 808/924/692 807/923/692
f 801/917/693 867/916/693 868/925/693 808/926/693
f 802/919/694 803/918/694 810/927/694 809/928/694
f 803/918/695 804/920/695 811/929/695 810/927/695
f 804/920/696 805/921/696 812/930/696 811/929/696
f 805/921/697 806/922/697 813/931/697 812/930/697
f 806/922/698 807/923/698 814/932/698 813/931/698
f 807/923/699 808/924/699 815/933/699 814/932/699
f 808/926/700 868/925/700 869/934/700 815/935/700
f 809/928/701 810/927/701 817/936/701 816/937/701
f 810/927/702 811/929/702 818/938/702 817/936/702
f 811/929/703 812/930/703 819/939/703 818/938/703
f 812/930/704 813/931/704 820/940/704 819/939/704
f 813/931/705 814/932/705 821/941/705 820/940/705
f 814/932/706 815/933/706 822/942/706 821/941/706
f 815/935/707 869/934/707 870/943/707 822/944/707
f 773/62/708 823/945/708 830/946/708 829/947/708
f 823/945/709 824/948/709 831/949/709 830/946/709
f 824/948/710 825/950/710 832/951/710 831/949/710
f 825/950/711 826/952/711 833/953/711 832/951/711
f 826/952/712 827/954/712 834/955/712 833/953/712
f 827/954/713 828/956/713 835/957/713 834/955/713
f 828/956/714 912/958/714 913/959/714 835/957/714
f 829/947/715 830/946/715 837/960/715 836/961/715
f 830/946/716 831/949/716 838/962/716 837/960/716
f 831/949/717 832/951/717 839/963/717 838/962/717
f 832/951/718 833/953/718 840/964/718 839/963/718
f 833/953/719 834/955/719 841/965/719 840/964/719
f 834/955/720 835/957/720 842/966/720 841/965/720
f 835/957/721 913/959/721 914/967/721 842/966/721
f 836/961/722 837/960/722 844/968/722 843/969/722
f 837/960/723 838/962/723 845/970/723 844/968/723
f 838/962/724 839/963/724 846/971/724 845/970/724
f 839/963/725 840/964/725 847/972/725 846/971/725
f 840/964/726 841/965/726 848/973/726 847/972/726
f 841/965/727 842/966/727 849/974/727 848/973/727
f 842/966/728 914/967/728 915/975/728 849/974/728
f 843/969/729 844/968/729 851/976/729 850/977/729
f 844/968/730 845/970/730 852/978/730 851/976/730
f 845/970/731 846/971/731 853/979/731 852/978/731
f 846/971/732 847/972/732 854/980/732 853/979/732
f 847/972/733 848/973/733 855/981/733 854/980/733
f 848/973/734 849/974/734 856/982/734 855/981/734
f 849/974/735 915/975/735 916/983/735 856/982/735
f 850/977/736 851/976/736 858/984/736 857/985/736
f 851/976/737 852/978/737 859/986/737 858/984/737
f 852/978/738 853/979/738 860/987/738 859/986/738
f 853/979/739 854/980/739 861/988/739 860/987/739
f 854/980/740 855/981/740 862/989/740 861/988/740
f 855/981/741 856/982/741 863/990/741 862/989/741
f 856/982/742 916/983/742 917/991/742 863/990/742
f 857/985/743 858/984/743 865/898/743 864/897/743
f 858/984/744 859/986/744 866/907/744 865/898/744
f 859/986/745 860/987/745 867/916/745 866/907/745
f 860/987/746 861/988/746 868/925/746 867/916/746
f 861/988/747 862/989/747 869/934/747 868/925/747
f 862/989/748 863/990/748 870/943/748 869/934/748
f 863/990/749 917/991/749 918/992/749 870/943/749
f 774/67/750 871/993/750 878/994/750 877/995/750
f 871/993/751 872/996/751 879/997/751 878/994/751
f 872/996/752 873/998/752 880/999/752 879/997/752
f 873/998/753 874/1000/753 881/1001/753 880/999/753
f 874/1000/754 875/1002/754 882/1003/754 881/1001/754
f 875/1002/755 876/1004/755 883/1005/755 882/1003/755
f 876/1004/756 816/937/756 817/936/756 883/1005/756
f 877/995/757 878/994/757 885/1006/757 884/1007/757
f 878/994/758 879/997/758 886/1008/758 885/1006/758
f 879/997/759 880/999/759 887/1009/759 886/1008/759
f 880/999/760 881/1001/760 888/1010/760 887/1009/760
f 881/1001/761 882/1003/761 889/1011/761 888/1010/761
f 882/1003/762 883/1005/762 890/1012/762 889/1011/762
f 883/1005/763 817/936/763 818/938/763 890/1012/763
f 884/1007/764 885/1006/764 892/1013/764 891/1014/764
f 885/1006/765 886/1008/765 893/1015/765 892/1013/765
f 886/1008/766 887/1009/766 894/1016/766 893/1015/766
f 887/1009/767 888/1010/767 895/1017/767 894/1016/767
f 888/1010/768 889/1011/768 896/1018/768 895/1017/768
f 889/1011/769 890/1012/769 897/1019/769 896/1018/769
f 890/1012/770 818/938/770 819/939/770 897/1019/770
f 891/1014/771 892/1013/771 899/1020/771 898/1021/771
f 892/1013/772 893/1015/772 900/1022/772 899/1020/772
f 893/1015/773 894/1016/773 901/1023/773 900/1022/773
f 894/1016/774 895/1017/774 902/1024/774 901/1023/774
f 895/1017/775 896/1018/775 903/1025/775 902/1024/775
f 896/1018/776 897/1019/776 904/1026/776 903/1025/776
f 897/1019/777 819/939/777 820/940/777 904/1026/777
f 898/1021/778 899/1020/778 906/1027/778 905/1028/778
f 899/1020/779 900/1022/779 907/1029/779 906/1027/779
f 900/1022/780 901/1023/780 908/1030/780 907/1029/780
f 901/1023/781 902/1024/781 909/1031/781 908/1030/781
f 902/1024/782 903/1025/782 910/1032/782 909/1031/782
f 903/1025/783 904/1026/783 911/1033/783 910/1032/783
f 904/1026/784 820/940/784 821/941/784 911/1033/784
f 905/1028/785 906/1027/785 913/959/785 912/958/785
f 906/1027/786 907/1029/786 914/967/786 913/959/786
f 907/1029/787 908/1030/787 915/975/787 914/967/787
f 908/1030/788 909/1031/788 916/983/788 915/975/788
f 909/1031/789 910/1032/789 917/991/789 916/983/789
f 910/1032/790 911/1033/790 918/992/790 917/991/790
f 911/1033/791 821/941/791 822/942/791 918/992/791
f 822/944/792 870/943/792 918/1034/792
f 919/1035/793 922/1036/793 929/1037/793 928/1038/793
f 922/1036/794 923/1039/794 930/1040/794 929/1037/794
f 923/1039/795 924/1041/795 931/1042/795 930/1040/795
f 924/1041/796 925/1043/796 932/1044/796 931/1042/796
f 925/1043/797 926/1045/797 933/1046/797 932/1044/797
f 926/1045/798 927/1047/798 934/1048/798 933/1046/798
f 927/1047/799 1011/1049/799 1012/1050/799 934/1048/799
f 928/1038/800 929/1037/800 936/1051/800 935/1052/800
f 929/1037/801 930/1040/801 937/1053/801 936/1051/801
f 930/1040/802 931/1042/802 938/1054/802 937/1053/802
f 931/1042/803 932/1044/803 939/1055/803 938/1054/803
f 932/1044/804 933/1046/804 940/1056/804 939/1055/804
f 933/1046/805 934/1048/805 941/1057/805 940/1056/805
f 934/1048/806 1012/1050/806 1013/1058/806 941/1057/806
f 935/1052/807 936/1051/807 943/1059/807 942/1060/807
f 936/1051/808 937/1053/808 944/1061/808 943/1059/808
f 937/1053/809 938/1054/809 945/1062/809 944/1061/809
f 938/1054/810 939/1055/810 946/1063/810 945/1062/810
f 939/1055/811 940/1056/811 947/1064/811 946/1063/811
f 940/1056/812 941/1057/812 948/1065/812 947/1064/812
f 941/1057/813 1013/1058/813 1014/1066/813 948/1065/813
f 942/1060/814 943/1059/814 950/1067/814 949/1068/814
f 943/1059/815 944/1061/815 951/1069/815 950/1067/815
f 944/1061/816 945/1062/816 952/1070/816 951/1069/816
f 945/1062/817 946/1063/817 953/1071/817 952/1070/817
f 946/1063/818 947/1064/818 954/1072/818 953/1071/818
f 947/1064/819 948/1065/819 955/1073/819 954/1072/819
f 948/1065/820 1014/1066/820 1015/1074/820 955/1073/820
f 949/1068/821 950/1067/821 957/1075/821 956/1076/821
f 950/1067/822 951/1069/822 958/1077/822 957/1075/822
f 951/1069/823 952/1070/823 959/1078/823 958/1077/823
f 952/1070/824 953/1071/824 960/1079/824 959/1078/824
f 953/1071/825 954/1072/825 961/1080/825 960/1079/825
f 954/1072/826 955/1073/826 962/1081/826 961/1080/826
f 955/1073/827 1015/1074/827 1016/1082/827 962/1081/827
f 956/1076/828 957/1075/828 964/1083/828 963/1084/828
f 957/1075/829 958/1077/829 965/1085/829 964/1083/829
f 958/1077/830 959/1078/830 966/1086/830 965/1085/830
f 959/1078/831 960/1079/831 967/1087/831 966/1086/831
f 960/1079/832 961/1080/832 968/1088/832 967/1087/832
f 961/1080/833 962/1081/833 969/1089/833 968/1088/833
f 962/1081/834 1016/1082/834 1017/1090/834 969/1089/834
f 920/80/835 970/1091/835 977/1092/835 976/1093/835
f 970/1091/836 971/1094/836 978/1095/836 977/1092/836
f 971/1094/837 972/1096/837 979/1097/837 978/1095/837
f 972/1096/838 973/1098/838 980/1099/838 979/1097/838
f 973/1098/839 974/1100/839 981/1101/839 980/1099/839
f 974/1100/840 975/1102/840 982/1103/840 981/1101/840
f 975/1102/841 1059/1104/841 1060/1105/841 982/1103/841
f 976/1093/842 977/1092/842 984/1106/842 983/1107/842
f 977/1092/843 978/1095/843 985/1108/843 984/1106/843
f 978/1095/844 979/1097/844 986/1109/844 985/1108/844
f 979/1097/845 980/1099/845 987/1110/845 986/1109/845
f 980/1099/846 981/1101/846 988/1111/846 987/1110/846
f 981/1101/847 982/1103/847 989/1112/847 988/1111/847
f 982/1103/848 1060/1105/848 1061/1113/848 989/1112/848
f 983/1107/849 984/1106/849 991/1114/849 990/1115/849
f 984/1106/850 985/1108/850 992/1116/850 991/1114/850
f 985/1108/851 986/1109/851 993/1117/851 992/1116/851
f 986/1109/852 987/1110/852 994/1118/852 993/1117/852
f 987/1110/853 988/1111/853 995/1119/853 994/1118/853
f 988/1111/854 989/1112/854 996/1120/854 995/1119/854
f 989/1112/855 1061/1113/855 1062/1121/855 996/1120/855
f 990/1115/856 991/1114/856 998/1122/856 997/1123/856
f 991/1114/857 992/1116/857 999/1124/857 998/1122/857
f 992/1116/858 993/1117/858 1000/1125/858 999/1124/858
f 993/1117/859 994/1118/859 1001/1126/859 1000/1125/859
f 994/1118/860 995/1119/860 1002/1127/860 1001/1126/860
f 995/1119/861 996/1120/861 1003/1128/861 1002/1127/861
f 996/1120/862 1062/1121/862 1063/1129/862 1003/1128/862
f 997/1123/863 998/1122/863 1005/1130/863 1004/1131/863
f 998/1122/864 999/1124/864 1006/1132/864 1005/1130/864
f 999/1124/865 1000/1125/865 1007/1133/865 1006/1132/865
f 1000/1125/866 1001/1126/866 1008/1134/866 1007/1133/866
f 1001/1126/867 1002/1127/867 1009/1135/867 1008/1134/867
f 1002/1127/868 1003/1128/868 1010/1136/868 1009/1135/868
f 1003/1128/869 1063/1129/869 1064/1137/869 1010/1136/869
f 1004/1131/870 1005/1130/870 1012/1138/870 1011/1139/870
f 1005/1130/871 1006/1132/871 1013/1140/871 1012/1138/871
f 1006/1132/872 1007/1133/872 1014/1141/872 1013/1140/872
f 1007/1133/873 1008/1134/873 1015/1142/873 1014/1141/873
f 1008/1134/874 1009/1135/874 1016/1143/874 1015/1142/874
f 1009/1135/875 1010/1136/875 1017/1144/875 1016/1143/875
f 1010/1136/876 1064/1137/876 1065/1145/876 1017/1144/876
f 921/65/877 1018/1146/877 1025/1147/877 1024/1148/877
f 1018/1146/878 1019/1149/878 1026/1150/878 1025/1147/878
f 1019/1149/879 1020/1151/879 1027/1152/879 1026/1150/879
f 1020/1151/880 1021/1153/880 1028/1154/880 1027/1152/880
f 1021/1153/881 1022/1155/881 1029/1156/881 1028/1154/881
f 1022/1155/882 1023/1157/882 1030/1158/882 1029/1156/882
f 1023/1157/883 963/1084/883 964/1083/883 1030/1158/883
f 1024/1148/884 1025/1147/884 1032/1159/884 1031/1160/884
f 1025/1147/885 1026/1150/885 1033/1161/885 1032/1159/885
f 1026/1150/886 1027/1152/886 1034/1162/886 1033/1161/886
f 1027/1152/887 1028/1154/887 1035/1163/887 1034/1162/887
f 1028/1154/888 1029/1156/888 1036/1164/888 1035/1163/888
f 1029/1156/889 1030/1158/889 1037/1165/889 1036/1164/889
f 1030/1158/890 964/1083/890 965/1085/890 1037/1165/890
f 1031/1160/891 1032/1159/891 1039/1166/891 1038/1167/891
f 1032/1159/892 1033/1161/892 1040/1168/892 1039/1166/892
f 1033/1161/893 1034/1162/893 1041/1169/893 1040/1168/893
f 1034/1162/894 1035/1163/894 1042/1170/894 1041/1169/894
f 1035/1163/895 1036/1164/895 1043/1171/895 1042/1170/895
f 1036/1164/896 1037/1165/896 1044/1172/896 1043/1171/896
f 1037/1165/897 965/1085/897 966/1086/897 1044/1172/897
f 1038/1167/898 1039/1166/898 1046/1173/898 1045/1174/898
f 1039/1166/899 1040/1168/899 1047/1175/899 1046/1173/899
f 1040/1168/900 1041/1169/900 1048/1176/900 1047/1175/900
f 1041/1169/901 1042/1170/901 1049/1177/901 1048/1176/901
f 1042/1170/902 1043/1171/902 1050/1178/902 1049/1177/902
f 1043/1171/903 1044/1172/903 1051/1179/903 1050/1178/903
f 1044/1172/904 966/1086/904 967/1087/904 1051/1179/904
f 1045/1174/905 1046/1173/905 1053/1180/905 1052/1181/905
f 1046/1173/906 1047/1175/906 1054/1182/906 1053/1180/906
f 1047/1175/907 1048/1176/907 1055/1183/907 1054/1182/907
f 1048/1176/908 1049/1177/908 1056/1184/908 1055/1183/908
f 1049/1177/909 1050/1178/909 1057/1185/909 1056/1184/909
f 1050/1178/910 1051/1179/910 1058/1186/910 1057/1185/910
f 1051/1179/911 967/1087/911 968/1088/911 1058/1186/911
f 1052/1181/912 1053/1180/912 1060/1105/912 1059/1104/912
f 1053/1180/913 1054/1182/913 1061/1113/913 1060/1105/913
f 1054/1182/914 1055/1183/914 1062/1121/914 1061/1113/914
f 1055/1183/915 1056/1184/915 1063/1129/915 1062/1121/915
f 1056/1184/916 1057/1185/916 1064/1137/916 1063/1129/916
f 1057/1185/917 1058/1186/917 1065/1145/917 1064/1137/917
f 1058/1186/918 968/1088/918 969/1089/918 1065/1145/918
f 969/1089/919 1017/1090/919 1065/1187/919
f 1066/69/920 1069/1188/920 1076/1189/920 1075/1190/920
f 1069/1188/921 1070/1191/921 1077/1192/921 1076/1189/921
f 1070/1191/922 1071/1193/922 1078/1194/922 1077/1192/922
f 1071/1193/923 1072/1195/923 1079/1196/923 1078/1194/923
f 1072/1195/924 1073/1197/924 1080/1198/924 1079/1196/924
f 1073/1197/925 1074/1199/925 1081/1200/925 1080/1198/925
f 1074/1199/926 1158/1201/926 1159/1202/926 1081/1200/926
f 1075/1190/927 1076/1189/927 1083/1203/927 1082/1204/927
f 1076/1189/928 1077/1192/928 1084/1205/928 1083/1203/928
f 1077/1192/929 1078/1194/929 1085/1206/929 1084/1205/929
f 1078/1194/930 1079/1196/930 1086/1207/930 1085/1206/930
f 1079/1196/931 1080/1198/931 1087/1208/931 1086/1207/931
f 1080/1198/932 1081/1200/932 1088/1209/932 1087/1208/932
f 1081/1200/933 1159/1202/933 1160/1210/933 1088/1209/933
f 1082/1204/934 1083/1203/934 1090/1211/934 1089/1212/934
f 1083/1203/935 1084/1205/935 1091/1213/935 1090/1211/935
f 1084/1205/936 1085/1206/936 1092/1214/936 1091/1213/936
f 1085/1206/937 1086/1207/937 1093/1215/937 1092/1214/937
f 1086/1207/938 1087/1208/938 1094/1216/938 1093/1215/938
f 1087/1208/939 1088/1209/939 1095/1217/939 1094/1216/939
f 1088/1209/940 1160/1210/940 1161/1218/940 1095/1217/940
f 1089/1212/941 1090/1211/941 1097/1219/941 1096/1220/941
f 1090/1211/942 1091/1213/942 1098/1221/942 1097/1219/942
f 1091/1213/943 1092/1214/943 1099/1222/943 1098/1221/943
f 1092/1214/944 1093/1215/944 1100/1223/944 1099/1222/944
f 1093/1215/945 1094/1216/945 1101/1224/945 1100/1223/945
f 1094/1216/946 1095/1217/946 1102/1225/946 1101/1224/946
f 1095/1217/947 1161/1218/947 1162/1226/947 1102/1225/947
f 1096/1220/948 1097/1219/948 1104/1227/948 1103/1228/948
f 1097/1219/949 1098/1221/949 1105/1229/949 1104/1227/949
f 1098/1221/950 1099/1222/950 1106/1230/950 1105/1229/950
f 1099/1222/951 1100/1223/951 1107/1231/951 1106/1230/951
f 1100/1223/952 1101/1224/952 1108/1232/952 1107/1231/952
f 1101/1224/953 1102/1225/953 1109/1233/953 1108/1232/953
f 1102/1225/954 1162/1226/954 1163/1234/954 1109/1233/954
f 1103/1228/955 1104/1227/955 1111/1235/955 1110/1236/955
f 1104/1227/956 1105/1229/956 1112/1237/956 1111/1235/956
f 1105/1229/957 1106/1230/957 1113/1238/957 1112/1237/957
f 1106/1230/958 1107/1231/958 1114/1239/958 1113/1238/958
f 1107/1231/959 1108/1232/959 1115/1240/959 1114/1239/959
f 1108/1232/960 1109/1233/960 1116/1241/960 1115/1240/960
f 1109/1233/961 1163/1234/961 1164/1242/961 1116/1241/961
f 1067/66/962 1117/1243/962 1124/1244/962 1123/1245/962
f 1117/1243/963 1118/1246/963 1125/1247/963 1124/1244/963
f 1118/1246/964 1119/1248/964 1126/1249/964 1125/1247/964
f 1119/1248/965 1120/1250/965 1127/1251/965 1126/1249/965
f 1120/1250/966 1121/1252/966 1128/1253/966 1127/1251/966
f 1121/1252/967 1122/1254/967 1129/1255/967 1128/1253/967
f 1122/1254/968 1206/1256/968 1207/1257/968 1129/1255/968
f 1123/1245/969 1124/1244/969 1131/1258/969 1130/1259/969
f 1124/1244/970 1125/1247/970 1132/1260/970 1131/1258/970
f 1125/1247/971 1126/1249/971 1133/1261/971 1132/1260/971
f 1126/1249/972 1127/1251/972 1134/1262/972 1133/1261/972
f 1127/1251/973 1128/1253/973 1135/1263/973 1134/1262/973
f 1128/1253/974 1129/1255/974 1136/1264/974 1135/1263/974
f 1129/1255/975 1207/1257/975 1208/1265/975 1136/1264/975
f 1130/1259/976 1131/1258/976 1138/1266/976 1137/1267/976
f 1131/1258/977 1132/1260/977 1139/1268/977 1138/1266/977
f 1132/1260/978 1133/1261/978 1140/1269/978 1139/1268/978
f 1133/1261/979 1134/1262/979 1141/1270/979 1140/1269/979
f 1134/1262/980 1135/1263/980 1142/1271/980 1141/1270/980
f 1135/1263/981 1136/1264/981 1143/1272/981 1142/1271/981
f 1136/1264/982 1208/1265/982 1209/1273/982 1143/1272/982
f 1137/1267/983 1138/1266/983 1145/1274/983 1144/1275/983
f 1138/1266/984 1139/1268/984 1146/1276/984 1145/1274/984
f 1139/1268/985 1140/1269/985 1147/1277/985 1146/1276/985
f 1140/1269/986 1141/1270/986 1148/1278/986 1147/1277/986
f 1141/1270/987 1142/1271/987 1149/1279/987 1148/1278/987
f 1142/1271/988 1143/1272/988 1150/1280/988 1149/1279/988
f 1143/1272/989 1209/1273/989 1210/1281/989 1150/1280/989
f 1144/1275/990 1145/1274/990 1152/1282/990 1151/1283/990
f 1145/1274/991 1146/1276/991 1153/1284/991 1152/1282/991
f 1146/1276/992 1147/1277/992 1154/1285/992 1153/1284/992
f 1147/1277/993 1148/1278/993 1155/1286/993 1154/1285/993
f 1148/1278/994 1149/1279/994 1156/1287/994 1155/1286/994
f 1149/1279/995 1150/1280/995 1157/1288/995 1156/1287/995
f 1150/1280/996 1210/1281/996 1211/1289/996 1157/1288/996
f 1151/1283/997 1152/1282/997 1159/1202/997 1158/1201/997
f 1152/1282/998 1153/1284/998 1160/1210/998 1159/1202/998
f 1153/1284/999 1154/1285/999 1161/1218/999 1160/1210/999
f 1154/1285/1000 1155/1286/1000 1162/1226/1000 1161/1218/1000
f 1155/1286/1001 1156/1287/1001 1163/1234/1001 1162/1226/1001
f 1156/1287/1002 1157/1288/1002 1164/1242/1002 1163/1234/1002
f 1157/1288/1003 1211/1289/1003 1212/1290/1003 1164/1242/1003
f 1068/79/1004 1165/1291/1004 1172/1292/1004 1171/1293/1004
f 1165/1291/1005 1166/1294/1005 1173/1295/1005 1172/1292/1005
f 1166/1294/1006 1167/1296/1006 1174/1297/1006 1173/1295/1006
f 1167/1296/1007 1168/1298/1007 1175/1299/1007 1174/1297/1007
f 1168/1298/1008 1169/1300/1008 1176/1301/1008 1175/1299/1008
f 1169/1300/1009 1170/1302/1009 1177/1303/1009 1176/1301/1009
f 1170/1302/1010 1110/1304/1010 1111/1305/1010 1177/1303/1010
f 1171/1293/1011 1172/1292/1011 1179/1306/1011 1178/1307/1011
f 1172/1292/1012 1173/1295/1012 1180/1308/1012 1179/1306/1012
f 1173/1295/1013 1174/1297/1013 1181/1309/1013 1180/1308/1013
f 1174/1297/1014 1175/1299/1014 1182/1310/1014 1181/1309/1014
f 1175/1299/1015 1176/1301/1015 1183/1311/1015 1182/1310/1015
f 1176/1301/1016 1177/1303/1016 1184/1312/1016 1183/1311/1016
f 1177/1303/1017 1111/1305/1017 1112/1313/1017 1184/1312/1017
f 1178/1307/1018 1179/1306/1018 1186/1314/1018 1185/1315/1018
f 1179/1306/1019 1180/1308/1019 1187/1316/1019 1186/1314/1019
f 1180/1308/1020 1181/1309/1020 1188/1317/1020 1187/1316/1020
f 1181/1309/1021 1182/1310/1021 1189/1318/1021 1188/1317/1021
f 1182/1310/1022 1183/1311/1022 1190/1319/1022 1189/1318/1022
f 1183/1311/1023 1184/1312/1023 1191/1320/1023 1190/1319/1023
f 1184/1312/1024 1112/1313/1024 1113/1321/1024 1191/1320/1024
f 1185/1315/1025 1186/1314/1025 1193/1322/1025 1192/1323/1025
f 1186/1314/1026 1187/1316/1026 1194/1324/1026 1193/1322/1026
f 1187/1316/1027 1188/1317/1027 1195/1325/1027 1194/1324/1027
f 1188/1317/1028 1189/1318/1028 1196/1326/1028 1195/1325/1028
f 1189/1318/1029 1190/1319/1029 1197/1327/1029 1196/1326/1029
f 1190/1319/1030 1191/1320/1030 1198/1328/1030 1197/1327/1030
f 1191/1320/1031 1113/1321/1031 1114/1329/1031 1198/1328/1031
f 1192/1323/1032 1193/1322/1032 1200/1330/1032 1199/1331/1032
f 1193/1322/1033 1194/1324/1033 1201/1332/1033 1200/1330/1033
f 1194/1324/1034 1195/1325/1034 1202/1333/1034 1201/1332/1034
f 1195/1325/1035 1196/1326/1035 1203/1334/1035 1202/1333/1035
f 1196/1326/1036 1197/1327/1036 1204/1335/1036 1203/1334/1036
f 1197/1327/1037 1198/1328/1037 1205/1336/1037 1204/1335/1037
f 1198/1328/1038 1114/1329/1038 1115/1337/1038 1205/1336/1038
f 1199/1331/1039 1200/1330/1039 1207/1257/1039 1206/1256/1039
f 1200/1330/1040 1201/1332/1040 1208/1265/1040 1207/1257/1040
f 1201/1332/1041 1202/1333/1041 1209/1273/1041 1208/1265/1041
f 1202/1333/1042 1203/1334/1042 1210/1281/1042 1209/1273/1042
f 1203/1334/1043 1204/1335/1043 1211/1289/1043 1210/1281/1043
f 1204/1335/1044 1205/1336/1044 1212/1290/1044 1211/1289/1044
f 1205/1336/1045 1115/1337/1045 1116/1338/1045 1212/1290/1045
f 1116/1338/1046 1164/1339/1046 1212/1290/1046
f 331/412/1047 37/81/1047 46/84/1047 334/413/1047
f 334/413/1048 46/84/1048 53/98/1048 335/416/1048
f 335/416/1049 53/98/1049 60/106/1049 336/418/1049
f 336/418/1050 60/106/1050 67/114/1050 337/420/1050
f 337/420/1051 67/114/1051 74/122/1051 338/422/1051
f 338/422/1052 74/122/1052 81/130/1052 339/424/1052
f 339/424/1053 81/130/1053 141/212/1053 423/426/1053
f 423/516/1054 141/210/1054 140/208/1054 416/508/1054
f 416/508/1055 140/208/1055 139/206/1055 409/500/1055
f 409/500/1056 139/206/1056 138/204/1056 402/492/1056
f 402/492/1057 138/204/1057 137/202/1057 395/484/1057
f 395/484/1058 137/202/1058 136/199/1058 388/470/1058
f 388/470/1059 136/199/1059 39/73/1059 332/76/1059
f 38/64/1060 184/63/1060 193/249/1060 88/137/1060
f 88/137/1061 193/249/1061 200/263/1061 89/140/1061
f 89/140/1062 200/263/1062 207/271/1062 90/142/1062
f 90/142/1063 207/271/1063 214/279/1063 91/144/1063
f 91/144/1064 214/279/1064 221/287/1064 92/146/1064
f 92/146/1065 221/287/1065 228/295/1065 93/148/1065
f 93/150/1066 228/377/1066 288/375/1066 177/151/1066
f 177/151/1067 288/375/1067 287/373/1067 170/239/1067
f 170/239/1068 287/373/1068 286/371/1068 163/231/1068
f 163/231/1069 286/371/1069 285/369/1069 156/223/1069
f 156/223/1070 285/369/1070 284/367/1070 149/215/1070
f 149/215/1071 284/367/1071 283/364/1071 142/201/1071
f 142/201/1072 283/364/1072 186/74/1072 39/73/1072
f 185/71/1073 478/70/1073 487/573/1073 235/302/1073
f 235/302/1074 487/573/1074 494/589/1074 236/305/1074
f 236/305/1075 494/589/1075 501/598/1075 237/307/1075
f 237/307/1076 501/598/1076 508/607/1076 238/309/1076
f 238/309/1077 508/607/1077 515/616/1077 239/311/1077
f 239/311/1078 515/616/1078 522/625/1078 240/313/1078
f 240/315/1079 522/694/1079 582/692/1079 324/316/1079
f 324/316/1080 582/692/1080 581/690/1080 317/404/1080
f 317/404/1081 581/690/1081 580/688/1081 310/396/1081
f 310/396/1082 580/688/1082 579/686/1082 303/388/1082
f 303/388/1083 579/686/1083 578/684/1083 296/380/1083
f 296/380/1084 578/684/1084 577/681/1084 289/366/1084
f 289/366/1085 577/681/1085 480/75/1085 186/74/1085
f 479/78/1086 333/77/1086 436/525/1086 529/633/1086
f 529/633/1087 436/525/1087 443/539/1087 530/636/1087
f 530/636/1088 443/539/1088 450/547/1088 531/638/1088
f 531/638/1089 450/547/1089 457/555/1089 532/640/1089
f 532/640/1090 457/555/1090 464/563/1090 533/642/1090
f 533/642/1091 464/563/1091 471/481/1091 534/644/1091
f 534/644/1092 471/481/1092 387/479/1092 618/646/1092
f 618/646/1093 387/479/1093 386/477/1093 611/721/1093
f 611/721/1094 386/477/1094 385/475/1094 604/713/1094
f 604/713/1095 385/475/1095 384/473/1095 597/705/1095
f 597/705/1096 384/473/1096 383/471/1096 590/697/1096
f 590/697/1097 383/471/1097 382/468/1097 583/683/1097
f 583/683/1098 382/468/1098 332/76/1098 480/75/1098
f 919/1035/1099 331/412/1099 340/415/1099 922/1036/1099
f 922/1036/1100 340/415/1100 347/429/1100 923/1039/1100
f 923/1039/1101 347/429/1101 354/437/1101 924/1041/1101
f 924/1041/1102 354/437/1102 361/445/1102 925/1043/1102
f 925/1043/1103 361/445/1103 368/453/1103 926/1045/1103
f 926/1045/1104 368/453/1104 375/461/1104 927/1047/1104
f 927/1047/1105 375/461/1105 435/536/1105 1011/1049/1105
f 1011/1139/1106 435/534/1106 434/532/1106 1004/1131/1106
f 1004/1131/1107 434/532/1107 433/530/1107 997/1123/1107
f 997/1123/1108 433/530/1108 432/528/1108 990/1115/1108
f 990/1115/1109 432/528/1109 431/526/1109 983/1107/1109
f 983/1107/1110 431/526/1110 430/523/1110 976/1093/1110
f 976/1093/1111 430/523/1111 333/77/1111 920/80/1111
f 478/70/1112 1066/69/1112 1075/1190/1112 481/571/1112
f 481/571/1113 1075/1190/1113 1082/1204/1113 482/574/1113
f 482/574/1114 1082/1204/1114 1089/1212/1114 483/576/1114
f 483/576/1115 1089/1212/1115 1096/1220/1115 484/578/1115
f 484/578/1116 1096/1220/1116 1103/1228/1116 485/580/1116
f 485/580/1117 1103/1228/1117 1110/1236/1117 486/582/1117
f 486/584/1118 1110/1304/1118 1170/1302/1118 570/585/1118
f 570/585/1119 1170/1302/1119 1169/1300/1119 563/673/1119
f 563/673/1120 1169/1300/1120 1168/1298/1120 556/665/1120
f 556/665/1121 1168/1298/1121 1167/1296/1121 549/657/1121
f 549/657/1122 1167/1296/1122 1166/1294/1122 542/649/1122
f 542/649/1123 1166/1294/1123 1165/1291/1123 535/635/1123
f 535/635/1124 1165/1291/1124 1068/79/1124 479/78/1124
f 1067/66/1125 921/65/1125 1024/1148/1125 1117/1243/1125
f 1117/1243/1126 1024/1148/1126 1031/1160/1126 1118/1246/1126
f 1118/1246/1127 1031/1160/1127 1038/1167/1127 1119/1248/1127
f 1119/1248/1128 1038/1167/1128 1045/1174/1128 1120/1250/1128
f 1120/1250/1129 1045/1174/1129 1052/1181/1129 1121/1252/1129
f 1121/1252/1130 1052/1181/1130 1059/1104/1130 1122/1254/1130
f 1122/1254/1131 1059/1104/1131 975/1102/1131 1206/1256/1131
f 1206/1256/1132 975/1102/1132 974/1100/1132 1199/1331/1132
f 1199/1331/1133 974/1100/1133 973/1098/1133 1192/1323/1133
f 1192/1323/1134 973/1098/1134 972/1096/1134 1185/1315/1134
f 1185/1315/1135 972/1096/1135 971/1094/1135 1178/1307/1135
f 1178/1307/1136 971/1094/1136 970/1091/1136 1171/1293/1136
f 1171/1293/1137 970/1091/1137 920/80/1137 1068/79/1137
f 625/730/1138 919/1035/1138 928/1038/1138 628/731/1138
f 628/731/1139 928/1038/1139 935/1052/1139 629/734/1139
f 629/734/1140 935/1052/1140 942/1060/1140 630/736/1140
f 630/736/1141 942/1060/1141 949/1068/1141 631/738/1141
f 631/738/1142 949/1068/1142 956/1076/1142 632/740/1142
f 632/740/1143 956/1076/1143 963/1084/1143 633/742/1143
f 633/742/1144 963/1084/1144 1023/1157/1144 717/744/1144
f 717/744/1145 1023/1157/1145 1022/1155/1145 710/826/1145
f 710/826/1146 1022/1155/1146 1021/1153/1146 703/818/1146
f 703/818/1147 1021/1153/1147 1020/1151/1147 696/810/1147
f 696/810/1148 1020/1151/1148 1019/1149/1148 689/802/1148
f 689/802/1149 1019/1149/1149 1018/1146/1149 682/788/1149
f 682/788/1150 1018/1146/1150 921/65/1150 626/68/1150
f 1066/69/1151 772/72/1151 781/885/1151 1069/1188/1151
f 1069/1188/1152 781/885/1152 788/901/1152 1070/1191/1152
f 1070/1191/1153 788/901/1153 795/910/1153 1071/1193/1153
f 1071/1193/1154 795/910/1154 802/919/1154 1072/1195/1154
f 1072/1195/1155 802/919/1155 809/928/1155 1073/1197/1155
f 1073/1197/1156 809/928/1156 816/937/1156 1074/1199/1156
f 1074/1199/1157 816/937/1157 876/1004/1157 1158/1201/1157
f 1158/1201/1158 876/1004/1158 875/1002/1158 1151/1283/1158
f 1151/1283/1159 875/1002/1159 874/1000/1159 1144/1275/1159
f 1144/1275/1160 874/1000/1160 873/998/1160 1137/1267/1160
f 1137/1267/1161 873/998/1161 872/996/1161 1130/1259/1161
f 1130/1259/1162 872/996/1162 871/993/1162 1123/1245/1162
f 1123/1245/1163 871/993/1163 774/67/1163 1067/66/1163
f 773/62/1164 627/61/1164 730/836/1164 823/945/1164
f 823/945/1165 730/836/1165 737/850/1165 824/948/1165
f 824/948/1166 737/850/1166 744/858/1166 825/950/1166
f 825/950/1167 744/858/1167 751/866/1167 826/952/1167
f 826/952/1168 751/866/1168 758/874/1168 827/954/1168
f 827/954/1169 758/874/1169 765/799/1169 828/956/1169
f 828/956/1170 765/799/1170 681/797/1170 912/958/1170
f 912/958/1171 681/797/1171 680/795/1171 905/1028/1171
f 905/1028/1172 680/795/1172 679/793/1172 898/1021/1172
f 898/1021/1173 679/793/1173 678/791/1173 891/1014/1173
f 891/1014/1174 678/791/1174 677/789/1174 884/1007/1174
f 884/1007/1175 677/789/1175 676/786/1175 877/995/1175
f 877/995/1176 676/786/1176 626/68/1176 774/67/1176
f 37/81/1177 625/730/1177 634/733/1177 40/82/1177
f 40/82/1178 634/733/1178 641/747/1178 41/85/1178
f 41/85/1179 641/747/1179 648/755/1179 42/87/1179
f 42/87/1180 648/755/1180 655/763/1180 43/89/1180
f 43/89/1181 655/763/1181 662/771/1181 44/91/1181
f 44/91/1182 662/771/1182 669/779/1182 45/93/1182
f 45/93/1183 669/779/1183 729/847/1183 129/95/1183
f 129/191/1184 729/845/1184 728/843/1184 122/182/1184
f 122/182/1185 728/843/1185 727/841/1185 115/173/1185
f 115/173/1186 727/841/1186 726/839/1186 108/164/1186
f 108/164/1187 726/839/1187 725/837/1187 101/155/1187
f 101/155/1188 725/837/1188 724/834/1188 94/139/1188
f 94/139/1189 724/834/1189 627/61/1189 38/64/1189
f 772/72/1190 185/71/1190 241/304/1190 775/883/1190
f 775/883/1191 241/304/1191 248/320/1191 776/886/1191
f 776/886/1192 248/320/1192 255/329/1192 777/888/1192
f 777/888/1193 255/329/1193 262/338/1193 778/890/1193
f 778/890/1194 262/338/1194 269/347/1194 779/892/1194
f 779/892/1195 269/347/1195 276/356/1195 780/894/1195
f 780/896/1196 276/260/1196 192/258/1196 864/897/1196
f 864/897/1197 192/258/1197 191/256/1197 857/985/1197
f 857/985/1198 191/256/1198 190/254/1198 850/977/1198
f 850/977/1199 190/254/1199 189/252/1199 843/969/1199
f 843/969/1200 189/252/1200 188/250/1200 836/961/1200
f 836/961/1201 188/250/1201 187/247/1201 829/947/1201
f 829/947/1202 187/247/1202 184/63/1202 773/62/1202
f 331/412/1203 919/1035/1203 625/730/1203 37/81/1203
o Cube.011
v -13.727172 -5.624829 1.886910
v -13.727172 -5.282548 1.932547
v -13.864084 -5.282548 1.886910
v -13.727172 -5.622334 1.892410
v -13.727172 -5.614883 1.897831
v -13.727172 -5.602585 1.903093
v -13.727172 -5.585621 1.908119
v -13.727172 -5.564242 1.912834
v -13.727172 -5.538751 1.917172
v -13.743673 -5.622334 1.886909
v -13.743914 -5.619622 1.892543
v -13.744028 -5.611645 1.898125
v -13.744078 -5.598764 1.903443
v -13.744062 -5.581550 1.908397
v -13.744031 -5.560562 1.912931
v -13.744016 -5.536222 1.917030
v -13.759936 -5.614883 1.886909
v -13.760641 -5.611690 1.892599
v -13.760916 -5.603181 1.898250
v -13.760844 -5.589966 1.903543
v -13.760557 -5.572927 1.908355
v -13.760251 -5.552814 1.912652
v -13.760068 -5.530025 1.916469
v -13.775723 -5.602585 1.886909
v -13.776688 -5.598785 1.892607
v -13.776915 -5.589935 1.898226
v -13.776510 -5.576849 1.903418
v -13.775719 -5.560600 1.908039
v -13.774921 -5.541958 1.912071
v -13.774429 -5.521128 1.915593
v -13.790799 -5.585621 1.886909
v -13.791656 -5.581469 1.892587
v -13.791509 -5.572766 1.898112
v -13.790515 -5.560491 1.903145
v -13.789016 -5.545803 1.907543
v -13.787580 -5.529275 1.911304
v -13.786694 -5.510780 1.914534
v -13.804945 -5.564242 1.886909
v -13.805326 -5.560369 1.892560
v -13.804485 -5.552548 1.897983
v -13.802690 -5.541781 1.902860
v -13.800356 -5.529215 1.907059
v -13.798131 -5.515379 1.910565
v -13.796654 -5.499982 1.913478
v -13.817961 -5.538751 1.886909
v -13.817640 -5.535970 1.892535
v -13.815961 -5.529736 1.897891
v -13.813279 -5.520956 1.902673
v -13.810061 -5.510717 1.906755
v -13.806880 -5.499969 1.910071
v -13.804371 -5.489092 1.912642
v -13.743673 -5.282548 1.932214
v -13.759936 -5.282548 1.931221
v -13.775723 -5.282548 1.929581
v -13.790799 -5.282548 1.927319
v -13.804945 -5.282548 1.924469
v -13.817961 -5.282548 1.921070
v -13.727172 -5.323801 1.932214
v -13.744074 -5.324404 1.931853
v -13.760818 -5.324688 1.930789
v -13.776773 -5.324812 1.929072
v -13.791635 -5.324775 1.926776
v -13.805237 -5.324697 1.923978
v -13.817533 -5.324658 1.920733
v -13.727172 -5.364460 1.931221
v -13.744241 -5.366221 1.930795
v -13.761194 -5.366908 1.929661
v -13.777074 -5.366729 1.927899
v -13.791510 -5.366011 1.925627
v -13.804398 -5.365246 1.922945
v -13.815849 -5.364788 1.919906
v -13.727172 -5.403927 1.929581
v -13.744265 -5.406339 1.929075
v -13.761123 -5.406907 1.927894
v -13.776696 -5.405895 1.926150
v -13.790561 -5.403914 1.923983
v -13.802657 -5.401923 1.921497
v -13.813221 -5.400691 1.918720
v -13.727172 -5.441617 1.927319
v -13.744205 -5.443761 1.926765
v -13.760780 -5.443391 1.925605
v -13.775878 -5.440906 1.923969
v -13.789074 -5.437158 1.922010
v -13.800357 -5.433568 1.919806
v -13.810044 -5.431353 1.917340
v -13.727172 -5.476982 1.924469
v -13.744123 -5.477935 1.923952
v -13.760391 -5.475833 1.922909
v -13.775023 -5.471343 1.921474
v -13.787620 -5.465508 1.919798
v -13.798138 -5.459946 1.917953
v -13.806877 -5.456252 1.915901
v -13.727172 -5.509521 1.921070
v -13.744047 -5.508720 1.920699
v -13.760115 -5.504520 1.919868
v -13.774463 -5.497816 1.918697
v -13.786707 -5.489773 1.917332
v -13.796656 -5.481819 1.915899
v -13.804371 -5.475545 1.914449
v -13.863087 -5.323801 1.886909
v -13.860106 -5.364460 1.886909
v -13.855186 -5.403927 1.886909
v -13.848401 -5.441617 1.886909
v -13.839849 -5.476982 1.886909
v -13.829653 -5.509521 1.886909
v -13.863087 -5.282548 1.892410
v -13.862001 -5.324802 1.892490
v -13.858810 -5.366664 1.892528
v -13.853659 -5.406552 1.892545
v -13.846772 -5.443704 1.892540
v -13.838377 -5.477710 1.892529
v -13.828641 -5.508453 1.892524
v -13.860106 -5.282548 1.897831
v -13.858829 -5.325221 1.898066
v -13.855425 -5.367604 1.898157
v -13.850139 -5.407303 1.898134
v -13.843323 -5.443392 1.898038
v -13.835278 -5.475614 1.897936
v -13.826162 -5.504242 1.897875
v -13.855186 -5.282548 1.903093
v -13.853666 -5.325281 1.903415
v -13.850126 -5.367426 1.903491
v -13.844892 -5.406359 1.903356
v -13.838392 -5.441021 1.903092
v -13.830935 -5.471262 1.902826
v -13.822603 -5.497672 1.902662
v -13.848401 -5.282548 1.908119
v -13.846740 -5.325131 1.908405
v -13.843259 -5.366569 1.908355
v -13.838349 -5.404314 1.908024
v -13.832474 -5.437303 1.907524
v -13.825863 -5.465510 1.907045
v -13.818464 -5.489729 1.906750
v -13.839849 -5.282548 1.912834
v -13.838300 -5.324928 1.912961
v -13.835172 -5.365597 1.912681
v -13.830865 -5.402176 1.912082
v -13.825838 -5.433669 1.911304
v -13.820304 -5.459963 1.910563
v -13.814145 -5.481811 1.910070
v -13.829653 -5.282548 1.917172
v -13.828541 -5.324737 1.917066
v -13.826047 -5.364906 1.916506
v -13.822535 -5.400776 1.915612
v -13.818439 -5.431387 1.914539
v -13.814140 -5.456259 1.913479
v -13.809790 -5.475545 1.912642
v -13.727172 -2.717452 1.932547
v -13.727172 -2.375171 1.886910
v -13.864084 -2.717452 1.886910
v -13.727172 -2.676199 1.932214
v -13.727172 -2.635540 1.931221
v -13.727172 -2.596073 1.929581
v -13.727172 -2.558383 1.927319
v -13.727172 -2.523018 1.924469
v -13.727172 -2.490480 1.921070
v -13.743673 -2.717452 1.932214
v -13.743914 -2.675197 1.931853
v -13.744028 -2.633336 1.930789
v -13.744078 -2.593448 1.929072
v -13.744062 -2.556296 1.926776
v -13.744031 -2.522290 1.923978
v -13.744016 -2.491547 1.920733
v -13.759936 -2.717452 1.931221
v -13.760641 -2.674779 1.930795
v -13.760916 -2.632396 1.929661
v -13.760844 -2.592697 1.927899
v -13.760557 -2.556608 1.925627
v -13.760251 -2.524387 1.922945
v -13.760068 -2.495758 1.919906
v -13.775723 -2.717452 1.929581
v -13.776688 -2.674719 1.929075
v -13.776915 -2.632574 1.927894
v -13.776510 -2.593641 1.926150
v -13.775719 -2.558979 1.923983
v -13.774921 -2.528738 1.921497
v -13.774429 -2.502328 1.918720
v -13.790799 -2.717452 1.927319
v -13.791656 -2.674869 1.926765
v -13.791509 -2.633431 1.925605
v -13.790515 -2.595686 1.923969
v -13.789016 -2.562697 1.922010
v -13.787580 -2.534490 1.919806
v -13.786694 -2.510271 1.917340
v -13.804945 -2.717452 1.924469
v -13.805326 -2.675072 1.923952
v -13.804485 -2.634403 1.922909
v -13.802690 -2.597824 1.921474
v -13.800356 -2.566331 1.919798
v -13.798131 -2.540037 1.917953
v -13.796654 -2.518189 1.915901
v -13.817961 -2.717452 1.921070
v -13.817640 -2.675263 1.920699
v -13.815961 -2.635094 1.919868
v -13.813279 -2.599224 1.918697
v -13.810061 -2.568613 1.917332
v -13.806880 -2.543741 1.915899
v -13.804371 -2.524455 1.914449
v -13.743673 -2.377666 1.886909
v -13.759936 -2.385117 1.886909
v -13.775723 -2.397415 1.886909
v -13.790799 -2.414379 1.886909
v -13.804945 -2.435758 1.886909
v -13.817961 -2.461249 1.886909
v -13.727172 -2.377666 1.892410
v -13.744074 -2.380378 1.892490
v -13.760818 -2.388355 1.892528
v -13.776773 -2.401235 1.892545
v -13.791635 -2.418450 1.892540
v -13.805237 -2.439438 1.892529
v -13.817533 -2.463778 1.892524
v -13.727172 -2.385117 1.897831
v -13.744241 -2.388310 1.898066
v -13.761194 -2.396819 1.898157
v -13.777074 -2.410034 1.898134
v -13.791510 -2.427073 1.898038
v -13.804398 -2.447187 1.897936
v -13.815849 -2.469975 1.897875
v -13.727172 -2.397415 1.903093
v -13.744265 -2.401214 1.903415
v -13.761123 -2.410064 1.903491
v -13.776696 -2.423151 1.903356
v -13.790561 -2.439400 1.903092
v -13.802657 -2.458042 1.902826
v -13.813221 -2.478872 1.902662
v -13.727172 -2.414379 1.908119
v -13.744205 -2.418532 1.908405
v -13.760780 -2.427234 1.908355
v -13.775878 -2.439509 1.908024
v -13.789074 -2.454197 1.907524
v -13.800357 -2.470725 1.907045
v -13.810044 -2.489220 1.906750
v -13.727172 -2.435758 1.912834
v -13.744123 -2.439632 1.912961
v -13.760391 -2.447452 1.912681
v -13.775023 -2.458218 1.912082
v -13.787620 -2.470785 1.911304
v -13.798138 -2.484621 1.910563
v -13.806877 -2.500018 1.910070
v -13.727172 -2.461249 1.917172
v -13.744047 -2.464031 1.917066
v -13.760115 -2.470264 1.916506
v -13.774463 -2.479044 1.915612
v -13.786707 -2.489283 1.914539
v -13.796656 -2.500031 1.913479
v -13.804371 -2.510908 1.912642
v -13.863087 -2.717452 1.892410
v -13.860106 -2.717452 1.897831
v -13.855186 -2.717452 1.903093
v -13.848401 -2.717452 1.908119
v -13.839849 -2.717452 1.912834
v -13.829653 -2.717452 1.917172
v -13.863087 -2.676199 1.886909
v -13.862001 -2.675596 1.892543
v -13.858810 -2.675312 1.898125
v -13.853659 -2.675188 1.903443
v -13.846772 -2.675225 1.908397
v -13.838377 -2.675303 1.912931
v -13.828641 -2.675342 1.917030
v -13.860106 -2.635540 1.886909
v -13.858829 -2.633779 1.892599
v -13.855425 -2.633092 1.898250
v -13.850139 -2.633271 1.903543
v -13.843323 -2.633989 1.908355
v -13.835278 -2.634754 1.912652
v -13.826162 -2.635212 1.916469
v -13.855186 -2.596073 1.886909
v -13.853666 -2.593661 1.892607
v -13.850126 -2.593093 1.898226
v -13.844892 -2.594105 1.903418
v -13.838392 -2.596086 1.908039
v -13.830935 -2.598077 1.912071
v -13.822603 -2.599309 1.915593
v -13.848401 -2.558383 1.886909
v -13.846740 -2.556239 1.892587
v -13.843259 -2.556609 1.898112
v -13.838349 -2.559094 1.903145
v -13.832474 -2.562842 1.907543
v -13.825863 -2.566432 1.911304
v -13.818464 -2.568647 1.914534
v -13.839849 -2.523018 1.886909
v -13.838300 -2.522065 1.892560
v -13.835172 -2.524167 1.897983
v -13.830865 -2.528657 1.902860
v -13.825838 -2.534492 1.907059
v -13.820304 -2.540054 1.910565
v -13.814145 -2.543748 1.913478
v -13.829653 -2.490480 1.886909
v -13.828541 -2.491279 1.892535
v -13.826047 -2.495480 1.897891
v -13.822535 -2.502184 1.902673
v -13.818439 -2.510227 1.906755
v -13.814140 -2.518181 1.910071
v -13.809790 -2.524455 1.912642
v -13.727172 -5.624829 0.113090
v -13.864084 -5.282548 0.113090
v -13.727172 -5.282548 0.067453
v -13.743673 -5.622334 0.113090
v -13.759936 -5.614883 0.113090
v -13.775723 -5.602585 0.113090
v -13.790799 -5.585621 0.113090
v -13.804945 -5.564242 0.113090
v -13.817961 -5.538751 0.113090
v -13.727172 -5.622334 0.107590
v -13.744074 -5.619622 0.107510
v -13.760818 -5.611645 0.107472
v -13.776773 -5.598764 0.107455
v -13.791635 -5.581550 0.107460
v -13.805237 -5.560562 0.107471
v -13.817533 -5.536222 0.107476
v -13.727172 -5.614883 0.102169
v -13.744241 -5.611690 0.101934
v -13.761194 -5.603181 0.101842
v -13.777074 -5.589966 0.101866
v -13.791510 -5.572927 0.101962
v -13.804398 -5.552814 0.102064
v -13.815849 -5.530025 0.102125
v -13.727172 -5.602585 0.096907
v -13.744265 -5.598785 0.096585
v -13.761123 -5.589935 0.096509
v -13.776696 -5.576849 0.096644
v -13.790561 -5.560600 0.096908
v -13.802657 -5.541958 0.097174
v -13.813221 -5.521128 0.097338
v -13.727172 -5.585621 0.091881
v -13.744205 -5.581469 0.091595
v -13.760780 -5.572766 0.091645
v -13.775878 -5.560491 0.091976
v -13.789074 -5.545803 0.092476
v -13.800357 -5.529275 0.092955
v -13.810044 -5.510780 0.093250
v -13.727172 -5.564242 0.087166
v -13.744123 -5.560369 0.087039
v -13.760391 -5.552548 0.087319
v -13.775023 -5.541781 0.087918
v -13.787620 -5.529215 0.088696
v -13.798138 -5.515379 0.089437
v -13.806877 -5.499982 0.089930
v -13.727172 -5.538751 0.082827
v -13.744047 -5.535970 0.082934
v -13.760115 -5.529736 0.083494
v -13.774463 -5.520956 0.084388
v -13.786707 -5.510717 0.085460
v -13.796656 -5.499969 0.086521
v -13.804371 -5.489092 0.087358
v -13.863087 -5.282548 0.107590
v -13.860106 -5.282548 0.102169
v -13.855186 -5.282548 0.096907
v -13.848401 -5.282548 0.091881
v -13.839849 -5.282548 0.087166
v -13.829653 -5.282548 0.082827
v -13.863087 -5.323801 0.113090
v -13.862001 -5.324404 0.107457
v -13.858810 -5.324688 0.101875
v -13.853659 -5.324812 0.096557
v -13.846772 -5.324775 0.091603
v -13.838377 -5.324697 0.087069
v -13.828641 -5.324658 0.082970
v -13.860106 -5.364460 0.113090
v -13.858829 -5.366221 0.107401
v -13.855425 -5.366908 0.101750
v -13.850139 -5.366729 0.096456
v -13.843323 -5.366011 0.091645
v -13.835278 -5.365246 0.087348
v -13.826162 -5.364788 0.083531
v -13.855186 -5.403927 0.113090
v -13.853666 -5.406339 0.107393
v -13.850126 -5.406907 0.101773
v -13.844892 -5.405895 0.096582
v -13.838392 -5.403914 0.091961
v -13.830935 -5.401923 0.087929
v -13.822603 -5.400691 0.084407
v -13.848401 -5.441617 0.113090
v -13.846740 -5.443761 0.107413
v -13.843259 -5.443391 0.101888
v -13.838349 -5.440906 0.096855
v -13.832474 -5.437158 0.092457
v -13.825863 -5.433568 0.088696
v -13.818464 -5.431353 0.085466
v -13.839849 -5.476982 0.113090
v -13.838300 -5.477935 0.107440
v -13.835172 -5.475833 0.102017
v -13.830865 -5.471343 0.097140
v -13.825838 -5.465508 0.092941
v -13.820304 -5.459946 0.089435
v -13.814145 -5.456252 0.086522
v -13.829653 -5.509521 0.113090
v -13.828541 -5.508720 0.107465
v -13.826047 -5.504520 0.102109
v -13.822535 -5.497816 0.097327
v -13.818439 -5.489773 0.093245
v -13.814140 -5.481819 0.089929
v -13.809790 -5.475545 0.087358
v -13.727172 -5.323801 0.067786
v -13.727172 -5.364460 0.068779
v -13.727172 -5.403927 0.070419
v -13.727172 -5.441617 0.072681
v -13.727172 -5.476982 0.075531
v -13.727172 -5.509521 0.078930
v -13.743673 -5.282548 0.067786
v -13.743914 -5.324802 0.068147
v -13.744028 -5.366664 0.069211
v -13.744078 -5.406552 0.070928
v -13.744062 -5.443704 0.073224
v -13.744031 -5.477710 0.076022
v -13.744016 -5.508453 0.079267
v -13.759936 -5.282548 0.068779
v -13.760641 -5.325221 0.069205
v -13.760916 -5.367604 0.070339
v -13.760844 -5.407303 0.072101
v -13.760557 -5.443392 0.074373
v -13.760251 -5.475614 0.077055
v -13.760068 -5.504242 0.080094
v -13.775723 -5.282548 0.070419
v -13.776688 -5.325281 0.070925
v -13.776915 -5.367426 0.072105
v -13.776510 -5.406359 0.073850
v -13.775719 -5.441021 0.076017
v -13.774921 -5.471262 0.078503
v -13.774429 -5.497672 0.081280
v -13.790799 -5.282548 0.072681
v -13.791656 -5.325131 0.073234
v -13.791509 -5.366569 0.074395
v -13.790515 -5.404314 0.076031
v -13.789016 -5.437303 0.077990
v -13.787580 -5.465510 0.080194
v -13.786694 -5.489729 0.082660
v -13.804945 -5.282548 0.075531
v -13.805326 -5.324928 0.076048
v -13.804485 -5.365597 0.077090
v -13.802690 -5.402176 0.078526
v -13.800356 -5.433669 0.080202
v -13.798131 -5.459963 0.082046
v -13.796654 -5.481811 0.084099
v -13.817961 -5.282548 0.078930
v -13.817640 -5.324737 0.079301
v -13.815961 -5.364906 0.080132
v -13.813279 -5.400776 0.081303
v -13.810061 -5.431387 0.082668
v -13.806880 -5.456259 0.084101
v -13.804371 -5.475545 0.085551
v -13.727172 -2.375171 0.113090
v -13.727172 -2.717452 0.067453
v -13.864084 -2.717452 0.113090
v -13.727172 -2.377666 0.107590
v -13.727172 -2.385117 0.102169
v -13.727172 -2.397415 0.096907
v -13.727172 -2.414379 0.091881
v -13.727172 -2.435758 0.087166
v -13.727172 -2.461249 0.082828
v -13.743673 -2.377666 0.113091
v -13.743914 -2.380378 0.107457
v -13.744028 -2.388355 0.101875
v -13.744078 -2.401235 0.096557
v -13.744062 -2.418450 0.091603
v -13.744031 -2.439438 0.087069
v -13.744016 -2.463778 0.082970
v -13.759936 -2.385117 0.113091
v -13.760641 -2.388310 0.107401
v -13.760916 -2.396819 0.101750
v -13.760844 -2.410034 0.096457
v -13.760557 -2.427073 0.091645
v -13.760251 -2.447187 0.087349
v -13.760068 -2.469975 0.083531
v -13.775723 -2.397415 0.113091
v -13.776688 -2.401214 0.107393
v -13.776915 -2.410064 0.101774
v -13.776510 -2.423151 0.096582
v -13.775719 -2.439400 0.091961
v -13.774921 -2.458042 0.087929
v -13.774429 -2.478872 0.084407
v -13.790799 -2.414379 0.113091
v -13.791656 -2.418532 0.107413
v -13.791509 -2.427234 0.101888
v -13.790515 -2.439509 0.096855
v -13.789016 -2.454197 0.092457
v -13.787580 -2.470725 0.088696
v -13.786694 -2.489220 0.085466
v -13.804945 -2.435758 0.113091
v -13.805326 -2.439632 0.107440
v -13.804485 -2.447452 0.102017
v -13.802690 -2.458218 0.097140
v -13.800356 -2.470785 0.092941
v -13.798131 -2.484621 0.089435
v -13.796654 -2.500018 0.086522
v -13.817961 -2.461249 0.113091
v -13.817640 -2.464031 0.107465
v -13.815961 -2.470264 0.102109
v -13.813279 -2.479044 0.097327
v -13.810061 -2.489283 0.093245
v -13.806880 -2.500031 0.089929
v -13.804371 -2.510908 0.087358
v -13.743673 -2.717452 0.067786
v -13.759936 -2.717452 0.068779
v -13.775723 -2.717452 0.070419
v -13.790799 -2.717452 0.072681
v -13.804945 -2.717452 0.075531
v -13.817961 -2.717452 0.078930
v -13.727172 -2.676199 0.067786
v -13.744074 -2.675596 0.068147
v -13.760818 -2.675312 0.069211
v -13.776773 -2.675188 0.070928
v -13.791635 -2.675225 0.073224
v -13.805237 -2.675303 0.076022
v -13.817533 -2.675342 0.079267
v -13.727172 -2.635540 0.068779
v -13.744241 -2.633779 0.069205
v -13.761194 -2.633092 0.070340
v -13.777074 -2.633271 0.072101
v -13.791510 -2.633989 0.074373
v -13.804398 -2.634754 0.077055
v -13.815849 -2.635212 0.080094
v -13.727172 -2.596073 0.070419
v -13.744265 -2.593661 0.070926
v -13.761123 -2.593093 0.072106
v -13.776696 -2.594105 0.073850
v -13.790561 -2.596086 0.076017
v -13.802657 -2.598077 0.078503
v -13.813221 -2.599309 0.081280
v -13.727172 -2.558383 0.072681
v -13.744205 -2.556239 0.073235
v -13.760780 -2.556609 0.074395
v -13.775878 -2.559094 0.076032
v -13.789074 -2.562842 0.077990
v -13.800357 -2.566432 0.080194
v -13.810044 -2.568647 0.082660
v -13.727172 -2.523018 0.075531
v -13.744123 -2.522065 0.076048
v -13.760391 -2.524167 0.077090
v -13.775023 -2.528657 0.078526
v -13.787620 -2.534492 0.080202
v -13.798138 -2.540054 0.082047
v -13.806877 -2.543748 0.084099
v -13.727172 -2.490480 0.078930
v -13.744047 -2.491279 0.079301
v -13.760115 -2.495480 0.080132
v -13.774463 -2.502184 0.081303
v -13.786707 -2.510227 0.082668
v -13.796656 -2.518181 0.084101
v -13.804371 -2.524455 0.085551
v -13.863087 -2.676199 0.113091
v -13.860106 -2.635540 0.113091
v -13.855186 -2.596073 0.113091
v -13.848401 -2.558383 0.113091
v -13.839849 -2.523018 0.113091
v -13.829653 -2.490480 0.113091
v -13.863087 -2.717452 0.107590
v -13.862001 -2.675197 0.107510
v -13.858810 -2.633336 0.107472
v -13.853659 -2.593448 0.107455
v -13.846772 -2.556296 0.107460
v -13.838377 -2.522290 0.107471
v -13.828641 -2.491547 0.107476
v -13.860106 -2.717452 0.102169
v -13.858829 -2.674779 0.101934
v -13.855425 -2.632396 0.101843
v -13.850139 -2.592697 0.101866
v -13.843323 -2.556608 0.101962
v -13.835278 -2.524387 0.102064
v -13.826162 -2.495758 0.102125
v -13.855186 -2.717452 0.096907
v -13.853666 -2.674719 0.096585
v -13.850126 -2.632574 0.096509
v -13.844892 -2.593641 0.096644
v -13.838392 -2.558979 0.096908
v -13.830935 -2.528738 0.097174
v -13.822603 -2.502328 0.097338
v -13.848401 -2.717452 0.091881
v -13.846740 -2.674869 0.091595
v -13.843259 -2.633431 0.091645
v -13.838349 -2.595686 0.091976
v -13.832474 -2.562697 0.092476
v -13.825863 -2.534490 0.092955
v -13.818464 -2.510271 0.093250
v -13.839849 -2.717452 0.087166
v -13.838300 -2.675072 0.087039
v -13.835172 -2.634403 0.087319
v -13.830865 -2.597824 0.087918
v -13.825838 -2.566331 0.088696
v -13.820304 -2.540037 0.089437
v -13.814145 -2.518189 0.089930
v -13.829653 -2.717452 0.082828
v -13.828541 -2.675263 0.082934
v -13.826047 -2.635094 0.083494
v -13.822535 -2.599224 0.084388
v -13.818439 -2.568613 0.085461
v -13.814140 -2.543741 0.086521
v -13.809790 -2.524455 0.087358
v -10.272828 -5.624829 1.886910
v -10.135916 -5.282548 1.886910
v -10.272828 -5.282548 1.932547
v -10.256327 -5.622334 1.886910
v -10.240064 -5.614883 1.886910
v -10.224277 -5.602585 1.886910
v -10.209201 -5.585621 1.886910
v -10.195055 -5.564242 1.886910
v -10.182039 -5.538751 1.886910
v -10.272828 -5.622334 1.892410
v -10.255926 -5.619622 1.892490
v -10.239182 -5.611645 1.892528
v -10.223227 -5.598764 1.892545
v -10.208365 -5.581550 1.892540
v -10.194763 -5.560562 1.892529
v -10.182467 -5.536222 1.892524
v -10.272828 -5.614883 1.897831
v -10.255759 -5.611690 1.898066
v -10.238806 -5.603181 1.898158
v -10.222926 -5.589966 1.898134
v -10.208490 -5.572927 1.898038
v -10.195602 -5.552814 1.897936
v -10.184151 -5.530025 1.897875
v -10.272828 -5.602585 1.903093
v -10.255735 -5.598785 1.903415
v -10.238877 -5.589935 1.903491
v -10.223304 -5.576849 1.903356
v -10.209439 -5.560600 1.903092
v -10.197343 -5.541958 1.902826
v -10.186779 -5.521128 1.902662
v -10.272828 -5.585621 1.908119
v -10.255795 -5.581469 1.908405
v -10.239220 -5.572766 1.908355
v -10.224122 -5.560491 1.908024
v -10.210926 -5.545803 1.907524
v -10.199643 -5.529275 1.907045
v -10.189956 -5.510780 1.906750
v -10.272828 -5.564242 1.912834
v -10.255877 -5.560369 1.912961
v -10.239609 -5.552548 1.912681
v -10.224977 -5.541781 1.912082
v -10.212380 -5.529215 1.911304
v -10.201862 -5.515379 1.910563
v -10.193123 -5.499982 1.910070
v -10.272828 -5.538751 1.917173
v -10.255953 -5.535970 1.917066
v -10.239885 -5.529736 1.916506
v -10.225537 -5.520956 1.915612
v -10.213293 -5.510717 1.914540
v -10.203344 -5.499969 1.913479
v -10.195629 -5.489092 1.912642
v -10.136913 -5.282548 1.892410
v -10.139894 -5.282548 1.897831
v -10.144814 -5.282548 1.903093
v -10.151599 -5.282548 1.908119
v -10.160151 -5.282548 1.912834
v -10.170347 -5.282548 1.917173
v -10.136913 -5.323801 1.886910
v -10.137999 -5.324404 1.892544
v -10.141190 -5.324688 1.898125
v -10.146341 -5.324812 1.903443
v -10.153228 -5.324775 1.908397
v -10.161623 -5.324697 1.912931
v -10.171359 -5.324658 1.917030
v -10.139894 -5.364460 1.886910
v -10.141171 -5.366221 1.892599
v -10.144575 -5.366908 1.898250
v -10.149861 -5.366729 1.903544
v -10.156677 -5.366011 1.908355
v -10.164722 -5.365246 1.912652
v -10.173838 -5.364788 1.916469
v -10.144814 -5.403927 1.886910
v -10.146334 -5.406339 1.892607
v -10.149874 -5.406907 1.898226
v -10.155108 -5.405895 1.903418
v -10.161608 -5.403914 1.908039
v -10.169065 -5.401923 1.912071
v -10.177397 -5.400691 1.915593
v -10.151599 -5.441617 1.886910
v -10.153260 -5.443761 1.892587
v -10.156741 -5.443391 1.898112
v -10.161651 -5.440906 1.903145
v -10.167526 -5.437158 1.907543
v -10.174137 -5.433568 1.911304
v -10.181536 -5.431353 1.914534
v -10.160151 -5.476982 1.886910
v -10.161700 -5.477935 1.892560
v -10.164828 -5.475833 1.897983
v -10.169135 -5.471343 1.902860
v -10.174162 -5.465508 1.907059
v -10.179696 -5.459946 1.910565
v -10.185855 -5.456252 1.913478
v -10.170347 -5.509521 1.886910
v -10.171459 -5.508720 1.892535
v -10.173953 -5.504520 1.897891
v -10.177465 -5.497816 1.902673
v -10.181561 -5.489773 1.906755
v -10.185860 -5.481819 1.910071
v -10.190210 -5.475545 1.912642
v -10.272828 -5.323801 1.932214
v -10.272828 -5.364460 1.931221
v -10.272828 -5.403927 1.929581
v -10.272828 -5.441617 1.927319
v -10.272828 -5.476982 1.924469
v -10.272828 -5.509521 1.921070
v -10.256327 -5.282548 1.932214
v -10.256086 -5.324802 1.931853
v -10.255972 -5.366664 1.930789
v -10.255922 -5.406552 1.929072
v -10.255938 -5.443704 1.926776
v -10.255969 -5.477710 1.923978
v -10.255984 -5.508453 1.920733
v -10.240064 -5.282548 1.931221
v -10.239359 -5.325221 1.930795
v -10.239084 -5.367604 1.929661
v -10.239156 -5.407303 1.927899
v -10.239443 -5.443392 1.925627
v -10.239749 -5.475614 1.922945
v -10.239932 -5.504242 1.919906
v -10.224277 -5.282548 1.929581
v -10.223312 -5.325281 1.929075
v -10.223085 -5.367426 1.927895
v -10.223490 -5.406359 1.926150
v -10.224281 -5.441021 1.923983
v -10.225079 -5.471262 1.921497
v -10.225571 -5.497672 1.918720
v -10.209201 -5.282548 1.927319
v -10.208344 -5.325131 1.926766
v -10.208491 -5.366569 1.925605
v -10.209485 -5.404314 1.923969
v -10.210984 -5.437303 1.922010
v -10.212420 -5.465510 1.919806
v -10.213306 -5.489729 1.917341
v -10.195055 -5.282548 1.924469
v -10.194674 -5.324928 1.923952
v -10.195515 -5.365597 1.922910
v -10.197310 -5.402176 1.921474
v -10.199644 -5.433669 1.919798
v -10.201869 -5.459963 1.917954
v -10.203346 -5.481811 1.915901
v -10.182039 -5.282548 1.921070
v -10.182360 -5.324737 1.920699
v -10.184039 -5.364906 1.919868
v -10.186721 -5.400776 1.918697
v -10.189939 -5.431387 1.917332
v -10.193120 -5.456259 1.915899
v -10.195629 -5.475545 1.914449
v -10.272828 -2.375171 1.886910
v -10.272828 -2.717452 1.932547
v -10.135916 -2.717452 1.886910
v -10.272828 -2.377666 1.892410
v -10.272828 -2.385117 1.897831
v -10.272828 -2.397415 1.903093
v -10.272828 -2.414379 1.908119
v -10.272828 -2.435758 1.912834
v -10.272828 -2.461249 1.917172
v -10.256327 -2.377666 1.886909
v -10.256086 -2.380378 1.892543
v -10.255972 -2.388355 1.898125
v -10.255922 -2.401235 1.903443
v -10.255938 -2.418450 1.908397
v -10.255969 -2.439438 1.912931
v -10.255984 -2.463778 1.917030
v -10.240064 -2.385117 1.886909
v -10.239359 -2.388310 1.892599
v -10.239084 -2.396819 1.898250
v -10.239156 -2.410034 1.903543
v -10.239443 -2.427073 1.908355
v -10.239749 -2.447187 1.912652
v -10.239932 -2.469975 1.916469
v -10.224277 -2.397415 1.886909
v -10.223312 -2.401214 1.892607
v -10.223085 -2.410064 1.898226
v -10.223490 -2.423151 1.903418
v -10.224281 -2.439400 1.908039
v -10.225079 -2.458042 1.912071
v -10.225571 -2.478872 1.915593
v -10.209201 -2.414379 1.886909
v -10.208344 -2.418532 1.892587
v -10.208491 -2.427234 1.898112
v -10.209485 -2.439509 1.903145
v -10.210984 -2.454197 1.907543
v -10.212420 -2.470725 1.911304
v -10.213306 -2.489220 1.914534
v -10.195055 -2.435758 1.886909
v -10.194674 -2.439632 1.892560
v -10.195515 -2.447452 1.897983
v -10.197310 -2.458218 1.902860
v -10.199644 -2.470785 1.907059
v -10.201869 -2.484621 1.910565
v -10.203346 -2.500018 1.913478
v -10.182039 -2.461249 1.886909
v -10.182360 -2.464031 1.892535
v -10.184039 -2.470264 1.897891
v -10.186721 -2.479044 1.902673
v -10.189939 -2.489283 1.906755
v -10.193120 -2.500031 1.910071
v -10.195629 -2.510908 1.912642
v -10.256327 -2.717452 1.932214
v -10.240064 -2.717452 1.931221
v -10.224277 -2.717452 1.929581
v -10.209201 -2.717452 1.927319
v -10.195055 -2.717452 1.924469
v -10.182039 -2.717452 1.921070
v -10.272828 -2.676199 1.932214
v -10.255926 -2.675596 1.931853
v -10.239182 -2.675312 1.930789
v -10.223227 -2.675188 1.929072
v -10.208365 -2.675225 1.926776
v -10.194763 -2.675303 1.923978
v -10.182467 -2.675342 1.920733
v -10.272828 -2.635540 1.931221
v -10.255759 -2.633779 1.930795
v -10.238806 -2.633092 1.929661
v -10.222926 -2.633271 1.927899
v -10.208490 -2.633989 1.925627
v -10.195602 -2.634754 1.922945
v -10.184151 -2.635212 1.919906
v -10.272828 -2.596073 1.929581
v -10.255735 -2.593661 1.929075
v -10.238877 -2.593093 1.927894
v -10.223304 -2.594105 1.926150
v -10.209439 -2.596086 1.923983
v -10.197343 -2.598077 1.921497
v -10.186779 -2.599309 1.918720
v -10.272828 -2.558383 1.927319
v -10.255795 -2.556239 1.926765
v -10.239220 -2.556609 1.925605
v -10.224122 -2.559094 1.923969
v -10.210926 -2.562842 1.922010
v -10.199643 -2.566432 1.919806
v -10.189956 -2.568647 1.917340
v -10.272828 -2.523018 1.924469
v -10.255877 -2.522065 1.923952
v -10.239609 -2.524167 1.922909
v -10.224977 -2.528657 1.921474
v -10.212380 -2.534492 1.919798
v -10.201862 -2.540054 1.917953
v -10.193123 -2.543748 1.915901
v -10.272828 -2.490480 1.921070
v -10.255953 -2.491279 1.920699
v -10.239885 -2.495480 1.919868
v -10.225537 -2.502184 1.918697
v -10.213293 -2.510227 1.917332
v -10.203344 -2.518181 1.915899
v -10.195629 -2.524455 1.914449
v -10.136913 -2.676199 1.886909
v -10.139894 -2.635540 1.886909
v -10.144814 -2.596073 1.886909
v -10.151599 -2.558383 1.886909
v -10.160151 -2.523018 1.886909
v -10.170347 -2.490480 1.886909
v -10.136913 -2.717452 1.892410
v -10.137999 -2.675197 1.892490
v -10.141190 -2.633336 1.892528
v -10.146341 -2.593448 1.892545
v -10.153228 -2.556296 1.892540
v -10.161623 -2.522290 1.892529
v -10.171359 -2.491547 1.892524
v -10.139894 -2.717452 1.897831
v -10.141171 -2.674779 1.898066
v -10.144575 -2.632396 1.898157
v -10.149861 -2.592697 1.898134
v -10.156677 -2.556608 1.898038
v -10.164722 -2.524387 1.897936
v -10.173838 -2.495758 1.897875
v -10.144814 -2.717452 1.903093
v -10.146334 -2.674719 1.903415
v -10.149874 -2.632574 1.903491
v -10.155108 -2.593641 1.903356
v -10.161608 -2.558979 1.903092
v -10.169065 -2.528738 1.902826
v -10.177397 -2.502328 1.902662
v -10.151599 -2.717452 1.908119
v -10.153260 -2.674869 1.908405
v -10.156741 -2.633431 1.908355
v -10.161651 -2.595686 1.908024
v -10.167526 -2.562697 1.907524
v -10.174137 -2.534490 1.907045
v -10.181536 -2.510271 1.906750
v -10.160151 -2.717452 1.912834
v -10.161700 -2.675072 1.912961
v -10.164828 -2.634403 1.912681
v -10.169135 -2.597824 1.912082
v -10.174162 -2.566331 1.911304
v -10.179696 -2.540037 1.910563
v -10.185855 -2.518189 1.910070
v -10.170347 -2.717452 1.917172
v -10.171459 -2.675263 1.917066
v -10.173953 -2.635094 1.916506
v -10.177465 -2.599224 1.915612
v -10.181561 -2.568613 1.914539
v -10.185860 -2.543741 1.913479
v -10.190210 -2.524455 1.912642
v -10.272828 -5.624829 0.113090
v -10.272828 -5.282548 0.067453
v -10.135916 -5.282548 0.113090
v -10.272828 -5.622334 0.107590
v -10.272828 -5.614883 0.102169
v -10.272828 -5.602585 0.096907
v -10.272828 -5.585621 0.091881
v -10.272828 -5.564242 0.087166
v -10.272828 -5.538751 0.082828
v -10.256327 -5.622334 0.113091
v -10.256086 -5.619622 0.107457
v -10.255972 -5.611645 0.101875
v -10.255922 -5.598764 0.096557
v -10.255938 -5.581550 0.091603
v -10.255969 -5.560562 0.087069
v -10.255984 -5.536222 0.082970
v -10.240064 -5.614883 0.113091
v -10.239359 -5.611690 0.107401
v -10.239084 -5.603181 0.101750
v -10.239156 -5.589966 0.096457
v -10.239443 -5.572927 0.091645
v -10.239749 -5.552814 0.087349
v -10.239932 -5.530025 0.083531
v -10.224277 -5.602585 0.113091
v -10.223312 -5.598785 0.107393
v -10.223085 -5.589935 0.101774
v -10.223490 -5.576849 0.096582
v -10.224281 -5.560600 0.091961
v -10.225079 -5.541958 0.087929
v -10.225571 -5.521128 0.084407
v -10.209201 -5.585621 0.113091
v -10.208344 -5.581469 0.107413
v -10.208491 -5.572766 0.101888
v -10.209485 -5.560491 0.096855
v -10.210984 -5.545803 0.092457
v -10.212420 -5.529275 0.088696
v -10.213306 -5.510780 0.085466
v -10.195055 -5.564242 0.113091
v -10.194674 -5.560369 0.107440
v -10.195515 -5.552548 0.102017
v -10.197310 -5.541781 0.097140
v -10.199644 -5.529215 0.092941
v -10.201869 -5.515379 0.089435
v -10.203346 -5.499982 0.086522
v -10.182039 -5.538751 0.113091
v -10.182360 -5.535970 0.107465
v -10.184039 -5.529736 0.102109
v -10.186721 -5.520956 0.097327
v -10.189939 -5.510717 0.093245
v -10.193120 -5.499969 0.089929
v -10.195629 -5.489092 0.087358
v -10.256327 -5.282548 0.067786
v -10.240064 -5.282548 0.068779
v -10.224277 -5.282548 0.070419
v -10.209201 -5.282548 0.072681
v -10.195055 -5.282548 0.075531
v -10.182039 -5.282548 0.078930
v -10.272828 -5.323801 0.067786
v -10.255926 -5.324404 0.068147
v -10.239182 -5.324688 0.069211
v -10.223227 -5.324812 0.070928
v -10.208365 -5.324775 0.073224
v -10.194763 -5.324697 0.076022
v -10.182467 -5.324658 0.079267
v -10.272828 -5.364460 0.068779
v -10.255759 -5.366221 0.069205
v -10.238806 -5.366908 0.070340
v -10.222926 -5.366729 0.072101
v -10.208490 -5.366011 0.074373
v -10.195602 -5.365246 0.077055
v -10.184151 -5.364788 0.080094
v -10.272828 -5.403927 0.070419
v -10.255735 -5.406339 0.070926
v -10.238877 -5.406907 0.072106
v -10.223304 -5.405895 0.073850
v -10.209439 -5.403914 0.076017
v -10.197343 -5.401923 0.078503
v -10.186779 -5.400691 0.081280
v -10.272828 -5.441617 0.072681
v -10.255795 -5.443761 0.073235
v -10.239220 -5.443391 0.074395
v -10.224122 -5.440906 0.076032
v -10.210926 -5.437158 0.077990
v -10.199643 -5.433568 0.080194
v -10.189956 -5.431353 0.082660
v -10.272828 -5.476982 0.075531
v -10.255877 -5.477935 0.076048
v -10.239609 -5.475833 0.077090
v -10.224977 -5.471343 0.078526
v -10.212380 -5.465508 0.080202
v -10.201862 -5.459946 0.082047
v -10.193123 -5.456252 0.084099
v -10.272828 -5.509521 0.078930
v -10.255953 -5.508720 0.079301
v -10.239885 -5.504520 0.080132
v -10.225537 -5.497816 0.081303
v -10.213293 -5.489773 0.082668
v -10.203344 -5.481819 0.084101
v -10.195629 -5.475545 0.085551
v -10.136913 -5.323801 0.113091
v -10.139894 -5.364460 0.113091
v -10.144814 -5.403927 0.113091
v -10.151599 -5.441617 0.113091
v -10.160151 -5.476982 0.113091
v -10.170347 -5.509521 0.113091
v -10.136913 -5.282548 0.107590
v -10.137999 -5.324802 0.107510
v -10.141190 -5.366664 0.107472
v -10.146341 -5.406552 0.107455
v -10.153228 -5.443704 0.107460
v -10.161623 -5.477710 0.107471
v -10.171359 -5.508453 0.107476
v -10.139894 -5.282548 0.102169
v -10.141171 -5.325221 0.101934
v -10.144575 -5.367604 0.101843
v -10.149861 -5.407303 0.101866
v -10.156677 -5.443392 0.101962
v -10.164722 -5.475614 0.102064
v -10.173838 -5.504242 0.102125
v -10.144814 -5.282548 0.096907
v -10.146334 -5.325281 0.096585
v -10.149874 -5.367426 0.096509
v -10.155108 -5.406359 0.096644
v -10.161608 -5.441021 0.096908
v -10.169065 -5.471262 0.097174
v -10.177397 -5.497672 0.097338
v -10.151599 -5.282548 0.091881
v -10.153260 -5.325131 0.091595
v -10.156741 -5.366569 0.091645
v -10.161651 -5.404314 0.091976
v -10.167526 -5.437303 0.092476
v -10.174137 -5.465510 0.092955
v -10.181536 -5.489729 0.093250
v -10.160151 -5.282548 0.087166
v -10.161700 -5.324928 0.087039
v -10.164828 -5.365597 0.087319
v -10.169135 -5.402176 0.087918
v -10.174162 -5.433669 0.088696
v -10.179696 -5.459963 0.089437
v -10.185855 -5.481811 0.089930
v -10.170347 -5.282548 0.082828
v -10.171459 -5.324737 0.082934
v -10.173953 -5.364906 0.083494
v -10.177465 -5.400776 0.084388
v -10.181561 -5.431387 0.085461
v -10.185860 -5.456259 0.086521
v -10.190210 -5.475545 0.087358
v -10.272828 -2.375171 0.113090
v -10.135916 -2.717452 0.113090
v -10.272828 -2.717452 0.067453
v -10.256327 -2.377666 0.113090
v -10.240064 -2.385117 0.113090
v -10.224277 -2.397415 0.113090
v -10.209201 -2.414379 0.113090
v -10.195055 -2.435758 0.113090
v -10.182039 -2.461249 0.113090
v -10.272828 -2.377666 0.107590
v -10.255926 -2.380378 0.107510
v -10.239182 -2.388355 0.107472
v -10.223227 -2.401235 0.107455
v -10.208365 -2.418450 0.107460
v -10.194763 -2.439438 0.107471
v -10.182467 -2.463778 0.107476
v -10.272828 -2.385117 0.102169
v -10.255759 -2.388310 0.101934
v -10.238806 -2.396819 0.101842
v -10.222926 -2.410034 0.101866
v -10.208490 -2.427073 0.101962
v -10.195602 -2.447187 0.102064
v -10.184151 -2.469975 0.102125
v -10.272828 -2.397415 0.096907
v -10.255735 -2.401214 0.096585
v -10.238877 -2.410064 0.096509
v -10.223304 -2.423151 0.096644
v -10.209439 -2.439400 0.096908
v -10.197343 -2.458042 0.097174
v -10.186779 -2.478872 0.097338
v -10.272828 -2.414379 0.091881
v -10.255795 -2.418532 0.091595
v -10.239220 -2.427234 0.091645
v -10.224122 -2.439509 0.091976
v -10.210926 -2.454197 0.092476
v -10.199643 -2.470725 0.092955
v -10.189956 -2.489220 0.093250
v -10.272828 -2.435758 0.087166
v -10.255877 -2.439632 0.087039
v -10.239609 -2.447452 0.087319
v -10.224977 -2.458218 0.087918
v -10.212380 -2.470785 0.088696
v -10.201862 -2.484621 0.089437
v -10.193123 -2.500018 0.089930
v -10.272828 -2.461249 0.082827
v -10.255953 -2.464031 0.082934
v -10.239885 -2.470264 0.083494
v -10.225537 -2.479044 0.084388
v -10.213293 -2.489283 0.085460
v -10.203344 -2.500031 0.086521
v -10.195629 -2.510908 0.087358
v -10.136913 -2.717452 0.107590
v -10.139894 -2.717452 0.102169
v -10.144814 -2.717452 0.096907
v -10.151599 -2.717452 0.091881
v -10.160151 -2.717452 0.087166
v -10.170347 -2.717452 0.082827
v -10.136913 -2.676199 0.113090
v -10.137999 -2.675596 0.107457
v -10.141190 -2.675312 0.101875
v -10.146341 -2.675188 0.096557
v -10.153228 -2.675225 0.091603
v -10.161623 -2.675303 0.087069
v -10.171359 -2.675342 0.082970
v -10.139894 -2.635540 0.113090
v -10.141171 -2.633779 0.107401
v -10.144575 -2.633092 0.101750
v -10.149861 -2.633271 0.096456
v -10.156677 -2.633989 0.091645
v -10.164722 -2.634754 0.087348
v -10.173838 -2.635212 0.083531
v -10.144814 -2.596073 0.113090
v -10.146334 -2.593661 0.107393
v -10.149874 -2.593093 0.101773
v -10.155108 -2.594105 0.096582
v -10.161608 -2.596086 0.091961
v -10.169065 -2.598077 0.087929
v -10.177397 -2.599309 0.084407
v -10.151599 -2.558383 0.113090
v -10.153260 -2.556239 0.107413
v -10.156741 -2.556609 0.101888
v -10.161651 -2.559094 0.096855
v -10.167526 -2.562842 0.092457
v -10.174137 -2.566432 0.088696
v -10.181536 -2.568647 0.085466
v -10.160151 -2.523018 0.113090
v -10.161700 -2.522065 0.107440
v -10.164828 -2.524167 0.102017
v -10.169135 -2.528657 0.097140
v -10.174162 -2.534492 0.092941
v -10.179696 -2.540054 0.089435
v -10.185855 -2.543748 0.086522
v -10.170347 -2.490480 0.113090
v -10.171459 -2.491279 0.107465
v -10.173953 -2.495480 0.102109
v -10.177465 -2.502184 0.097327
v -10.181561 -2.510227 0.093245
v -10.185860 -2.518181 0.089929
v -10.190210 -2.524455 0.087358
v -10.272828 -2.676199 0.067786
v -10.272828 -2.635540 0.068779
v -10.272828 -2.596073 0.070419
v -10.272828 -2.558383 0.072681
v -10.272828 -2.523018 0.075531
v -10.272828 -2.490480 0.078930
v -10.256327 -2.717452 0.067786
v -10.256086 -2.675197 0.068147
v -10.255972 -2.633336 0.069211
v -10.255922 -2.593448 0.070928
v -10.255938 -2.556296 0.073224
v -10.255969 -2.522290 0.076022
v -10.255984 -2.491547 0.079267
v -10.240064 -2.717452 0.068779
v -10.239359 -2.674779 0.069205
v -10.239084 -2.632396 0.070339
v -10.239156 -2.592697 0.072101
v -10.239443 -2.556608 0.074373
v -10.239749 -2.524387 0.077055
v -10.239932 -2.495758 0.080094
v -10.224277 -2.717452 0.070419
v -10.223312 -2.674719 0.070925
v -10.223085 -2.632574 0.072105
v -10.223490 -2.593641 0.073850
v -10.224281 -2.558979 0.076017
v -10.225079 -2.528738 0.078503
v -10.225571 -2.502328 0.081280
v -10.209201 -2.717452 0.072681
v -10.208344 -2.674869 0.073234
v -10.208491 -2.633431 0.074395
v -10.209485 -2.595686 0.076031
v -10.210984 -2.562697 0.077990
v -10.212420 -2.534490 0.080194
v -10.213306 -2.510271 0.082660
v -10.195055 -2.717452 0.075531
v -10.194674 -2.675072 0.076048
v -10.195515 -2.634403 0.077090
v -10.197310 -2.597824 0.078526
v -10.199644 -2.566331 0.080202
v -10.201869 -2.540037 0.082046
v -10.203346 -2.518189 0.084099
v -10.182039 -2.717452 0.078930
v -10.182360 -2.675263 0.079301
v -10.184039 -2.635094 0.080132
v -10.186721 -2.599224 0.081303
v -10.189939 -2.568613 0.082668
v -10.193120 -2.543741 0.084101
v -10.195629 -2.524455 0.085551
vn -0.0000 -0.0000 1.0000
vn 1.0000 -0.0000 -0.0000
vn -0.0000 1.0000 -0.0000
vn -1.0000 -0.0000 -0.0000
vn -0.0000 -0.0000 -1.0000
vn -0.1390 -0.8982 0.4170
vn -0.0922 -0.5786 0.8104
vn -0.0633 -0.3867 0.9200
vn -0.0475 -0.2799 0.9588
vn -0.0381 -0.2131 0.9763
vn -0.0321 -0.1669 0.9855
vn -0.0281 -0.1322 0.9908
vn -0.3866 -0.8306 0.4009
vn -0.2628 -0.5475 0.7945
vn -0.1838 -0.3702 0.9106
vn -0.1399 -0.2703 0.9526
vn -0.1135 -0.2078 0.9716
vn -0.0967 -0.1645 0.9816
vn -0.0855 -0.1318 0.9876
vn -0.5781 -0.7304 0.3638
vn -0.4120 -0.5045 0.7587
vn -0.2949 -0.3492 0.8894
vn -0.2270 -0.2587 0.9389
vn -0.1854 -0.2014 0.9618
vn -0.1587 -0.1614 0.9740
vn -0.1411 -0.1310 0.9813
vn -0.7121 -0.6239 0.3221
vn -0.5339 -0.4549 0.7127
vn -0.3928 -0.3251 0.8602
vn -0.3061 -0.2455 0.9198
vn -0.2516 -0.1941 0.9482
vn -0.2164 -0.1578 0.9635
vn -0.1935 -0.1297 0.9725
vn -0.8021 -0.5251 0.2843
vn -0.6288 -0.4030 0.6650
vn -0.4754 -0.2984 0.8276
vn -0.3753 -0.2304 0.8978
vn -0.3107 -0.1857 0.9322
vn -0.2682 -0.1536 0.9510
vn -0.2411 -0.1283 0.9620
vn -0.8625 -0.4378 0.2537
vn -0.7001 -0.3512 0.6217
vn -0.5423 -0.2691 0.7959
vn -0.4331 -0.2126 0.8759
vn -0.3609 -0.1749 0.9161
vn -0.3127 -0.1484 0.9382
vn -0.2819 -0.1268 0.9510
vn -0.0206 -0.0083 0.9998
vn -0.0621 -0.0085 0.9980
vn -0.1051 -0.0087 0.9944
vn -0.1505 -0.0090 0.9886
vn -0.1995 -0.0093 0.9799
vn -0.2539 -0.0099 0.9672
vn -0.3161 -0.0108 0.9487
vn -0.0214 -0.0248 0.9995
vn -0.0643 -0.0255 0.9976
vn -0.1087 -0.0263 0.9937
vn -0.1547 -0.0273 0.9876
vn -0.2034 -0.0285 0.9787
vn -0.2563 -0.0303 0.9661
vn -0.3158 -0.0328 0.9483
vn -0.0221 -0.0422 0.9989
vn -0.0666 -0.0434 0.9968
vn -0.1124 -0.0447 0.9927
vn -0.1591 -0.0461 0.9862
vn -0.2074 -0.0480 0.9771
vn -0.2587 -0.0506 0.9646
vn -0.3155 -0.0544 0.9474
vn -0.0229 -0.0607 0.9979
vn -0.0693 -0.0623 0.9956
vn -0.1166 -0.0639 0.9911
vn -0.1639 -0.0654 0.9843
vn -0.2117 -0.0674 0.9750
vn -0.2612 -0.0704 0.9627
vn -0.3152 -0.0753 0.9460
vn -0.0240 -0.0812 0.9964
vn -0.0729 -0.0827 0.9939
vn -0.1219 -0.0840 0.9890
vn -0.1700 -0.0853 0.9817
vn -0.2170 -0.0868 0.9723
vn -0.2642 -0.0894 0.9603
vn -0.3148 -0.0947 0.9444
vn -0.0256 -0.1045 0.9942
vn -0.0780 -0.1054 0.9914
vn -0.1296 -0.1060 0.9859
vn -0.1791 -0.1063 0.9781
vn -0.2255 -0.1066 0.9684
vn -0.2690 -0.1076 0.9571
vn -0.3142 -0.1118 0.9427
vn -0.9829 -0.0243 0.1826
vn -0.9796 -0.0732 0.1872
vn -0.9737 -0.1235 0.1913
vn -0.9645 -0.1762 0.1966
vn -0.9510 -0.2323 0.2040
vn -0.9315 -0.2934 0.2148
vn -0.9035 -0.3612 0.2308
vn -0.8728 -0.0225 0.4875
vn -0.8646 -0.0669 0.4980
vn -0.8537 -0.1120 0.5086
vn -0.8389 -0.1577 0.5210
vn -0.8187 -0.2041 0.5368
vn -0.7909 -0.2518 0.5577
vn -0.7527 -0.3008 0.5857
vn -0.7249 -0.0193 0.6886
vn -0.7130 -0.0572 0.6988
vn -0.6992 -0.0950 0.7086
vn -0.6826 -0.1321 0.7187
vn -0.6615 -0.1685 0.7308
vn -0.6331 -0.2037 0.7468
vn -0.5943 -0.2375 0.7684
vn -0.5896 -0.0162 0.8075
vn -0.5783 -0.0483 0.8144
vn -0.5660 -0.0799 0.8205
vn -0.5524 -0.1104 0.8263
vn -0.5355 -0.1395 0.8330
vn -0.5120 -0.1667 0.8426
vn -0.4787 -0.1914 0.8569
vn -0.4788 -0.0138 0.8778
vn -0.4707 -0.0414 0.8813
vn -0.4623 -0.0684 0.8841
vn -0.4535 -0.0942 0.8863
vn -0.4427 -0.1185 0.8888
vn -0.4265 -0.1408 0.8935
vn -0.4001 -0.1600 0.9024
vn -0.3895 -0.0120 0.9209
vn -0.3855 -0.0364 0.9220
vn -0.3815 -0.0602 0.9224
vn -0.3773 -0.0829 0.9224
vn -0.3724 -0.1040 0.9222
vn -0.3649 -0.1230 0.9229
vn -0.3476 -0.1390 0.9273
vn -0.3137 -0.1255 0.9412
vn -0.0206 0.0083 0.9998
vn -0.0212 0.0249 0.9995
vn -0.0218 0.0422 0.9989
vn -0.0226 0.0608 0.9979
vn -0.0238 0.0812 0.9964
vn -0.0255 0.1044 0.9942
vn -0.0281 0.1321 0.9908
vn -0.0619 0.0086 0.9980
vn -0.0638 0.0257 0.9976
vn -0.0660 0.0436 0.9969
vn -0.0687 0.0624 0.9957
vn -0.0724 0.0826 0.9939
vn -0.0777 0.1052 0.9914
vn -0.0854 0.1315 0.9876
vn -0.1050 0.0088 0.9944
vn -0.1082 0.0266 0.9938
vn -0.1118 0.0449 0.9927
vn -0.1160 0.0639 0.9912
vn -0.1214 0.0840 0.9890
vn -0.1292 0.1058 0.9860
vn -0.1410 0.1307 0.9813
vn -0.1504 0.0091 0.9886
vn -0.1545 0.0275 0.9876
vn -0.1589 0.0464 0.9862
vn -0.1636 0.0656 0.9843
vn -0.1697 0.0853 0.9818
vn -0.1789 0.1062 0.9781
vn -0.1934 0.1296 0.9725
vn -0.1996 0.0094 0.9798
vn -0.2036 0.0287 0.9786
vn -0.2076 0.0482 0.9770
vn -0.2117 0.0675 0.9750
vn -0.2169 0.0868 0.9723
vn -0.2254 0.1066 0.9684
vn -0.2410 0.1282 0.9620
vn -0.2541 0.0100 0.9671
vn -0.2567 0.0304 0.9660
vn -0.2591 0.0507 0.9645
vn -0.2615 0.0705 0.9626
vn -0.2643 0.0894 0.9603
vn -0.2690 0.1076 0.9571
vn -0.2819 0.1268 0.9510
vn -0.1390 0.8982 0.4170
vn -0.3882 0.8315 0.3973
vn -0.5799 0.7313 0.3591
vn -0.7132 0.6246 0.3182
vn -0.8027 0.5256 0.2818
vn -0.8627 0.4382 0.2526
vn -0.9034 0.3615 0.2308
vn -0.0933 0.5797 0.8095
vn -0.2660 0.5499 0.7918
vn -0.4157 0.5070 0.7551
vn -0.5367 0.4569 0.7094
vn -0.6302 0.4044 0.6628
vn -0.7005 0.3521 0.6207
vn -0.7522 0.3012 0.5860
vn -0.0643 0.3873 0.9197
vn -0.1861 0.3713 0.9097
vn -0.2976 0.3505 0.8880
vn -0.3947 0.3263 0.8589
vn -0.4765 0.2993 0.8267
vn -0.5426 0.2697 0.7955
vn -0.5939 0.2378 0.7686
vn -0.0482 0.2800 0.9588
vn -0.1412 0.2705 0.9523
vn -0.2284 0.2589 0.9385
vn -0.3070 0.2459 0.9194
vn -0.3758 0.2308 0.8975
vn -0.4332 0.2129 0.8758
vn -0.4784 0.1915 0.8570
vn -0.0385 0.2130 0.9763
vn -0.1142 0.2076 0.9715
vn -0.1860 0.2012 0.9617
vn -0.2520 0.1940 0.9481
vn -0.3108 0.1857 0.9322
vn -0.3609 0.1749 0.9161
vn -0.4001 0.1601 0.9024
vn -0.0322 0.1667 0.9855
vn -0.0969 0.1642 0.9817
vn -0.1588 0.1611 0.9741
vn -0.2165 0.1576 0.9635
vn -0.2682 0.1536 0.9510
vn -0.3127 0.1484 0.9382
vn -0.3476 0.1390 0.9273
vn -0.9829 0.0243 0.1826
vn -0.8722 0.0222 0.4886
vn -0.7243 0.0190 0.6892
vn -0.5895 0.0160 0.8076
vn -0.4790 0.0137 0.8777
vn -0.3898 0.0120 0.9208
vn -0.3163 0.0108 0.9486
vn -0.9792 0.0729 0.1891
vn -0.8630 0.0663 0.5009
vn -0.7116 0.0565 0.7003
vn -0.5780 0.0479 0.8147
vn -0.4711 0.0412 0.8811
vn -0.3861 0.0363 0.9217
vn -0.3164 0.0328 0.9481
vn -0.9732 0.1233 0.1939
vn -0.8516 0.1113 0.5123
vn -0.6974 0.0942 0.7105
vn -0.5655 0.0794 0.8209
vn -0.4627 0.0682 0.8839
vn -0.3821 0.0601 0.9222
vn -0.3161 0.0545 0.9472
vn -0.9640 0.1760 0.1991
vn -0.8368 0.1571 0.5244
vn -0.6808 0.1316 0.7205
vn -0.5517 0.1100 0.8268
vn -0.4536 0.0941 0.8862
vn -0.3776 0.0829 0.9222
vn -0.3155 0.0753 0.9459
vn -0.9506 0.2323 0.2059
vn -0.8170 0.2040 0.5393
vn -0.6600 0.1683 0.7322
vn -0.5348 0.1393 0.8334
vn -0.4426 0.1185 0.8889
vn -0.3725 0.1040 0.9222
vn -0.3149 0.0947 0.9444
vn -0.9312 0.2936 0.2159
vn -0.7898 0.2519 0.5592
vn -0.6320 0.2038 0.7477
vn -0.5115 0.1667 0.8429
vn -0.4264 0.1408 0.8935
vn -0.3649 0.1231 0.9229
vn -0.3143 0.1118 0.9427
vn -0.3137 0.1255 0.9412
vn -0.1390 -0.8982 -0.4170
vn -0.3882 -0.8315 -0.3973
vn -0.5799 -0.7313 -0.3591
vn -0.7132 -0.6246 -0.3182
vn -0.8027 -0.5256 -0.2818
vn -0.8627 -0.4382 -0.2526
vn -0.9034 -0.3615 -0.2308
vn -0.0933 -0.5797 -0.8095
vn -0.2660 -0.5499 -0.7918
vn -0.4157 -0.5070 -0.7551
vn -0.5367 -0.4569 -0.7094
vn -0.6302 -0.4044 -0.6628
vn -0.7005 -0.3521 -0.6208
vn -0.7522 -0.3012 -0.5860
vn -0.0643 -0.3873 -0.9197
vn -0.1861 -0.3713 -0.9097
vn -0.2976 -0.3505 -0.8880
vn -0.3947 -0.3263 -0.8589
vn -0.4765 -0.2993 -0.8267
vn -0.5426 -0.2697 -0.7955
vn -0.5939 -0.2378 -0.7686
vn -0.0482 -0.2800 -0.9588
vn -0.1412 -0.2705 -0.9523
vn -0.2284 -0.2589 -0.9385
vn -0.3070 -0.2458 -0.9194
vn -0.3758 -0.2308 -0.8975
vn -0.4332 -0.2129 -0.8758
vn -0.4784 -0.1915 -0.8570
vn -0.0385 -0.2130 -0.9763
vn -0.1142 -0.2076 -0.9715
vn -0.1860 -0.2012 -0.9617
vn -0.2520 -0.1941 -0.9481
vn -0.3108 -0.1857 -0.9322
vn -0.3609 -0.1749 -0.9161
vn -0.4001 -0.1601 -0.9024
vn -0.0322 -0.1667 -0.9855
vn -0.0969 -0.1642 -0.9817
vn -0.1588 -0.1611 -0.9741
vn -0.2165 -0.1576 -0.9635
vn -0.2682 -0.1536 -0.9510
vn -0.3127 -0.1484 -0.9382
vn -0.3476 -0.1390 -0.9273
vn -0.9829 -0.0243 -0.1826
vn -0.8722 -0.0222 -0.4886
vn -0.7243 -0.0190 -0.6892
vn -0.5895 -0.0160 -0.8076
vn -0.4790 -0.0137 -0.8777
vn -0.3898 -0.0120 -0.9208
vn -0.3163 -0.0108 -0.9486
vn -0.9792 -0.0729 -0.1891
vn -0.8630 -0.0663 -0.5009
vn -0.7116 -0.0565 -0.7003
vn -0.5780 -0.0479 -0.8147
vn -0.4711 -0.0412 -0.8811
vn -0.3861 -0.0363 -0.9217
vn -0.3164 -0.0328 -0.9481
vn -0.9732 -0.1233 -0.1939
vn -0.8516 -0.1113 -0.5123
vn -0.6974 -0.0942 -0.7105
vn -0.5655 -0.0794 -0.8209
vn -0.4627 -0.0682 -0.8839
vn -0.3821 -0.0601 -0.9222
vn -0.3160 -0.0545 -0.9472
vn -0.9640 -0.1760 -0.1991
vn -0.8368 -0.1571 -0.5244
vn -0.6808 -0.1316 -0.7205
vn -0.5517 -0.1100 -0.8268
vn -0.4536 -0.0941 -0.8862
vn -0.3776 -0.0829 -0.9222
vn -0.3155 -0.0753 -0.9459
vn -0.9506 -0.2323 -0.2059
vn -0.8170 -0.2040 -0.5393
vn -0.6600 -0.1683 -0.7322
vn -0.5348 -0.1393 -0.8334
vn -0.4426 -0.1185 -0.8889
vn -0.3725 -0.1040 -0.9222
vn -0.3149 -0.0947 -0.9444
vn -0.9312 -0.2936 -0.2159
vn -0.7898 -0.2519 -0.5592
vn -0.6320 -0.2038 -0.7477
vn -0.5115 -0.1667 -0.8430
vn -0.4264 -0.1408 -0.8935
vn -0.3649 -0.1231 -0.9229
vn -0.3143 -0.1118 -0.9427
vn -0.0206 -0.0083 -0.9998
vn -0.0212 -0.0249 -0.9995
vn -0.0218 -0.0422 -0.9989
vn -0.0226 -0.0608 -0.9979
vn -0.0238 -0.0812 -0.9964
vn -0.0255 -0.1044 -0.9942
vn -0.0281 -0.1321 -0.9908
vn -0.0619 -0.0086 -0.9980
vn -0.0638 -0.0257 -0.9976
vn -0.0660 -0.0436 -0.9969
vn -0.0687 -0.0624 -0.9957
vn -0.0724 -0.0826 -0.9939
vn -0.0777 -0.1052 -0.9914
vn -0.0854 -0.1315 -0.9876
vn -0.1050 -0.0088 -0.9944
vn -0.1082 -0.0266 -0.9938
vn -0.1118 -0.0450 -0.9927
vn -0.1160 -0.0639 -0.9912
vn -0.1214 -0.0840 -0.9890
vn -0.1292 -0.1058 -0.9860
vn -0.1410 -0.1307 -0.9813
vn -0.1504 -0.0091 -0.9886
vn -0.1545 -0.0275 -0.9876
vn -0.1589 -0.0464 -0.9862
vn -0.1636 -0.0656 -0.9843
vn -0.1697 -0.0853 -0.9818
vn -0.1789 -0.1062 -0.9781
vn -0.1934 -0.1296 -0.9725
vn -0.1996 -0.0094 -0.9798
vn -0.2036 -0.0287 -0.9786
vn -0.2076 -0.0482 -0.9770
vn -0.2117 -0.0675 -0.9750
vn -0.2169 -0.0868 -0.9723
vn -0.2254 -0.1066 -0.9684
vn -0.2410 -0.1282 -0.9620
vn -0.2541 -0.0100 -0.9671
vn -0.2567 -0.0304 -0.9660
vn -0.2592 -0.0507 -0.9645
vn -0.2615 -0.0705 -0.9626
vn -0.2643 -0.0894 -0.9603
vn -0.2690 -0.1076 -0.9571
vn -0.2819 -0.1268 -0.9510
vn -0.3137 -0.1255 -0.9412
vn -0.1390 0.8982 -0.4170
vn -0.0922 0.5786 -0.8104
vn -0.0633 0.3867 -0.9200
vn -0.0475 0.2799 -0.9588
vn -0.0381 0.2131 -0.9763
vn -0.0321 0.1669 -0.9855
vn -0.0281 0.1322 -0.9908
vn -0.3866 0.8306 -0.4009
vn -0.2628 0.5475 -0.7945
vn -0.1838 0.3702 -0.9106
vn -0.1399 0.2703 -0.9526
vn -0.1135 0.2078 -0.9716
vn -0.0967 0.1645 -0.9816
vn -0.0855 0.1318 -0.9876
vn -0.5781 0.7304 -0.3638
vn -0.4120 0.5045 -0.7587
vn -0.2949 0.3492 -0.8894
vn -0.2270 0.2587 -0.9389
vn -0.1854 0.2014 -0.9618
vn -0.1587 0.1614 -0.9740
vn -0.1411 0.1310 -0.9813
vn -0.7121 0.6239 -0.3221
vn -0.5339 0.4549 -0.7127
vn -0.3928 0.3251 -0.8602
vn -0.3061 0.2455 -0.9198
vn -0.2516 0.1941 -0.9482
vn -0.2164 0.1578 -0.9635
vn -0.1935 0.1297 -0.9725
vn -0.8021 0.5251 -0.2843
vn -0.6288 0.4030 -0.6650
vn -0.4754 0.2984 -0.8276
vn -0.3753 0.2304 -0.8978
vn -0.3107 0.1857 -0.9322
vn -0.2682 0.1536 -0.9510
vn -0.2411 0.1283 -0.9620
vn -0.8625 0.4378 -0.2537
vn -0.7001 0.3512 -0.6217
vn -0.5423 0.2691 -0.7959
vn -0.4331 0.2126 -0.8759
vn -0.3609 0.1749 -0.9161
vn -0.3127 0.1484 -0.9382
vn -0.2819 0.1268 -0.9510
vn -0.0206 0.0083 -0.9998
vn -0.0621 0.0085 -0.9980
vn -0.1051 0.0087 -0.9944
vn -0.1505 0.0090 -0.9886
vn -0.1995 0.0093 -0.9799
vn -0.2539 0.0099 -0.9672
vn -0.3161 0.0108 -0.9487
vn -0.0214 0.0248 -0.9995
vn -0.0643 0.0255 -0.9976
vn -0.1087 0.0263 -0.9937
vn -0.1547 0.0273 -0.9876
vn -0.2034 0.0285 -0.9787
vn -0.2563 0.0303 -0.9661
vn -0.3158 0.0328 -0.9483
vn -0.0221 0.0422 -0.9989
vn -0.0666 0.0434 -0.9968
vn -0.1124 0.0447 -0.9927
vn -0.1591 0.0461 -0.9862
vn -0.2074 0.0480 -0.9771
vn -0.2587 0.0506 -0.9646
vn -0.3155 0.0544 -0.9474
vn -0.0229 0.0607 -0.9979
vn -0.0693 0.0623 -0.9956
vn -0.1166 0.0639 -0.9911
vn -0.1639 0.0654 -0.9843
vn -0.2117 0.0674 -0.9750
vn -0.2612 0.0704 -0.9627
vn -0.3152 0.0753 -0.9460
vn -0.0240 0.0812 -0.9964
vn -0.0729 0.0827 -0.9939
vn -0.1219 0.0840 -0.9890
vn -0.1700 0.0853 -0.9817
vn -0.2170 0.0868 -0.9723
vn -0.2642 0.0894 -0.9603
vn -0.3148 0.0947 -0.9444
vn -0.0256 0.1045 -0.9942
vn -0.0780 0.1054 -0.9914
vn -0.1296 0.1060 -0.9859
vn -0.1791 0.1063 -0.9781
vn -0.2255 0.1066 -0.9684
vn -0.2690 0.1076 -0.9571
vn -0.3142 0.1118 -0.9427
vn -0.9829 0.0243 -0.1826
vn -0.9796 0.0732 -0.1872
vn -0.9737 0.1235 -0.1913
vn -0.9645 0.1762 -0.1966
vn -0.9510 0.2323 -0.2040
vn -0.9315 0.2934 -0.2148
vn -0.9035 0.3612 -0.2308
vn -0.8728 0.0225 -0.4875
vn -0.8646 0.0669 -0.4980
vn -0.8537 0.1120 -0.5086
vn -0.8389 0.1577 -0.5210
vn -0.8187 0.2041 -0.5368
vn -0.7909 0.2518 -0.5577
vn -0.7527 0.3008 -0.5857
vn -0.7249 0.0193 -0.6886
vn -0.7130 0.0572 -0.6988
vn -0.6992 0.0950 -0.7086
vn -0.6826 0.1321 -0.7187
vn -0.6615 0.1685 -0.7308
vn -0.6331 0.2037 -0.7468
vn -0.5943 0.2375 -0.7684
vn -0.5896 0.0162 -0.8075
vn -0.5783 0.0483 -0.8144
vn -0.5660 0.0799 -0.8205
vn -0.5524 0.1104 -0.8263
vn -0.5355 0.1395 -0.8330
vn -0.5120 0.1667 -0.8426
vn -0.4787 0.1914 -0.8569
vn -0.4788 0.0138 -0.8778
vn -0.4707 0.0414 -0.8813
vn -0.4623 0.0684 -0.8841
vn -0.4535 0.0942 -0.8863
vn -0.4427 0.1185 -0.8888
vn -0.4265 0.1408 -0.8935
vn -0.4001 0.1600 -0.9024
vn -0.3895 0.0120 -0.9209
vn -0.3855 0.0364 -0.9220
vn -0.3815 0.0602 -0.9224
vn -0.3773 0.0829 -0.9224
vn -0.3724 0.1040 -0.9222
vn -0.3649 0.1230 -0.9229
vn -0.3476 0.1390 -0.9273
vn -0.3137 0.1255 -0.9412
vn 0.1390 -0.8982 0.4170
vn 0.3882 -0.8315 0.3973
vn 0.5799 -0.7313 0.3591
vn 0.7132 -0.6246 0.3182
vn 0.8027 -0.5256 0.2818
vn 0.8627 -0.4382 0.2526
vn 0.9034 -0.3615 0.2308
vn 0.0933 -0.5797 0.8095
vn 0.2660 -0.5499 0.7918
vn 0.4157 -0.5070 0.7551
vn 0.5367 -0.4569 0.7094
vn 0.6302 -0.4044 0.6628
vn 0.7005 -0.3521 0.6208
vn 0.7522 -0.3012 0.5860
vn 0.0643 -0.3873 0.9197
vn 0.1861 -0.3713 0.9097
vn 0.2976 -0.3505 0.8880
vn 0.3947 -0.3263 0.8589
vn 0.4765 -0.2993 0.8267
vn 0.5426 -0.2697 0.7955
vn 0.5939 -0.2378 0.7686
vn 0.0482 -0.2800 0.9588
vn 0.1412 -0.2705 0.9523
vn 0.2284 -0.2589 0.9385
vn 0.3070 -0.2458 0.9194
vn 0.3758 -0.2308 0.8975
vn 0.4332 -0.2129 0.8758
vn 0.4784 -0.1915 0.8570
vn 0.0385 -0.2130 0.9763
vn 0.1142 -0.2076 0.9715
vn 0.1860 -0.2012 0.9617
vn 0.2520 -0.1941 0.9481
vn 0.3108 -0.1857 0.9322
vn 0.3609 -0.1749 0.9161
vn 0.4001 -0.1601 0.9024
vn 0.0322 -0.1667 0.9855
vn 0.0969 -0.1642 0.9817
vn 0.1588 -0.1611 0.9741
vn 0.2165 -0.1576 0.9635
vn 0.2682 -0.1536 0.9510
vn 0.3127 -0.1484 0.9382
vn 0.3476 -0.1390 0.9273
vn 0.9829 -0.0243 0.1826
vn 0.8722 -0.0222 0.4886
vn 0.7243 -0.0190 0.6892
vn 0.5895 -0.0160 0.8076
vn 0.4790 -0.0137 0.8777
vn 0.3898 -0.0120 0.9208
vn 0.3163 -0.0108 0.9486
vn 0.9792 -0.0729 0.1891
vn 0.8630 -0.0663 0.5009
vn 0.7116 -0.0565 0.7003
vn 0.5780 -0.0479 0.8147
vn 0.4711 -0.0412 0.8811
vn 0.3861 -0.0363 0.9217
vn 0.3164 -0.0328 0.9481
vn 0.9732 -0.1233 0.1939
vn 0.8516 -0.1113 0.5123
vn 0.6974 -0.0942 0.7105
vn 0.5655 -0.0794 0.8209
vn 0.4627 -0.0682 0.8839
vn 0.3821 -0.0601 0.9222
vn 0.3160 -0.0545 0.9472
vn 0.9640 -0.1760 0.1991
vn 0.8368 -0.1571 0.5244
vn 0.6808 -0.1316 0.7205
vn 0.5517 -0.1100 0.8268
vn 0.4536 -0.0941 0.8862
vn 0.3776 -0.0829 0.9222
vn 0.3155 -0.0753 0.9459
vn 0.9506 -0.2323 0.2059
vn 0.8170 -0.2040 0.5393
vn 0.6600 -0.1683 0.7322
vn 0.5348 -0.1393 0.8334
vn 0.4426 -0.1185 0.8889
vn 0.3725 -0.1040 0.9222
vn 0.3149 -0.0947 0.9444
vn 0.9312 -0.2936 0.2159
vn 0.7898 -0.2519 0.5592
vn 0.6320 -0.2038 0.7477
vn 0.5115 -0.1667 0.8430
vn 0.4264 -0.1408 0.8935
vn 0.3649 -0.1231 0.9229
vn 0.3143 -0.1118 0.9427
vn 0.0206 -0.0083 0.9998
vn 0.0212 -0.0249 0.9995
vn 0.0218 -0.0422 0.9989
vn 0.0226 -0.0608 0.9979
vn 0.0238 -0.0812 0.9964
vn 0.0255 -0.1044 0.9942
vn 0.0281 -0.1321 0.9908
vn 0.0619 -0.0086 0.9980
vn 0.0638 -0.0257 0.9976
vn 0.0660 -0.0436 0.9969
vn 0.0687 -0.0624 0.9957
vn 0.0724 -0.0826 0.9939
vn 0.0777 -0.1052 0.9914
vn 0.0854 -0.1315 0.9876
vn 0.1050 -0.0088 0.9944
vn 0.1082 -0.0266 0.9938
vn 0.1118 -0.0450 0.9927
vn 0.1160 -0.0639 0.9912
vn 0.1214 -0.0840 0.9890
vn 0.1292 -0.1058 0.9860
vn 0.1410 -0.1307 0.9813
vn 0.1504 -0.0091 0.9886
vn 0.1545 -0.0275 0.9876
vn 0.1589 -0.0464 0.9862
vn 0.1636 -0.0656 0.9843
vn 0.1697 -0.0853 0.9818
vn 0.1789 -0.1062 0.9781
vn 0.1934 -0.1296 0.9725
vn 0.1996 -0.0094 0.9798
vn 0.2036 -0.0287 0.9786
vn 0.2076 -0.0482 0.9770
vn 0.2117 -0.0675 0.9750
vn 0.2169 -0.0868 0.9723
vn 0.2254 -0.1066 0.9684
vn 0.2410 -0.1282 0.9620
vn 0.2541 -0.0100 0.9671
vn 0.2567 -0.0304 0.9660
vn 0.2592 -0.0507 0.9645
vn 0.2615 -0.0705 0.9626
vn 0.2643 -0.0894 0.9603
vn 0.2690 -0.1076 0.9571
vn 0.2819 -0.1268 0.9510
vn 0.3137 -0.1255 0.9412
vn 0.1390 0.8982 0.4170
vn 0.0922 0.5786 0.8104
vn 0.0633 0.3867 0.9200
vn 0.0475 0.2799 0.9588
vn 0.0381 0.2131 0.9763
vn 0.0321 0.1669 0.9855
vn 0.0281 0.1322 0.9908
vn 0.3866 0.8306 0.4009
vn 0.2628 0.5475 0.7945
vn 0.1838 0.3702 0.9106
vn 0.1399 0.2703 0.9526
vn 0.1135 0.2078 0.9716
vn 0.0967 0.1645 0.9816
vn 0.0855 0.1318 0.9876
vn 0.5781 0.7304 0.3638
vn 0.4120 0.5045 0.7587
vn 0.2949 0.3492 0.8894
vn 0.2270 0.2587 0.9389
vn 0.1854 0.2014 0.9618
vn 0.1587 0.1614 0.9740
vn 0.1411 0.1310 0.9813
vn 0.7121 0.6239 0.3221
vn 0.5339 0.4549 0.7127
vn 0.3928 0.3251 0.8602
vn 0.3061 0.2455 0.9198
vn 0.2516 0.1941 0.9482
vn 0.2164 0.1578 0.9635
vn 0.1935 0.1297 0.9725
vn 0.8021 0.5251 0.2843
vn 0.6288 0.4030 0.6650
vn 0.4754 0.2984 0.8276
vn 0.3753 0.2304 0.8978
vn 0.3107 0.1857 0.9322
vn 0.2682 0.1536 0.9510
vn 0.2411 0.1283 0.9620
vn 0.8625 0.4378 0.2537
vn 0.7001 0.3512 0.6217
vn 0.5423 0.2691 0.7959
vn 0.4331 0.2126 0.8759
vn 0.3609 0.1749 0.9161
vn 0.3127 0.1484 0.9382
vn 0.2819 0.1268 0.9510
vn 0.0206 0.0083 0.9998
vn 0.0621 0.0085 0.9980
vn 0.1051 0.0087 0.9944
vn 0.1505 0.0090 0.9886
vn 0.1995 0.0093 0.9799
vn 0.2539 0.0099 0.9672
vn 0.3161 0.0108 0.9487
vn 0.0214 0.0248 0.9995
vn 0.0643 0.0255 0.9976
vn 0.1087 0.0263 0.9937
vn 0.1547 0.0273 0.9876
vn 0.2034 0.0285 0.9787
vn 0.2563 0.0303 0.9661
vn 0.3158 0.0328 0.9483
vn 0.0221 0.0422 0.9989
vn 0.0666 0.0434 0.9968
vn 0.1124 0.0447 0.9927
vn 0.1591 0.0461 0.9862
vn 0.2074 0.0480 0.9771
vn 0.2587 0.0506 0.9646
vn 0.3155 0.0544 0.9474
vn 0.0229 0.0607 0.9979
vn 0.0693 0.0623 0.9956
vn 0.1166 0.0639 0.9911
vn 0.1639 0.0654 0.9843
vn 0.2117 0.0674 0.9750
vn 0.2612 0.0704 0.9627
vn 0.3152 0.0753 0.9460
vn 0.0240 0.0812 0.9964
vn 0.0729 0.0827 0.9939
vn 0.1219 0.0840 0.9890
vn 0.1700 0.0853 0.9817
vn 0.2170 0.0868 0.9723
vn 0.2642 0.0894 0.9603
vn 0.3148 0.0947 0.9444
vn 0.0256 0.1045 0.9942
vn 0.0780 0.1054 0.9914
vn 0.1296 0.1060 0.9859
vn 0.1791 0.1063 0.9781
vn 0.2255 0.1066 0.9684
vn 0.2690 0.1076 0.9571
vn 0.3142 0.1118 0.9427
vn 0.9829 0.0243 0.1826
vn 0.9796 0.0732 0.1872
vn 0.9737 0.1235 0.1913
vn 0.9645 0.1762 0.1966
vn 0.9510 0.2323 0.2040
vn 0.9315 0.2934 0.2148
vn 0.9035 0.3612 0.2308
vn 0.8728 0.0225 0.4875
vn 0.8646 0.0669 0.4980
vn 0.8537 0.1120 0.5086
vn 0.8389 0.1577 0.5210
vn 0.8187 0.2041 0.5368
vn 0.7909 0.2518 0.5577
vn 0.7527 0.3008 0.5857
vn 0.7249 0.0193 0.6886
vn 0.7130 0.0572 0.6988
vn 0.6992 0.0950 0.7086
vn 0.6826 0.1321 0.7187
vn 0.6615 0.1685 0.7308
vn 0.6331 0.2037 0.7468
vn 0.5943 0.2375 0.7684
vn 0.5896 0.0162 0.8075
vn 0.5783 0.0483 0.8144
vn 0.5660 0.0799 0.8205
vn 0.5524 0.1104 0.8263
vn 0.5355 0.1395 0.8330
vn 0.5120 0.1667 0.8426
vn 0.4787 0.1914 0.8569
vn 0.4788 0.0138 0.8778
vn 0.4707 0.0414 0.8813
vn 0.4623 0.0684 0.8841
vn 0.4535 0.0942 0.8863
vn 0.4427 0.1185 0.8888
vn 0.4265 0.1408 0.8935
vn 0.4001 0.1600 0.9024
vn 0.3895 0.0120 0.9209
vn 0.3855 0.0364 0.9220
vn 0.3815 0.0602 0.9224
vn 0.3773 0.0829 0.9224
vn 0.3724 0.1040 0.9222
vn 0.3649 0.1230 0.9229
vn 0.3476 0.1390 0.9273
vn 0.3137 0.1255 0.9412
vn 0.1390 -0.8982 -0.4170
vn 0.0922 -0.5786 -0.8104
vn 0.0633 -0.3867 -0.9200
vn 0.0475 -0.2799 -0.9588
vn 0.0381 -0.2131 -0.9763
vn 0.0321 -0.1669 -0.9855
vn 0.0281 -0.1322 -0.9908
vn 0.3866 -0.8306 -0.4009
vn 0.2628 -0.5475 -0.7945
vn 0.1838 -0.3702 -0.9106
vn 0.1399 -0.2703 -0.9526
vn 0.1135 -0.2078 -0.9716
vn 0.0967 -0.1645 -0.9816
vn 0.0855 -0.1318 -0.9876
vn 0.5781 -0.7304 -0.3638
vn 0.4120 -0.5045 -0.7587
vn 0.2949 -0.3492 -0.8894
vn 0.2270 -0.2587 -0.9389
vn 0.1854 -0.2014 -0.9618
vn 0.1587 -0.1614 -0.9740
vn 0.1411 -0.1310 -0.9813
vn 0.7121 -0.6239 -0.3221
vn 0.5339 -0.4549 -0.7127
vn 0.3928 -0.3251 -0.8602
vn 0.3061 -0.2455 -0.9198
vn 0.2516 -0.1941 -0.9482
vn 0.2164 -0.1578 -0.9635
vn 0.1935 -0.1297 -0.9725
vn 0.8021 -0.5251 -0.2843
vn 0.6288 -0.4030 -0.6650
vn 0.4754 -0.2984 -0.8276
vn 0.3753 -0.2304 -0.8978
vn 0.3107 -0.1857 -0.9322
vn 0.2682 -0.1536 -0.9510
vn 0.2411 -0.1283 -0.9620
vn 0.8625 -0.4378 -0.2537
vn 0.7001 -0.3512 -0.6217
vn 0.5423 -0.2691 -0.7959
vn 0.4331 -0.2126 -0.8759
vn 0.3609 -0.1749 -0.9161
vn 0.3127 -0.1484 -0.9382
vn 0.2819 -0.1268 -0.9510
vn 0.0206 -0.0083 -0.9998
vn 0.0621 -0.0085 -0.9980
vn 0.1051 -0.0087 -0.9944
vn 0.1505 -0.0090 -0.9886
vn 0.1995 -0.0093 -0.9799
vn 0.2539 -0.0099 -0.9672
vn 0.3161 -0.0108 -0.9487
vn 0.0214 -0.0248 -0.9995
vn 0.0643 -0.0255 -0.9976
vn 0.1087 -0.0263 -0.9937
vn 0.1547 -0.0273 -0.9876
vn 0.2034 -0.0285 -0.9787
vn 0.2563 -0.0303 -0.9661
vn 0.3158 -0.0328 -0.9483
vn 0.0221 -0.0422 -0.9989
vn 0.0666 -0.0434 -0.9968
vn 0.1124 -0.0447 -0.9927
vn 0.1591 -0.0461 -0.9862
vn 0.2074 -0.0480 -0.9771
vn 0.2587 -0.0506 -0.9646
vn 0.3155 -0.0544 -0.9474
vn 0.0229 -0.0607 -0.9979
vn 0.0693 -0.0623 -0.9956
vn 0.1166 -0.0639 -0.9911
vn 0.1639 -0.0654 -0.9843
vn 0.2117 -0.0674 -0.9750
vn 0.2612 -0.0704 -0.9627
vn 0.3152 -0.0753 -0.9460
vn 0.0240 -0.0812 -0.9964
vn 0.0729 -0.0827 -0.9939
vn 0.1219 -0.0840 -0.9890
vn 0.1700 -0.0853 -0.9817
vn 0.2170 -0.0868 -0.9723
vn 0.2642 -0.0894 -0.9603
vn 0.3148 -0.0947 -0.9444
vn 0.0256 -0.1045 -0.9942
vn 0.0780 -0.1054 -0.9914
vn 0.1296 -0.1060 -0.9859
vn 0.1791 -0.1063 -0.9781
vn 0.2255 -0.1066 -0.9684
vn 0.2690 -0.1076 -0.9571
vn 0.3142 -0.1118 -0.9427
vn 0.9829 -0.0243 -0.1826
vn 0.9796 -0.0732 -0.1872
vn 0.9737 -0.1235 -0.1913
vn 0.9645 -0.1762 -0.1966
vn 0.9510 -0.2323 -0.2040
vn 0.9315 -0.2934 -0.2148
vn 0.9035 -0.3612 -0.2308
vn 0.8728 -0.0225 -0.4875
vn 0.8646 -0.0669 -0.4980
vn 0.8537 -0.1120 -0.5086
vn 0.8389 -0.1577 -0.5210
vn 0.8187 -0.2041 -0.5368
vn 0.7909 -0.2518 -0.5577
vn 0.7527 -0.3008 -0.5857
vn 0.7249 -0.0193 -0.6886
vn 0.7130 -0.0572 -0.6988
vn 0.6992 -0.0950 -0.7086
vn 0.6826 -0.1321 -0.7187
vn 0.6615 -0.1685 -0.7308
vn 0.6331 -0.2037 -0.7468
vn 0.5943 -0.2375 -0.7684
vn 0.5896 -0.0162 -0.8075
vn 0.5783 -0.0483 -0.8144
vn 0.5660 -0.0799 -0.8205
vn 0.5524 -0.1104 -0.8263
vn 0.5355 -0.1395 -0.8330
vn 0.5120 -0.1667 -0.8426
vn 0.4787 -0.1914 -0.8569
vn 0.4788 -0.0138 -0.8778
vn 0.4707 -0.0414 -0.8813
vn 0.4623 -0.0684 -0.8841
vn 0.4535 -0.0942 -0.8863
vn 0.4427 -0.1185 -0.8888
vn 0.4265 -0.1408 -0.8935
vn 0.4001 -0.1600 -0.9024
vn 0.3895 -0.0120 -0.9209
vn 0.3855 -0.0364 -0.9220
vn 0.3815 -0.0602 -0.9224
vn 0.3773 -0.0829 -0.9224
vn 0.3724 -0.1040 -0.9222
vn 0.3649 -0.1230 -0.9229
vn 0.3476 -0.1390 -0.9273
vn 0.3137 -0.1255 -0.9412
vn 0.1390 0.8982 -0.4170
vn 0.3882 0.8315 -0.3973
vn 0.5799 0.7313 -0.3591
vn 0.7132 0.6246 -0.3182
vn 0.8027 0.5256 -0.2818
vn 0.8627 0.4382 -0.2526
vn 0.9034 0.3615 -0.2308
vn 0.0933 0.5797 -0.8095
vn 0.2660 0.5499 -0.7918
vn 0.4157 0.5070 -0.7551
vn 0.5367 0.4569 -0.7094
vn 0.6302 0.4044 -0.6628
vn 0.7005 0.3521 -0.6208
vn 0.7522 0.3012 -0.5860
vn 0.0643 0.3873 -0.9197
vn 0.1861 0.3713 -0.9097
vn 0.2976 0.3505 -0.8880
vn 0.3947 0.3263 -0.8589
vn 0.4765 0.2993 -0.8267
vn 0.5426 0.2697 -0.7955
vn 0.5939 0.2378 -0.7686
vn 0.0482 0.2800 -0.9588
vn 0.1412 0.2705 -0.9523
vn 0.2284 0.2589 -0.9385
vn 0.3070 0.2458 -0.9194
vn 0.3758 0.2308 -0.8975
vn 0.4332 0.2129 -0.8758
vn 0.4784 0.1915 -0.8570
vn 0.0385 0.2130 -0.9763
vn 0.1142 0.2076 -0.9715
vn 0.1860 0.2012 -0.9617
vn 0.2520 0.1941 -0.9481
vn 0.3108 0.1857 -0.9322
vn 0.3609 0.1749 -0.9161
vn 0.4001 0.1601 -0.9024
vn 0.0322 0.1667 -0.9855
vn 0.0969 0.1642 -0.9817
vn 0.1588 0.1611 -0.9741
vn 0.2165 0.1576 -0.9635
vn 0.2682 0.1536 -0.9510
vn 0.3127 0.1484 -0.9382
vn 0.3476 0.1390 -0.9273
vn 0.9829 0.0243 -0.1826
vn 0.8722 0.0222 -0.4886
vn 0.7243 0.0190 -0.6892
vn 0.5895 0.0160 -0.8076
vn 0.4790 0.0137 -0.8777
vn 0.3898 0.0120 -0.9208
vn 0.3163 0.0108 -0.9486
vn 0.9792 0.0729 -0.1891
vn 0.8630 0.0663 -0.5009
vn 0.7116 0.0565 -0.7003
vn 0.5780 0.0479 -0.8147
vn 0.4711 0.0412 -0.8811
vn 0.3861 0.0363 -0.9217
vn 0.3164 0.0328 -0.9481
vn 0.9732 0.1233 -0.1939
vn 0.8516 0.1113 -0.5123
vn 0.6974 0.0942 -0.7105
vn 0.5655 0.0794 -0.8209
vn 0.4627 0.0682 -0.8839
vn 0.3821 0.0601 -0.9222
vn 0.3160 0.0545 -0.9472
vn 0.9640 0.1760 -0.1991
vn 0.8368 0.1571 -0.5244
vn 0.6808 0.1316 -0.7205
vn 0.5517 0.1100 -0.8268
vn 0.4536 0.0941 -0.8862
vn 0.3776 0.0829 -0.9222
vn 0.3155 0.0753 -0.9459
vn 0.9506 0.2323 -0.2059
vn 0.8170 0.2040 -0.5393
vn 0.6600 0.1683 -0.7322
vn 0.5348 0.1393 -0.8334
vn 0.4426 0.1185 -0.8889
vn 0.3725 0.1040 -0.9222
vn 0.3149 0.0947 -0.9444
vn 0.9312 0.2936 -0.2159
vn 0.7898 0.2519 -0.5592
vn 0.6320 0.2038 -0.7477
vn 0.5115 0.1667 -0.8430
vn 0.4264 0.1408 -0.8935
vn 0.3649 0.1231 -0.9229
vn 0.3143 0.1118 -0.9427
vn 0.0206 0.0083 -0.9998
vn 0.0212 0.0249 -0.9995
vn 0.0218 0.0422 -0.9989
vn 0.0226 0.0608 -0.9979
vn 0.0238 0.0812 -0.9964
vn 0.0255 0.1044 -0.9942
vn 0.0281 0.1321 -0.9908
vn 0.0619 0.0086 -0.9980
vn 0.0638 0.0257 -0.9976
vn 0.0660 0.0436 -0.9969
vn 0.0687 0.0624 -0.9957
vn 0.0724 0.0826 -0.9939
vn 0.0777 0.1052 -0.9914
vn 0.0854 0.1315 -0.9876
vn 0.1050 0.0088 -0.9944
vn 0.1082 0.0266 -0.9938
vn 0.1118 0.0450 -0.9927
vn 0.1160 0.0639 -0.9912
vn 0.1214 0.0840 -0.9890
vn 0.1292 0.1058 -0.9860
vn 0.1410 0.1307 -0.9813
vn 0.1504 0.0091 -0.9886
vn 0.1545 0.0275 -0.9876
vn 0.1589 0.0464 -0.9862
vn 0.1636 0.0656 -0.9843
vn 0.1697 0.0853 -0.9818
vn 0.1789 0.1062 -0.9781
vn 0.1934 0.1296 -0.9725
vn 0.1996 0.0094 -0.9798
vn 0.2036 0.0287 -0.9786
vn 0.2076 0.0482 -0.9770
vn 0.2117 0.0675 -0.9750
vn 0.2169 0.0868 -0.9723
vn 0.2254 0.1066 -0.9684
vn 0.2410 0.1282 -0.9620
vn 0.2541 0.0100 -0.9671
vn 0.2567 0.0304 -0.9660
vn 0.2592 0.0507 -0.9645
vn 0.2615 0.0705 -0.9626
vn 0.2643 0.0894 -0.9603
vn 0.2690 0.1076 -0.9571
vn 0.2819 0.1268 -0.9510
vn 0.3137 0.1255 -0.9412
vn -0.1495 -0.9888 -0.0000
vn -0.4165 -0.9091 -0.0000
vn -0.6146 -0.7889 -0.0000
vn -0.7475 -0.6643 -0.0000
vn -0.8340 -0.5518 -0.0000
vn -0.8906 -0.4547 -0.0000
vn -0.9285 -0.3714 -0.0000
vn -0.9542 -0.2990 -0.0000
vn -0.9720 -0.2350 -0.0000
vn -0.9842 -0.1772 -0.0000
vn -0.9923 -0.1237 -0.0000
vn -0.9973 -0.0731 -0.0000
vn -0.9997 -0.0242 -0.0000
vn -0.0202 -0.0000 0.9998
vn -0.0610 -0.0000 0.9981
vn -0.1033 -0.0000 0.9946
vn -0.1484 -0.0000 0.9889
vn -0.1975 -0.0000 0.9803
vn -0.2527 -0.0000 0.9676
vn -0.3162 -0.0000 0.9487
vn -0.3915 -0.0000 0.9202
vn -0.4829 -0.0000 0.8757
vn -0.5952 -0.0000 0.8036
vn -0.7305 -0.0000 0.6829
vn -0.8763 -0.0000 0.4818
vn -0.9839 -0.0000 0.1785
vn -0.1495 0.9888 -0.0000
vn -0.4165 0.9091 -0.0000
vn -0.6146 0.7889 -0.0000
vn -0.7475 0.6643 -0.0000
vn -0.8340 0.5518 -0.0000
vn -0.8906 0.4547 -0.0000
vn -0.9285 0.3714 -0.0000
vn -0.9542 0.2990 -0.0000
vn -0.9720 0.2350 -0.0000
vn -0.9842 0.1772 -0.0000
vn -0.9923 0.1237 -0.0000
vn -0.9973 0.0731 -0.0000
vn -0.9997 0.0242 -0.0000
vn -0.0202 -0.0000 -0.9998
vn -0.0610 -0.0000 -0.9981
vn -0.1033 -0.0000 -0.9946
vn -0.1484 -0.0000 -0.9889
vn -0.1975 -0.0000 -0.9803
vn -0.2527 -0.0000 -0.9676
vn -0.3162 -0.0000 -0.9487
vn -0.3915 -0.0000 -0.9202
vn -0.4829 -0.0000 -0.8757
vn -0.5952 -0.0000 -0.8036
vn -0.7305 -0.0000 -0.6829
vn -0.8763 -0.0000 -0.4818
vn -0.9839 -0.0000 -0.1785
vn -0.0000 -0.9107 -0.4131
vn -0.0000 -0.5883 -0.8086
vn -0.0000 -0.3934 -0.9194
vn -0.0000 -0.2840 -0.9588
vn -0.0000 -0.2154 -0.9765
vn -0.0000 -0.1678 -0.9858
vn -0.0000 -0.1322 -0.9912
vn -0.0000 -0.1039 -0.9946
vn -0.0000 -0.0803 -0.9968
vn -0.0000 -0.0599 -0.9982
vn -0.0000 -0.0415 -0.9991
vn -0.0000 -0.0244 -0.9997
vn -0.0000 -0.0081 -1.0000
vn -0.0000 0.9107 -0.4131
vn -0.0000 0.5883 -0.8086
vn -0.0000 0.3934 -0.9194
vn -0.0000 0.2840 -0.9588
vn -0.0000 0.2154 -0.9765
vn -0.0000 0.1678 -0.9858
vn -0.0000 0.1322 -0.9912
vn -0.0000 0.1039 -0.9946
vn -0.0000 0.0803 -0.9968
vn -0.0000 0.0599 -0.9982
vn -0.0000 0.0415 -0.9991
vn -0.0000 0.0244 -0.9997
vn -0.0000 0.0081 -1.0000
vn 0.9839 -0.0000 -0.1785
vn 0.8763 -0.0000 -0.4818
vn 0.7305 -0.0000 -0.6829
vn 0.5952 -0.0000 -0.8036
vn 0.4829 -0.0000 -0.8757
vn 0.3915 -0.0000 -0.9202
vn 0.3162 -0.0000 -0.9487
vn 0.2527 -0.0000 -0.9676
vn 0.1975 -0.0000 -0.9803
vn 0.1484 -0.0000 -0.9889
vn 0.1033 -0.0000 -0.9946
vn 0.0610 -0.0000 -0.9981
vn 0.0202 -0.0000 -0.9998
vn 0.1495 -0.9888 -0.0000
vn 0.4165 -0.9091 -0.0000
vn 0.6146 -0.7889 -0.0000
vn 0.7475 -0.6643 -0.0000
vn 0.8340 -0.5518 -0.0000
vn 0.8906 -0.4547 -0.0000
vn 0.9285 -0.3714 -0.0000
vn 0.9542 -0.2990 -0.0000
vn 0.9720 -0.2350 -0.0000
vn 0.9842 -0.1772 -0.0000
vn 0.9923 -0.1237 -0.0000
vn 0.9973 -0.0731 -0.0000
vn 0.9997 -0.0242 -0.0000
vn 0.1495 0.9888 -0.0000
vn 0.4165 0.9091 -0.0000
vn 0.6146 0.7889 -0.0000
vn 0.7475 0.6643 -0.0000
vn 0.8340 0.5518 -0.0000
vn 0.8906 0.4547 -0.0000
vn 0.9285 0.3714 -0.0000
vn 0.9542 0.2990 -0.0000
vn 0.9720 0.2350 -0.0000
vn 0.9842 0.1772 -0.0000
vn 0.9923 0.1237 -0.0000
vn 0.9973 0.0731 -0.0000
vn 0.9997 0.0242 -0.0000
vn 0.0202 -0.0000 0.9998
vn 0.0610 -0.0000 0.9981
vn 0.1033 -0.0000 0.9946
vn 0.1484 -0.0000 0.9889
vn 0.1975 -0.0000 0.9803
vn 0.2527 -0.0000 0.9676
vn 0.3162 -0.0000 0.9487
vn 0.3915 -0.0000 0.9202
vn 0.4829 -0.0000 0.8757
vn 0.5952 -0.0000 0.8036
vn 0.7305 -0.0000 0.6829
vn 0.8763 -0.0000 0.4818
vn 0.9839 -0.0000 0.1785
vn -0.0000 -0.9107 0.4131
vn -0.0000 -0.5883 0.8086
vn -0.0000 -0.3934 0.9194
vn -0.0000 -0.2840 0.9588
vn -0.0000 -0.2154 0.9765
vn -0.0000 -0.1678 0.9858
vn -0.0000 -0.1322 0.9912
vn -0.0000 -0.1039 0.9946
vn -0.0000 -0.0803 0.9968
vn -0.0000 -0.0599 0.9982
vn -0.0000 -0.0415 0.9991
vn -0.0000 -0.0244 0.9997
vn -0.0000 -0.0081 1.0000
vn -0.0000 0.9107 0.4131
vn -0.0000 0.5883 0.8086
vn -0.0000 0.3934 0.9194
vn -0.0000 0.2840 0.9588
vn -0.0000 0.2154 0.9765
vn -0.0000 0.1678 0.9858
vn -0.0000 0.1322 0.9912
vn -0.0000 0.1039 0.9946
vn -0.0000 0.0803 0.9968
vn -0.0000 0.0599 0.9982
vn -0.0000 0.0415 0.9991
vn -0.0000 0.0244 0.9997
vn -0.0000 0.0081 1.0000
vn -0.0000 -1.0000 -0.0000
vt 0.401332 0.759181
vt 0.598668 0.759181
vt 0.598668 0.990819
vt 0.401332 0.990819
vt 0.401332 0.506117
vt 0.598668 0.506117
vt 0.598668 0.743883
vt 0.401332 0.743883
vt 0.634181 0.506117
vt 0.865819 0.506117
vt 0.865819 0.743883
vt 0.634181 0.743883
vt 0.401332 0.006117
vt 0.598668 0.006117
vt 0.598668 0.243883
vt 0.401332 0.243883
vt 0.401332 0.259181
vt 0.598668 0.259181
vt 0.598668 0.490819
vt 0.401332 0.490819
vt 0.134181 0.743883
vt 0.134181 0.744620
vt 0.133058 0.744638
vt 0.133074 0.743883
vt 0.134181 0.745347
vt 0.133051 0.745386
vt 0.134181 0.746052
vt 0.133047 0.746099
vt 0.134181 0.746726
vt 0.133048 0.746763
vt 0.134181 0.747358
vt 0.133050 0.747371
vt 0.134181 0.747939
vt 0.133051 0.747920
vt 0.134181 0.750000
vt 0.133049 0.750000
vt 0.131937 0.744645
vt 0.131984 0.743883
vt 0.131918 0.745403
vt 0.131923 0.746112
vt 0.131942 0.746757
vt 0.131963 0.747333
vt 0.131975 0.747845
vt 0.131972 0.750000
vt 0.130861 0.744646
vt 0.130925 0.743883
vt 0.130845 0.745400
vt 0.130872 0.746095
vt 0.130926 0.746715
vt 0.130979 0.747255
vt 0.131012 0.747727
vt 0.131010 0.750000
vt 0.129857 0.744644
vt 0.129914 0.743883
vt 0.129867 0.745384
vt 0.129933 0.746059
vt 0.130034 0.746648
vt 0.130130 0.747153
vt 0.130190 0.747585
vt 0.130189 0.750000
vt 0.128940 0.744640
vt 0.128966 0.743883
vt 0.128997 0.745367
vt 0.129117 0.746021
vt 0.129273 0.746583
vt 0.129423 0.747053
vt 0.129522 0.747444
vt 0.129522 0.750000
vt 0.128114 0.744637
vt 0.128093 0.743883
vt 0.128227 0.745355
vt 0.128407 0.745996
vt 0.128623 0.746543
vt 0.128836 0.746987
vt 0.129004 0.747332
vt 0.129004 0.750000
vt 0.401332 0.991926
vt 0.398112 0.991952
vt 0.398158 0.990819
vt 0.401332 0.993016
vt 0.398090 0.993075
vt 0.401332 0.994075
vt 0.398081 0.994145
vt 0.401332 0.995086
vt 0.398084 0.995142
vt 0.401332 0.996034
vt 0.398090 0.996054
vt 0.401332 1.000000
vt 0.398093 1.000000
vt 0.401332 0.000000
vt 0.401332 0.002061
vt 0.398086 0.002075
vt 0.398093 0.000000
vt 0.394895 0.991964
vt 0.395030 0.990819
vt 0.394842 0.993101
vt 0.394856 0.994165
vt 0.394911 0.995133
vt 0.394970 0.995998
vt 0.395005 1.000000
vt 0.394996 0.002150
vt 0.395005 0.000000
vt 0.391809 0.991965
vt 0.391994 0.990819
vt 0.391765 0.993096
vt 0.391843 0.994140
vt 0.391995 0.995070
vt 0.392148 0.995881
vt 0.392243 1.000000
vt 0.392237 0.002270
vt 0.392243 0.000000
vt 0.388930 0.991961
vt 0.389095 0.990819
vt 0.388958 0.993073
vt 0.389149 0.994085
vt 0.389438 0.994970
vt 0.389714 0.995727
vt 0.389884 1.000000
vt 0.389882 0.002414
vt 0.389884 0.000000
vt 0.386301 0.991956
vt 0.386374 0.990819
vt 0.386462 0.993047
vt 0.386808 0.994028
vt 0.387257 0.994873
vt 0.387685 0.995578
vt 0.387969 1.000000
vt 0.387968 0.002556
vt 0.387969 0.000000
vt 0.375000 0.991951
vt 0.375000 0.990819
vt 0.375000 0.993028
vt 0.375000 0.993990
vt 0.375000 0.994811
vt 0.375000 0.995479
vt 0.375000 0.995996
vt 0.375000 0.002668
vt 0.375000 0.000000
vt 0.398158 0.006117
vt 0.398081 0.005369
vt 0.401332 0.005380
vt 0.395030 0.006117
vt 0.394861 0.005364
vt 0.391994 0.006117
vt 0.391792 0.005362
vt 0.389095 0.006117
vt 0.388934 0.005363
vt 0.386374 0.006117
vt 0.386318 0.005364
vt 0.375000 0.006117
vt 0.375000 0.005365
vt 0.125000 0.743883
vt 0.125000 0.744635
vt 0.398049 0.004622
vt 0.401332 0.004653
vt 0.394789 0.004610
vt 0.391734 0.004613
vt 0.388958 0.004626
vt 0.386479 0.004639
vt 0.375000 0.004648
vt 0.125000 0.745352
vt 0.398045 0.003905
vt 0.401332 0.003948
vt 0.394802 0.003895
vt 0.391807 0.003913
vt 0.389141 0.003948
vt 0.386814 0.003984
vt 0.375000 0.004006
vt 0.125000 0.745994
vt 0.398056 0.003236
vt 0.401332 0.003274
vt 0.394868 0.003243
vt 0.391964 0.003287
vt 0.389427 0.003354
vt 0.387257 0.003418
vt 0.375000 0.003458
vt 0.125000 0.746542
vt 0.398072 0.002625
vt 0.401332 0.002642
vt 0.394943 0.002663
vt 0.392129 0.002743
vt 0.389706 0.002847
vt 0.387683 0.002947
vt 0.375000 0.003013
vt 0.125000 0.746987
vt 0.125000 0.747332
vt 0.601841 0.990819
vt 0.601919 0.991942
vt 0.598668 0.991926
vt 0.604970 0.990819
vt 0.605139 0.991949
vt 0.608006 0.990819
vt 0.608208 0.991953
vt 0.610905 0.990819
vt 0.611066 0.991952
vt 0.613626 0.990819
vt 0.613682 0.991949
vt 0.616129 0.990819
vt 0.616047 0.991949
vt 0.625000 0.990819
vt 0.625000 0.991951
vt 0.601951 0.993063
vt 0.598668 0.993016
vt 0.605211 0.993082
vt 0.608266 0.993077
vt 0.611042 0.993058
vt 0.613521 0.993037
vt 0.615723 0.993025
vt 0.625000 0.993028
vt 0.601955 0.994139
vt 0.598668 0.994075
vt 0.605198 0.994155
vt 0.608193 0.994128
vt 0.610859 0.994074
vt 0.613186 0.994021
vt 0.615218 0.993988
vt 0.625000 0.993990
vt 0.601944 0.995143
vt 0.598668 0.995086
vt 0.605132 0.995133
vt 0.608036 0.995067
vt 0.610573 0.994966
vt 0.612743 0.994870
vt 0.614607 0.994810
vt 0.625000 0.994811
vt 0.601928 0.996060
vt 0.598668 0.996034
vt 0.605057 0.996004
vt 0.607871 0.995883
vt 0.610294 0.995726
vt 0.612317 0.995577
vt 0.613997 0.995478
vt 0.625000 0.995478
vt 0.601914 1.000000
vt 0.598668 1.000000
vt 0.605004 1.000000
vt 0.607763 1.000000
vt 0.610118 1.000000
vt 0.612032 1.000000
vt 0.613515 1.000000
vt 0.625000 1.000000
vt 0.866926 0.743883
vt 0.866952 0.744631
vt 0.865819 0.744620
vt 0.868016 0.743883
vt 0.868075 0.744636
vt 0.869075 0.743883
vt 0.869145 0.744638
vt 0.870086 0.743883
vt 0.870142 0.744637
vt 0.871034 0.743883
vt 0.871054 0.744636
vt 0.875000 0.743883
vt 0.875000 0.744635
vt 0.625000 0.006117
vt 0.616129 0.006117
vt 0.616068 0.005363
vt 0.625000 0.005365
vt 0.866964 0.745378
vt 0.865819 0.745347
vt 0.868100 0.745390
vt 0.869165 0.745387
vt 0.870133 0.745374
vt 0.870998 0.745361
vt 0.875000 0.745352
vt 0.615744 0.004645
vt 0.625000 0.004648
vt 0.866965 0.746095
vt 0.865819 0.746052
vt 0.868096 0.746105
vt 0.869140 0.746087
vt 0.870070 0.746052
vt 0.870881 0.746016
vt 0.875000 0.745994
vt 0.615229 0.004004
vt 0.625000 0.004006
vt 0.866961 0.746764
vt 0.865819 0.746726
vt 0.868073 0.746757
vt 0.869085 0.746713
vt 0.869970 0.746646
vt 0.870727 0.746582
vt 0.875000 0.746542
vt 0.614610 0.003457
vt 0.625000 0.003458
vt 0.866956 0.747375
vt 0.865819 0.747358
vt 0.868047 0.747337
vt 0.869028 0.747257
vt 0.869873 0.747153
vt 0.870578 0.747053
vt 0.875000 0.746987
vt 0.613998 0.003013
vt 0.625000 0.003013
vt 0.866951 0.750000
vt 0.865819 0.750000
vt 0.868028 0.750000
vt 0.868990 0.750000
vt 0.869811 0.750000
vt 0.870478 0.750000
vt 0.875000 0.747332
vt 0.613515 0.002668
vt 0.625000 0.002668
vt 0.598668 0.005380
vt 0.601888 0.005362
vt 0.601842 0.006117
vt 0.598668 0.004653
vt 0.601910 0.004614
vt 0.598668 0.003948
vt 0.601919 0.003901
vt 0.598668 0.003274
vt 0.601916 0.003237
vt 0.598668 0.002642
vt 0.601910 0.002629
vt 0.598668 0.002061
vt 0.601908 0.002080
vt 0.598668 0.000000
vt 0.601914 0.000000
vt 0.605105 0.005355
vt 0.604970 0.006117
vt 0.605158 0.004597
vt 0.605144 0.003888
vt 0.605089 0.003243
vt 0.605030 0.002667
vt 0.604995 0.002155
vt 0.605004 0.000000
vt 0.608191 0.005354
vt 0.608006 0.006117
vt 0.608235 0.004600
vt 0.608157 0.003905
vt 0.608005 0.003285
vt 0.607852 0.002745
vt 0.607757 0.002273
vt 0.607763 0.000000
vt 0.611070 0.005356
vt 0.610905 0.006117
vt 0.611042 0.004616
vt 0.610851 0.003941
vt 0.610562 0.003352
vt 0.610286 0.002847
vt 0.610116 0.002415
vt 0.610118 0.000000
vt 0.613699 0.005360
vt 0.613626 0.006117
vt 0.613538 0.004633
vt 0.613192 0.003979
vt 0.612743 0.003416
vt 0.612315 0.002947
vt 0.612031 0.002556
vt 0.612032 0.000000
vt 0.613515 0.000000
vt 0.134181 0.506117
vt 0.133074 0.506117
vt 0.133048 0.505369
vt 0.134181 0.505380
vt 0.131984 0.506117
vt 0.131925 0.505364
vt 0.130925 0.506117
vt 0.130855 0.505362
vt 0.129914 0.506117
vt 0.129858 0.505363
vt 0.128966 0.506117
vt 0.128946 0.505364
vt 0.128093 0.506117
vt 0.128122 0.505365
vt 0.125000 0.506117
vt 0.125000 0.505363
vt 0.133036 0.504622
vt 0.134181 0.504653
vt 0.131900 0.504610
vt 0.130835 0.504613
vt 0.129867 0.504626
vt 0.129002 0.504639
vt 0.128234 0.504647
vt 0.125000 0.504645
vt 0.133035 0.503905
vt 0.134181 0.503948
vt 0.131904 0.503895
vt 0.130860 0.503913
vt 0.129930 0.503948
vt 0.129119 0.503984
vt 0.128411 0.504006
vt 0.125000 0.504004
vt 0.133039 0.503236
vt 0.134181 0.503274
vt 0.131927 0.503243
vt 0.130915 0.503287
vt 0.130030 0.503354
vt 0.129273 0.503418
vt 0.128624 0.503458
vt 0.125000 0.503457
vt 0.133044 0.502625
vt 0.134181 0.502642
vt 0.131953 0.502663
vt 0.130972 0.502743
vt 0.130127 0.502847
vt 0.129422 0.502947
vt 0.128836 0.503013
vt 0.125000 0.503013
vt 0.133049 0.502075
vt 0.134181 0.502061
vt 0.131972 0.502150
vt 0.131010 0.502270
vt 0.130189 0.502414
vt 0.129522 0.502556
vt 0.129004 0.502668
vt 0.125000 0.502668
vt 0.401332 0.244620
vt 0.398112 0.244638
vt 0.398158 0.243883
vt 0.401332 0.245347
vt 0.398090 0.245386
vt 0.401332 0.246052
vt 0.398081 0.246099
vt 0.401332 0.246726
vt 0.398084 0.246763
vt 0.401332 0.247358
vt 0.398090 0.247371
vt 0.401332 0.247939
vt 0.398093 0.247920
vt 0.401332 0.253093
vt 0.398086 0.253114
vt 0.394895 0.244645
vt 0.395030 0.243883
vt 0.394842 0.245403
vt 0.394856 0.246112
vt 0.394911 0.246757
vt 0.394970 0.247333
vt 0.395005 0.247845
vt 0.394996 0.253227
vt 0.391809 0.244646
vt 0.391994 0.243883
vt 0.391765 0.245400
vt 0.391843 0.246095
vt 0.391995 0.246715
vt 0.392148 0.247255
vt 0.392243 0.247727
vt 0.392237 0.253407
vt 0.388930 0.244644
vt 0.389095 0.243883
vt 0.388958 0.245384
vt 0.389149 0.246059
vt 0.389438 0.246648
vt 0.389714 0.247153
vt 0.389884 0.247585
vt 0.389882 0.253623
vt 0.386301 0.244640
vt 0.386374 0.243883
vt 0.386462 0.245367
vt 0.386808 0.246021
vt 0.387257 0.246584
vt 0.387685 0.247053
vt 0.387969 0.247444
vt 0.387968 0.253836
vt 0.375000 0.244637
vt 0.375000 0.243883
vt 0.375000 0.245355
vt 0.375000 0.245996
vt 0.375000 0.246543
vt 0.375000 0.246987
vt 0.375000 0.247332
vt 0.375000 0.254004
vt 0.398158 0.259181
vt 0.398081 0.258058
vt 0.401332 0.258074
vt 0.395030 0.259181
vt 0.394861 0.258051
vt 0.391994 0.259181
vt 0.391792 0.258047
vt 0.389095 0.259181
vt 0.388934 0.258048
vt 0.386374 0.259181
vt 0.386318 0.258050
vt 0.375000 0.259181
vt 0.375000 0.258051
vt 0.134181 0.500000
vt 0.133051 0.500000
vt 0.398049 0.256937
vt 0.401332 0.256984
vt 0.394789 0.256918
vt 0.391734 0.256923
vt 0.388958 0.256942
vt 0.386479 0.256963
vt 0.375000 0.256975
vt 0.131975 0.500000
vt 0.398045 0.255861
vt 0.401332 0.255925
vt 0.394802 0.255845
vt 0.391807 0.255872
vt 0.389141 0.255926
vt 0.386814 0.255979
vt 0.375000 0.256012
vt 0.131012 0.500000
vt 0.398056 0.254857
vt 0.401332 0.254914
vt 0.394868 0.254867
vt 0.391964 0.254933
vt 0.389427 0.255034
vt 0.387257 0.255130
vt 0.375000 0.255190
vt 0.130190 0.500000
vt 0.398072 0.253940
vt 0.401332 0.253966
vt 0.394943 0.253997
vt 0.392129 0.254117
vt 0.389706 0.254273
vt 0.387683 0.254423
vt 0.375000 0.254522
vt 0.129522 0.500000
vt 0.129004 0.500000
vt 0.865819 0.505380
vt 0.866942 0.505362
vt 0.866926 0.506117
vt 0.865819 0.504653
vt 0.866949 0.504614
vt 0.865819 0.503948
vt 0.866953 0.503901
vt 0.865819 0.503274
vt 0.866952 0.503237
vt 0.865819 0.502642
vt 0.866950 0.502629
vt 0.865819 0.500000
vt 0.866948 0.500000
vt 0.625000 0.259181
vt 0.616129 0.259181
vt 0.616068 0.258049
vt 0.625000 0.258051
vt 0.868063 0.505355
vt 0.868016 0.506117
vt 0.868082 0.504597
vt 0.868077 0.503888
vt 0.868058 0.503243
vt 0.868037 0.502667
vt 0.868025 0.500000
vt 0.615745 0.256972
vt 0.625000 0.256975
vt 0.869139 0.505354
vt 0.869075 0.506117
vt 0.869155 0.504600
vt 0.869128 0.503905
vt 0.869075 0.503285
vt 0.869021 0.502745
vt 0.868988 0.500000
vt 0.615229 0.256010
vt 0.625000 0.256012
vt 0.870143 0.505356
vt 0.870086 0.506117
vt 0.870133 0.504616
vt 0.870067 0.503941
vt 0.869966 0.503352
vt 0.869870 0.502847
vt 0.869810 0.500000
vt 0.614610 0.255189
vt 0.625000 0.255190
vt 0.871060 0.505360
vt 0.871034 0.506117
vt 0.871004 0.504633
vt 0.870883 0.503979
vt 0.870727 0.503416
vt 0.870577 0.502947
vt 0.870478 0.500000
vt 0.613998 0.254522
vt 0.625000 0.254522
vt 0.875000 0.505363
vt 0.875000 0.506117
vt 0.875000 0.504645
vt 0.875000 0.504004
vt 0.875000 0.503457
vt 0.875000 0.503013
vt 0.875000 0.502668
vt 0.613515 0.254004
vt 0.625000 0.250000
vt 0.598668 0.258074
vt 0.601888 0.258048
vt 0.601841 0.259181
vt 0.598668 0.256984
vt 0.601910 0.256925
vt 0.598668 0.255925
vt 0.601919 0.255855
vt 0.598668 0.254914
vt 0.601916 0.254858
vt 0.598668 0.253966
vt 0.601910 0.253946
vt 0.598668 0.253093
vt 0.601907 0.253122
vt 0.598668 0.247939
vt 0.601914 0.247925
vt 0.605105 0.258036
vt 0.604969 0.259181
vt 0.605158 0.256900
vt 0.605144 0.255835
vt 0.605089 0.254867
vt 0.605030 0.254002
vt 0.604995 0.253234
vt 0.605004 0.247850
vt 0.608191 0.258035
vt 0.608006 0.259181
vt 0.608235 0.256904
vt 0.608157 0.255860
vt 0.608005 0.254930
vt 0.607852 0.254119
vt 0.607757 0.253411
vt 0.607763 0.247730
vt 0.611070 0.258039
vt 0.610905 0.259181
vt 0.611042 0.256927
vt 0.610851 0.255915
vt 0.610562 0.255030
vt 0.610286 0.254273
vt 0.610116 0.253624
vt 0.610118 0.247586
vt 0.613699 0.258044
vt 0.613626 0.259181
vt 0.613538 0.256953
vt 0.613192 0.255972
vt 0.612743 0.255127
vt 0.612315 0.254422
vt 0.612031 0.253836
vt 0.612032 0.247444
vt 0.613515 0.247332
vt 0.601842 0.243883
vt 0.601919 0.244631
vt 0.598668 0.244620
vt 0.604970 0.243883
vt 0.605139 0.244636
vt 0.608006 0.243883
vt 0.608208 0.244638
vt 0.610905 0.243883
vt 0.611066 0.244637
vt 0.613626 0.243883
vt 0.613682 0.244636
vt 0.616129 0.243883
vt 0.616047 0.244635
vt 0.625000 0.243883
vt 0.625000 0.244637
vt 0.601951 0.245378
vt 0.598668 0.245347
vt 0.605211 0.245390
vt 0.608266 0.245387
vt 0.611042 0.245374
vt 0.613521 0.245361
vt 0.615723 0.245352
vt 0.625000 0.245355
vt 0.601955 0.246095
vt 0.598668 0.246052
vt 0.605198 0.246105
vt 0.608193 0.246087
vt 0.610859 0.246052
vt 0.613186 0.246016
vt 0.615218 0.245994
vt 0.625000 0.245996
vt 0.601944 0.246764
vt 0.598668 0.246726
vt 0.605132 0.246757
vt 0.608036 0.246713
vt 0.610573 0.246646
vt 0.612743 0.246582
vt 0.614607 0.246542
vt 0.625000 0.246543
vt 0.601928 0.247375
vt 0.598668 0.247358
vt 0.605057 0.247337
vt 0.607871 0.247257
vt 0.610294 0.247153
vt 0.612317 0.247053
vt 0.613998 0.246987
vt 0.625000 0.246987
vt 0.625000 0.247332
vt 0.613515 0.247574
vt 0.365819 0.743883
vt 0.366926 0.743883
vt 0.366952 0.744631
vt 0.365819 0.744620
vt 0.368016 0.743883
vt 0.368075 0.744636
vt 0.369075 0.743883
vt 0.369145 0.744638
vt 0.370086 0.743883
vt 0.370142 0.744637
vt 0.371034 0.743883
vt 0.371054 0.744636
vt 0.371907 0.743883
vt 0.371878 0.744635
vt 0.383871 0.743883
vt 0.383932 0.744637
vt 0.366964 0.745378
vt 0.365819 0.745347
vt 0.368100 0.745390
vt 0.369165 0.745387
vt 0.370133 0.745374
vt 0.370998 0.745361
vt 0.371766 0.745353
vt 0.384255 0.745355
vt 0.366965 0.746095
vt 0.365819 0.746052
vt 0.368096 0.746105
vt 0.369140 0.746087
vt 0.370070 0.746052
vt 0.370881 0.746016
vt 0.371589 0.745994
vt 0.384771 0.745996
vt 0.366961 0.746764
vt 0.365819 0.746726
vt 0.368073 0.746757
vt 0.369085 0.746713
vt 0.369970 0.746646
vt 0.370727 0.746582
vt 0.371376 0.746542
vt 0.385390 0.746543
vt 0.366956 0.747375
vt 0.365819 0.747358
vt 0.368047 0.747337
vt 0.369028 0.747257
vt 0.369873 0.747153
vt 0.370578 0.747053
vt 0.371164 0.746987
vt 0.386002 0.746987
vt 0.366951 0.747925
vt 0.365819 0.747939
vt 0.368028 0.747850
vt 0.368990 0.747730
vt 0.369811 0.747586
vt 0.370478 0.747444
vt 0.370996 0.747332
vt 0.386485 0.747332
vt 0.401332 0.744620
vt 0.398112 0.744638
vt 0.398158 0.743883
vt 0.401332 0.745347
vt 0.398090 0.745386
vt 0.401332 0.746052
vt 0.398081 0.746099
vt 0.401332 0.746726
vt 0.398084 0.746763
vt 0.401332 0.747358
vt 0.398090 0.747371
vt 0.401332 0.747939
vt 0.398093 0.747920
vt 0.401332 0.753093
vt 0.398086 0.753114
vt 0.394895 0.744645
vt 0.395030 0.743883
vt 0.394842 0.745403
vt 0.394856 0.746112
vt 0.394911 0.746757
vt 0.394970 0.747333
vt 0.395005 0.747845
vt 0.394996 0.753227
vt 0.391809 0.744646
vt 0.391994 0.743883
vt 0.391765 0.745400
vt 0.391843 0.746095
vt 0.391995 0.746715
vt 0.392148 0.747255
vt 0.392243 0.747727
vt 0.392237 0.753407
vt 0.388930 0.744644
vt 0.389095 0.743883
vt 0.388958 0.745384
vt 0.389149 0.746059
vt 0.389438 0.746648
vt 0.389714 0.747153
vt 0.389884 0.747585
vt 0.389882 0.753623
vt 0.386301 0.744640
vt 0.386374 0.743883
vt 0.386462 0.745367
vt 0.386808 0.746021
vt 0.387257 0.746584
vt 0.387685 0.747054
vt 0.387969 0.747444
vt 0.387968 0.753836
vt 0.375000 0.754004
vt 0.398158 0.759181
vt 0.398081 0.758058
vt 0.401332 0.758074
vt 0.395030 0.759181
vt 0.394861 0.758051
vt 0.391994 0.759181
vt 0.391792 0.758047
vt 0.389095 0.759181
vt 0.388934 0.758048
vt 0.386374 0.759181
vt 0.386318 0.758050
vt 0.375000 0.759181
vt 0.375000 0.758051
vt 0.365819 0.750000
vt 0.366949 0.750000
vt 0.398049 0.756936
vt 0.401332 0.756984
vt 0.394789 0.756918
vt 0.391734 0.756923
vt 0.388958 0.756942
vt 0.386479 0.756963
vt 0.375000 0.756975
vt 0.368025 0.750000
vt 0.398045 0.755861
vt 0.401332 0.755925
vt 0.394802 0.755845
vt 0.391807 0.755872
vt 0.389141 0.755926
vt 0.386814 0.755979
vt 0.375000 0.756012
vt 0.368988 0.750000
vt 0.398056 0.754857
vt 0.401332 0.754914
vt 0.394868 0.754867
vt 0.391964 0.754933
vt 0.389427 0.755034
vt 0.387257 0.755130
vt 0.375000 0.755190
vt 0.369810 0.750000
vt 0.398072 0.753940
vt 0.401332 0.753966
vt 0.394943 0.753997
vt 0.392129 0.754117
vt 0.389706 0.754273
vt 0.387683 0.754423
vt 0.375000 0.754522
vt 0.370478 0.750000
vt 0.370996 0.750000
vt 0.371359 0.747332
vt 0.634181 0.744620
vt 0.633058 0.744638
vt 0.633074 0.743883
vt 0.634181 0.745347
vt 0.633051 0.745386
vt 0.634181 0.746052
vt 0.633047 0.746099
vt 0.634181 0.746726
vt 0.633048 0.746763
vt 0.634181 0.747358
vt 0.633050 0.747371
vt 0.634181 0.750000
vt 0.633052 0.750000
vt 0.625000 0.759181
vt 0.616129 0.759181
vt 0.616068 0.758049
vt 0.625000 0.758051
vt 0.631937 0.744645
vt 0.631984 0.743883
vt 0.631918 0.745403
vt 0.631923 0.746112
vt 0.631942 0.746757
vt 0.631963 0.747333
vt 0.631975 0.750000
vt 0.615745 0.756972
vt 0.625000 0.756975
vt 0.630861 0.744646
vt 0.630925 0.743883
vt 0.630845 0.745400
vt 0.630872 0.746095
vt 0.630926 0.746715
vt 0.630979 0.747255
vt 0.631012 0.750000
vt 0.615229 0.756010
vt 0.625000 0.756012
vt 0.629857 0.744644
vt 0.629914 0.743883
vt 0.629867 0.745384
vt 0.629933 0.746059
vt 0.630034 0.746648
vt 0.630130 0.747153
vt 0.630190 0.750000
vt 0.614610 0.755189
vt 0.625000 0.755190
vt 0.628940 0.744640
vt 0.628966 0.743883
vt 0.628997 0.745367
vt 0.629117 0.746021
vt 0.629273 0.746583
vt 0.629423 0.747053
vt 0.629522 0.750000
vt 0.613998 0.754521
vt 0.625000 0.754522
vt 0.628114 0.744637
vt 0.628093 0.743883
vt 0.628227 0.745355
vt 0.628407 0.745996
vt 0.628623 0.746543
vt 0.628836 0.746987
vt 0.629004 0.750000
vt 0.613515 0.754004
vt 0.625000 0.754004
vt 0.598668 0.758074
vt 0.601888 0.758048
vt 0.601841 0.759181
vt 0.598668 0.756984
vt 0.601910 0.756925
vt 0.598668 0.755925
vt 0.601919 0.755855
vt 0.598668 0.754914
vt 0.601916 0.754858
vt 0.598668 0.753966
vt 0.601910 0.753946
vt 0.598668 0.753093
vt 0.601907 0.753122
vt 0.598668 0.747939
vt 0.601914 0.747925
vt 0.605105 0.758036
vt 0.604969 0.759181
vt 0.605158 0.756899
vt 0.605144 0.755835
vt 0.605089 0.754867
vt 0.605030 0.754002
vt 0.604995 0.753235
vt 0.605004 0.747850
vt 0.608191 0.758035
vt 0.608006 0.759181
vt 0.608235 0.756904
vt 0.608157 0.755860
vt 0.608005 0.754930
vt 0.607852 0.754119
vt 0.607757 0.753411
vt 0.607763 0.747730
vt 0.611070 0.758039
vt 0.610905 0.759181
vt 0.611042 0.756927
vt 0.610851 0.755915
vt 0.610562 0.755030
vt 0.610286 0.754273
vt 0.610116 0.753624
vt 0.610118 0.747586
vt 0.613699 0.758044
vt 0.613626 0.759181
vt 0.613538 0.756953
vt 0.613192 0.755972
vt 0.612743 0.755127
vt 0.612315 0.754422
vt 0.612031 0.753836
vt 0.612032 0.747444
vt 0.613515 0.747332
vt 0.601842 0.743883
vt 0.601919 0.744631
vt 0.598668 0.744620
vt 0.604970 0.743883
vt 0.605139 0.744636
vt 0.608006 0.743883
vt 0.608208 0.744638
vt 0.610905 0.743883
vt 0.611066 0.744637
vt 0.613626 0.743883
vt 0.613682 0.744636
vt 0.616129 0.743883
vt 0.616047 0.744635
vt 0.601951 0.745378
vt 0.598668 0.745347
vt 0.605211 0.745390
vt 0.608266 0.745387
vt 0.611042 0.745374
vt 0.613521 0.745361
vt 0.615723 0.745353
vt 0.601955 0.746095
vt 0.598668 0.746052
vt 0.605198 0.746105
vt 0.608193 0.746087
vt 0.610859 0.746052
vt 0.613186 0.746016
vt 0.615218 0.745994
vt 0.601944 0.746764
vt 0.598668 0.746726
vt 0.605132 0.746757
vt 0.608036 0.746713
vt 0.610573 0.746646
vt 0.612743 0.746582
vt 0.614607 0.746542
vt 0.601928 0.747375
vt 0.598668 0.747358
vt 0.605057 0.747337
vt 0.607871 0.747257
vt 0.610294 0.747153
vt 0.612317 0.747053
vt 0.613998 0.746987
vt 0.613515 0.753641
vt 0.365819 0.506117
vt 0.365819 0.505380
vt 0.366942 0.505362
vt 0.366926 0.506117
vt 0.365819 0.504653
vt 0.366949 0.504614
vt 0.365819 0.503948
vt 0.366953 0.503901
vt 0.365819 0.503274
vt 0.366952 0.503237
vt 0.365819 0.502642
vt 0.366950 0.502629
vt 0.365819 0.502061
vt 0.366949 0.502080
vt 0.365819 0.500000
vt 0.366951 0.500000
vt 0.368063 0.505355
vt 0.368016 0.506117
vt 0.368082 0.504597
vt 0.368077 0.503888
vt 0.368058 0.503243
vt 0.368037 0.502667
vt 0.368025 0.502155
vt 0.368028 0.500000
vt 0.369139 0.505354
vt 0.369075 0.506117
vt 0.369155 0.504600
vt 0.369128 0.503905
vt 0.369074 0.503285
vt 0.369021 0.502745
vt 0.368988 0.502273
vt 0.368990 0.500000
vt 0.370143 0.505356
vt 0.370086 0.506117
vt 0.370133 0.504616
vt 0.370067 0.503941
vt 0.369966 0.503352
vt 0.369870 0.502847
vt 0.369810 0.502415
vt 0.369811 0.500000
vt 0.371060 0.505360
vt 0.371034 0.506117
vt 0.371004 0.504633
vt 0.370883 0.503979
vt 0.370727 0.503416
vt 0.370577 0.502947
vt 0.370478 0.502556
vt 0.370478 0.500000
vt 0.371886 0.505363
vt 0.371907 0.506117
vt 0.371773 0.504645
vt 0.371593 0.504004
vt 0.371377 0.503457
vt 0.371164 0.503013
vt 0.370996 0.502668
vt 0.370996 0.500000
vt 0.401332 0.491926
vt 0.398112 0.491952
vt 0.398158 0.490819
vt 0.401332 0.493016
vt 0.398090 0.493075
vt 0.401332 0.494075
vt 0.398081 0.494145
vt 0.401332 0.495086
vt 0.398084 0.495142
vt 0.401332 0.496034
vt 0.398090 0.496054
vt 0.401332 0.496907
vt 0.398093 0.496878
vt 0.401332 0.502061
vt 0.398086 0.502075
vt 0.394895 0.491964
vt 0.395030 0.490819
vt 0.394842 0.493101
vt 0.394856 0.494165
vt 0.394911 0.495133
vt 0.394970 0.495998
vt 0.395005 0.496766
vt 0.394996 0.502150
vt 0.391809 0.491965
vt 0.391994 0.490819
vt 0.391765 0.493096
vt 0.391843 0.494140
vt 0.391995 0.495070
vt 0.392148 0.495881
vt 0.392243 0.496589
vt 0.392237 0.502270
vt 0.388930 0.491961
vt 0.389095 0.490819
vt 0.388958 0.493073
vt 0.389149 0.494085
vt 0.389438 0.494970
vt 0.389714 0.495727
vt 0.389884 0.496376
vt 0.389882 0.502414
vt 0.386301 0.491956
vt 0.386374 0.490819
vt 0.386462 0.493047
vt 0.386808 0.494028
vt 0.387257 0.494873
vt 0.387685 0.495578
vt 0.387969 0.496164
vt 0.387968 0.502556
vt 0.375000 0.491951
vt 0.375000 0.490819
vt 0.375000 0.493028
vt 0.375000 0.493990
vt 0.375000 0.494811
vt 0.375000 0.495478
vt 0.375000 0.495996
vt 0.386485 0.502668
vt 0.398158 0.506117
vt 0.398081 0.505369
vt 0.401332 0.505380
vt 0.395030 0.506117
vt 0.394861 0.505364
vt 0.391994 0.506117
vt 0.391792 0.505362
vt 0.389095 0.506117
vt 0.388934 0.505363
vt 0.386374 0.506117
vt 0.386318 0.505364
vt 0.383871 0.506117
vt 0.383953 0.505365
vt 0.398049 0.504622
vt 0.401332 0.504653
vt 0.394789 0.504610
vt 0.391734 0.504613
vt 0.388958 0.504626
vt 0.386479 0.504639
vt 0.384277 0.504647
vt 0.398045 0.503905
vt 0.401332 0.503948
vt 0.394802 0.503895
vt 0.391807 0.503913
vt 0.389141 0.503948
vt 0.386814 0.503984
vt 0.384782 0.504006
vt 0.398056 0.503236
vt 0.401332 0.503274
vt 0.394868 0.503243
vt 0.391964 0.503287
vt 0.389427 0.503354
vt 0.387257 0.503418
vt 0.385393 0.503458
vt 0.398072 0.502625
vt 0.401332 0.502642
vt 0.394943 0.502663
vt 0.392129 0.502743
vt 0.389706 0.502847
vt 0.387683 0.502947
vt 0.386003 0.503013
vt 0.371359 0.502668
vt 0.633074 0.506117
vt 0.633048 0.505369
vt 0.634181 0.505380
vt 0.631984 0.506117
vt 0.631925 0.505364
vt 0.630925 0.506117
vt 0.630855 0.505362
vt 0.629914 0.506117
vt 0.629858 0.505363
vt 0.628966 0.506117
vt 0.628946 0.505364
vt 0.628093 0.506117
vt 0.628122 0.505365
vt 0.616129 0.506117
vt 0.616068 0.505363
vt 0.633036 0.504622
vt 0.634181 0.504653
vt 0.631900 0.504610
vt 0.630835 0.504613
vt 0.629867 0.504626
vt 0.629002 0.504639
vt 0.628234 0.504647
vt 0.615744 0.504645
vt 0.633035 0.503905
vt 0.634181 0.503948
vt 0.631904 0.503895
vt 0.630860 0.503913
vt 0.629930 0.503948
vt 0.629119 0.503984
vt 0.628411 0.504006
vt 0.615229 0.504004
vt 0.633039 0.503236
vt 0.634181 0.503274
vt 0.631927 0.503243
vt 0.630915 0.503287
vt 0.630030 0.503354
vt 0.629273 0.503418
vt 0.628624 0.503458
vt 0.614610 0.503457
vt 0.633044 0.502625
vt 0.634181 0.502642
vt 0.631953 0.502663
vt 0.630972 0.502743
vt 0.630128 0.502847
vt 0.629422 0.502947
vt 0.628836 0.503013
vt 0.613998 0.503013
vt 0.633049 0.500000
vt 0.634181 0.500000
vt 0.631972 0.500000
vt 0.631010 0.500000
vt 0.630189 0.500000
vt 0.629522 0.500000
vt 0.629004 0.500000
vt 0.613515 0.502668
vt 0.598668 0.505380
vt 0.601888 0.505362
vt 0.601842 0.506117
vt 0.598668 0.504653
vt 0.601910 0.504614
vt 0.598668 0.503948
vt 0.601919 0.503901
vt 0.598668 0.503274
vt 0.601916 0.503237
vt 0.598668 0.502642
vt 0.601910 0.502629
vt 0.598668 0.502061
vt 0.601907 0.502080
vt 0.598668 0.496907
vt 0.601914 0.496886
vt 0.605105 0.505355
vt 0.604970 0.506117
vt 0.605158 0.504597
vt 0.605144 0.503888
vt 0.605089 0.503243
vt 0.605030 0.502667
vt 0.604995 0.502155
vt 0.605004 0.496773
vt 0.608191 0.505354
vt 0.608006 0.506117
vt 0.608235 0.504600
vt 0.608157 0.503905
vt 0.608005 0.503285
vt 0.607852 0.502745
vt 0.607757 0.502273
vt 0.607763 0.496593
vt 0.611070 0.505356
vt 0.610905 0.506117
vt 0.611042 0.504616
vt 0.610851 0.503941
vt 0.610562 0.503351
vt 0.610286 0.502847
vt 0.610116 0.502415
vt 0.610118 0.496377
vt 0.613699 0.505360
vt 0.613626 0.506117
vt 0.613538 0.504633
vt 0.613192 0.503979
vt 0.612743 0.503416
vt 0.612315 0.502946
vt 0.612031 0.502556
vt 0.612032 0.496164
vt 0.613515 0.495996
vt 0.601841 0.490819
vt 0.601919 0.491942
vt 0.598668 0.491926
vt 0.604970 0.490819
vt 0.605139 0.491949
vt 0.608006 0.490819
vt 0.608208 0.491953
vt 0.610905 0.490819
vt 0.611066 0.491952
vt 0.613626 0.490819
vt 0.613682 0.491950
vt 0.616129 0.490819
vt 0.616047 0.491949
vt 0.625000 0.490819
vt 0.625000 0.491951
vt 0.601951 0.493063
vt 0.598668 0.493016
vt 0.605211 0.493082
vt 0.608266 0.493077
vt 0.611042 0.493058
vt 0.613521 0.493037
vt 0.615723 0.493025
vt 0.625000 0.493028
vt 0.601955 0.494139
vt 0.598668 0.494075
vt 0.605198 0.494155
vt 0.608193 0.494128
vt 0.610859 0.494074
vt 0.613186 0.494021
vt 0.615218 0.493988
vt 0.625000 0.493990
vt 0.601944 0.495143
vt 0.598668 0.495086
vt 0.605132 0.495133
vt 0.608036 0.495067
vt 0.610573 0.494966
vt 0.612743 0.494870
vt 0.614607 0.494810
vt 0.625000 0.494811
vt 0.601928 0.496060
vt 0.598668 0.496034
vt 0.605057 0.496003
vt 0.607871 0.495883
vt 0.610294 0.495727
vt 0.612317 0.495577
vt 0.613997 0.495478
vt 0.625000 0.495478
vt 0.625000 0.495996
vt 0.613515 0.496359
s 0
f 1803/1340/1204 1949/1341/1204 1360/1342/1204 1214/1343/1204
f 2097/1344/1205 2243/1345/1205 1950/1346/1205 1802/1347/1205
f 2242/1348/1206 1654/1349/1206 1361/1350/1206 1948/1351/1206
f 1215/1352/1207 1362/1353/1207 1656/1354/1207 1508/1355/1207
f 1509/1356/1208 1655/1357/1208 2244/1358/1208 2096/1359/1208
f 1213/1360/1209 1216/1361/1209 1223/1362/1209 1222/1363/1209
f 1216/1361/1210 1217/1364/1210 1224/1365/1210 1223/1362/1210
f 1217/1364/1211 1218/1366/1211 1225/1367/1211 1224/1365/1211
f 1218/1366/1212 1219/1368/1212 1226/1369/1212 1225/1367/1212
f 1219/1368/1213 1220/1370/1213 1227/1371/1213 1226/1369/1213
f 1220/1370/1214 1221/1372/1214 1228/1373/1214 1227/1371/1214
f 1221/1372/1215 1305/1374/1215 1306/1375/1215 1228/1373/1215
f 1222/1363/1216 1223/1362/1216 1230/1376/1216 1229/1377/1216
f 1223/1362/1217 1224/1365/1217 1231/1378/1217 1230/1376/1217
f 1224/1365/1218 1225/1367/1218 1232/1379/1218 1231/1378/1218
f 1225/1367/1219 1226/1369/1219 1233/1380/1219 1232/1379/1219
f 1226/1369/1220 1227/1371/1220 1234/1381/1220 1233/1380/1220
f 1227/1371/1221 1228/1373/1221 1235/1382/1221 1234/1381/1221
f 1228/1373/1222 1306/1375/1222 1307/1383/1222 1235/1382/1222
f 1229/1377/1223 1230/1376/1223 1237/1384/1223 1236/1385/1223
f 1230/1376/1224 1231/1378/1224 1238/1386/1224 1237/1384/1224
f 1231/1378/1225 1232/1379/1225 1239/1387/1225 1238/1386/1225
f 1232/1379/1226 1233/1380/1226 1240/1388/1226 1239/1387/1226
f 1233/1380/1227 1234/1381/1227 1241/1389/1227 1240/1388/1227
f 1234/1381/1228 1235/1382/1228 1242/1390/1228 1241/1389/1228
f 1235/1382/1229 1307/1383/1229 1308/1391/1229 1242/1390/1229
f 1236/1385/1230 1237/1384/1230 1244/1392/1230 1243/1393/1230
f 1237/1384/1231 1238/1386/1231 1245/1394/1231 1244/1392/1231
f 1238/1386/1232 1239/1387/1232 1246/1395/1232 1245/1394/1232
f 1239/1387/1233 1240/1388/1233 1247/1396/1233 1246/1395/1233
f 1240/1388/1234 1241/1389/1234 1248/1397/1234 1247/1396/1234
f 1241/1389/1235 1242/1390/1235 1249/1398/1235 1248/1397/1235
f 1242/1390/1236 1308/1391/1236 1309/1399/1236 1249/1398/1236
f 1243/1393/1237 1244/1392/1237 1251/1400/1237 1250/1401/1237
f 1244/1392/1238 1245/1394/1238 1252/1402/1238 1251/1400/1238
f 1245/1394/1239 1246/1395/1239 1253/1403/1239 1252/1402/1239
f 1246/1395/1240 1247/1396/1240 1254/1404/1240 1253/1403/1240
f 1247/1396/1241 1248/1397/1241 1255/1405/1241 1254/1404/1241
f 1248/1397/1242 1249/1398/1242 1256/1406/1242 1255/1405/1242
f 1249/1398/1243 1309/1399/1243 1310/1407/1243 1256/1406/1243
f 1250/1401/1244 1251/1400/1244 1258/1408/1244 1257/1409/1244
f 1251/1400/1245 1252/1402/1245 1259/1410/1245 1258/1408/1245
f 1252/1402/1246 1253/1403/1246 1260/1411/1246 1259/1410/1246
f 1253/1403/1247 1254/1404/1247 1261/1412/1247 1260/1411/1247
f 1254/1404/1248 1255/1405/1248 1262/1413/1248 1261/1412/1248
f 1255/1405/1249 1256/1406/1249 1263/1414/1249 1262/1413/1249
f 1256/1406/1250 1310/1407/1250 1311/1415/1250 1263/1414/1250
f 1214/1343/1251 1264/1416/1251 1271/1417/1251 1270/1418/1251
f 1264/1416/1252 1265/1419/1252 1272/1420/1252 1271/1417/1252
f 1265/1419/1253 1266/1421/1253 1273/1422/1253 1272/1420/1253
f 1266/1421/1254 1267/1423/1254 1274/1424/1254 1273/1422/1254
f 1267/1423/1255 1268/1425/1255 1275/1426/1255 1274/1424/1255
f 1268/1425/1256 1269/1427/1256 1276/1428/1256 1275/1426/1256
f 1269/1429/1257 1353/1430/1257 1354/1431/1257 1276/1432/1257
f 1270/1418/1258 1271/1417/1258 1278/1433/1258 1277/1434/1258
f 1271/1417/1259 1272/1420/1259 1279/1435/1259 1278/1433/1259
f 1272/1420/1260 1273/1422/1260 1280/1436/1260 1279/1435/1260
f 1273/1422/1261 1274/1424/1261 1281/1437/1261 1280/1436/1261
f 1274/1424/1262 1275/1426/1262 1282/1438/1262 1281/1437/1262
f 1275/1426/1263 1276/1428/1263 1283/1439/1263 1282/1438/1263
f 1276/1432/1264 1354/1431/1264 1355/1440/1264 1283/1441/1264
f 1277/1434/1265 1278/1433/1265 1285/1442/1265 1284/1443/1265
f 1278/1433/1266 1279/1435/1266 1286/1444/1266 1285/1442/1266
f 1279/1435/1267 1280/1436/1267 1287/1445/1267 1286/1444/1267
f 1280/1436/1268 1281/1437/1268 1288/1446/1268 1287/1445/1268
f 1281/1437/1269 1282/1438/1269 1289/1447/1269 1288/1446/1269
f 1282/1438/1270 1283/1439/1270 1290/1448/1270 1289/1447/1270
f 1283/1441/1271 1355/1440/1271 1356/1449/1271 1290/1450/1271
f 1284/1443/1272 1285/1442/1272 1292/1451/1272 1291/1452/1272
f 1285/1442/1273 1286/1444/1273 1293/1453/1273 1292/1451/1273
f 1286/1444/1274 1287/1445/1274 1294/1454/1274 1293/1453/1274
f 1287/1445/1275 1288/1446/1275 1295/1455/1275 1294/1454/1275
f 1288/1446/1276 1289/1447/1276 1296/1456/1276 1295/1455/1276
f 1289/1447/1277 1290/1448/1277 1297/1457/1277 1296/1456/1277
f 1290/1450/1278 1356/1449/1278 1357/1458/1278 1297/1459/1278
f 1291/1452/1279 1292/1451/1279 1299/1460/1279 1298/1461/1279
f 1292/1451/1280 1293/1453/1280 1300/1462/1280 1299/1460/1280
f 1293/1453/1281 1294/1454/1281 1301/1463/1281 1300/1462/1281
f 1294/1454/1282 1295/1455/1282 1302/1464/1282 1301/1463/1282
f 1295/1455/1283 1296/1456/1283 1303/1465/1283 1302/1464/1283
f 1296/1456/1284 1297/1457/1284 1304/1466/1284 1303/1465/1284
f 1297/1459/1285 1357/1458/1285 1358/1467/1285 1304/1468/1285
f 1298/1461/1286 1299/1460/1286 1306/1469/1286 1305/1470/1286
f 1299/1460/1287 1300/1462/1287 1307/1471/1287 1306/1469/1287
f 1300/1462/1288 1301/1463/1288 1308/1472/1288 1307/1471/1288
f 1301/1463/1289 1302/1464/1289 1309/1473/1289 1308/1472/1289
f 1302/1464/1290 1303/1465/1290 1310/1474/1290 1309/1473/1290
f 1303/1465/1291 1304/1466/1291 1311/1475/1291 1310/1474/1291
f 1304/1468/1292 1358/1467/1292 1359/1476/1292 1311/1477/1292
f 1215/1352/1293 1312/1478/1293 1319/1479/1293 1318/1480/1293
f 1312/1478/1294 1313/1481/1294 1320/1482/1294 1319/1479/1294
f 1313/1481/1295 1314/1483/1295 1321/1484/1295 1320/1482/1295
f 1314/1483/1296 1315/1485/1296 1322/1486/1296 1321/1484/1296
f 1315/1485/1297 1316/1487/1297 1323/1488/1297 1322/1486/1297
f 1316/1487/1298 1317/1489/1298 1324/1490/1298 1323/1488/1298
f 1317/1491/1299 1257/1409/1299 1258/1408/1299 1324/1492/1299
f 1318/1480/1300 1319/1479/1300 1326/1493/1300 1325/1494/1300
f 1319/1479/1301 1320/1482/1301 1327/1495/1301 1326/1493/1301
f 1320/1482/1302 1321/1484/1302 1328/1496/1302 1327/1495/1302
f 1321/1484/1303 1322/1486/1303 1329/1497/1303 1328/1496/1303
f 1322/1486/1304 1323/1488/1304 1330/1498/1304 1329/1497/1304
f 1323/1488/1305 1324/1490/1305 1331/1499/1305 1330/1498/1305
f 1324/1492/1306 1258/1408/1306 1259/1410/1306 1331/1500/1306
f 1325/1494/1307 1326/1493/1307 1333/1501/1307 1332/1502/1307
f 1326/1493/1308 1327/1495/1308 1334/1503/1308 1333/1501/1308
f 1327/1495/1309 1328/1496/1309 1335/1504/1309 1334/1503/1309
f 1328/1496/1310 1329/1497/1310 1336/1505/1310 1335/1504/1310
f 1329/1497/1311 1330/1498/1311 1337/1506/1311 1336/1505/1311
f 1330/1498/1312 1331/1499/1312 1338/1507/1312 1337/1506/1312
f 1331/1500/1313 1259/1410/1313 1260/1411/1313 1338/1508/1313
f 1332/1502/1314 1333/1501/1314 1340/1509/1314 1339/1510/1314
f 1333/1501/1315 1334/1503/1315 1341/1511/1315 1340/1509/1315
f 1334/1503/1316 1335/1504/1316 1342/1512/1316 1341/1511/1316
f 1335/1504/1317 1336/1505/1317 1343/1513/1317 1342/1512/1317
f 1336/1505/1318 1337/1506/1318 1344/1514/1318 1343/1513/1318
f 1337/1506/1319 1338/1507/1319 1345/1515/1319 1344/1514/1319
f 1338/1508/1320 1260/1411/1320 1261/1412/1320 1345/1516/1320
f 1339/1510/1321 1340/1509/1321 1347/1517/1321 1346/1518/1321
f 1340/1509/1322 1341/1511/1322 1348/1519/1322 1347/1517/1322
f 1341/1511/1323 1342/1512/1323 1349/1520/1323 1348/1519/1323
f 1342/1512/1324 1343/1513/1324 1350/1521/1324 1349/1520/1324
f 1343/1513/1325 1344/1514/1325 1351/1522/1325 1350/1521/1325
f 1344/1514/1326 1345/1515/1326 1352/1523/1326 1351/1522/1326
f 1345/1516/1327 1261/1412/1327 1262/1413/1327 1352/1524/1327
f 1346/1518/1328 1347/1517/1328 1354/1431/1328 1353/1430/1328
f 1347/1517/1329 1348/1519/1329 1355/1440/1329 1354/1431/1329
f 1348/1519/1330 1349/1520/1330 1356/1449/1330 1355/1440/1330
f 1349/1520/1331 1350/1521/1331 1357/1458/1331 1356/1449/1331
f 1350/1521/1332 1351/1522/1332 1358/1467/1332 1357/1458/1332
f 1351/1522/1333 1352/1523/1333 1359/1476/1333 1358/1467/1333
f 1352/1524/1334 1262/1413/1334 1263/1414/1334 1359/1525/1334
f 1263/1414/1335 1311/1415/1335 1359/1525/1335
f 1360/1342/1336 1363/1526/1336 1370/1527/1336 1369/1528/1336
f 1363/1526/1337 1364/1529/1337 1371/1530/1337 1370/1527/1337
f 1364/1529/1338 1365/1531/1338 1372/1532/1338 1371/1530/1338
f 1365/1531/1339 1366/1533/1339 1373/1534/1339 1372/1532/1339
f 1366/1533/1340 1367/1535/1340 1374/1536/1340 1373/1534/1340
f 1367/1535/1341 1368/1537/1341 1375/1538/1341 1374/1536/1341
f 1368/1537/1342 1452/1539/1342 1453/1540/1342 1375/1538/1342
f 1369/1528/1343 1370/1527/1343 1377/1541/1343 1376/1542/1343
f 1370/1527/1344 1371/1530/1344 1378/1543/1344 1377/1541/1344
f 1371/1530/1345 1372/1532/1345 1379/1544/1345 1378/1543/1345
f 1372/1532/1346 1373/1534/1346 1380/1545/1346 1379/1544/1346
f 1373/1534/1347 1374/1536/1347 1381/1546/1347 1380/1545/1347
f 1374/1536/1348 1375/1538/1348 1382/1547/1348 1381/1546/1348
f 1375/1538/1349 1453/1540/1349 1454/1548/1349 1382/1547/1349
f 1376/1542/1350 1377/1541/1350 1384/1549/1350 1383/1550/1350
f 1377/1541/1351 1378/1543/1351 1385/1551/1351 1384/1549/1351
f 1378/1543/1352 1379/1544/1352 1386/1552/1352 1385/1551/1352
f 1379/1544/1353 1380/1545/1353 1387/1553/1353 1386/1552/1353
f 1380/1545/1354 1381/1546/1354 1388/1554/1354 1387/1553/1354
f 1381/1546/1355 1382/1547/1355 1389/1555/1355 1388/1554/1355
f 1382/1547/1356 1454/1548/1356 1455/1556/1356 1389/1555/1356
f 1383/1550/1357 1384/1549/1357 1391/1557/1357 1390/1558/1357
f 1384/1549/1358 1385/1551/1358 1392/1559/1358 1391/1557/1358
f 1385/1551/1359 1386/1552/1359 1393/1560/1359 1392/1559/1359
f 1386/1552/1360 1387/1553/1360 1394/1561/1360 1393/1560/1360
f 1387/1553/1361 1388/1554/1361 1395/1562/1361 1394/1561/1361
f 1388/1554/1362 1389/1555/1362 1396/1563/1362 1395/1562/1362
f 1389/1555/1363 1455/1556/1363 1456/1564/1363 1396/1563/1363
f 1390/1558/1364 1391/1557/1364 1398/1565/1364 1397/1566/1364
f 1391/1557/1365 1392/1559/1365 1399/1567/1365 1398/1565/1365
f 1392/1559/1366 1393/1560/1366 1400/1568/1366 1399/1567/1366
f 1393/1560/1367 1394/1561/1367 1401/1569/1367 1400/1568/1367
f 1394/1561/1368 1395/1562/1368 1402/1570/1368 1401/1569/1368
f 1395/1562/1369 1396/1563/1369 1403/1571/1369 1402/1570/1369
f 1396/1563/1370 1456/1564/1370 1457/1572/1370 1403/1571/1370
f 1397/1566/1371 1398/1565/1371 1405/1573/1371 1404/1574/1371
f 1398/1565/1372 1399/1567/1372 1406/1575/1372 1405/1573/1372
f 1399/1567/1373 1400/1568/1373 1407/1576/1373 1406/1575/1373
f 1400/1568/1374 1401/1569/1374 1408/1577/1374 1407/1576/1374
f 1401/1569/1375 1402/1570/1375 1409/1578/1375 1408/1577/1375
f 1402/1570/1376 1403/1571/1376 1410/1579/1376 1409/1578/1376
f 1403/1571/1377 1457/1572/1377 1458/1580/1377 1410/1579/1377
f 1361/1350/1378 1411/1581/1378 1418/1582/1378 1417/1583/1378
f 1411/1581/1379 1412/1584/1379 1419/1585/1379 1418/1582/1379
f 1412/1584/1380 1413/1586/1380 1420/1587/1380 1419/1585/1380
f 1413/1586/1381 1414/1588/1381 1421/1589/1381 1420/1587/1381
f 1414/1588/1382 1415/1590/1382 1422/1591/1382 1421/1589/1382
f 1415/1590/1383 1416/1592/1383 1423/1593/1383 1422/1591/1383
f 1416/1594/1384 1500/1595/1384 1501/1596/1384 1423/1597/1384
f 1417/1583/1385 1418/1582/1385 1425/1598/1385 1424/1599/1385
f 1418/1582/1386 1419/1585/1386 1426/1600/1386 1425/1598/1386
f 1419/1585/1387 1420/1587/1387 1427/1601/1387 1426/1600/1387
f 1420/1587/1388 1421/1589/1388 1428/1602/1388 1427/1601/1388
f 1421/1589/1389 1422/1591/1389 1429/1603/1389 1428/1602/1389
f 1422/1591/1390 1423/1593/1390 1430/1604/1390 1429/1603/1390
f 1423/1597/1391 1501/1596/1391 1502/1605/1391 1430/1606/1391
f 1424/1599/1392 1425/1598/1392 1432/1607/1392 1431/1608/1392
f 1425/1598/1393 1426/1600/1393 1433/1609/1393 1432/1607/1393
f 1426/1600/1394 1427/1601/1394 1434/1610/1394 1433/1609/1394
f 1427/1601/1395 1428/1602/1395 1435/1611/1395 1434/1610/1395
f 1428/1602/1396 1429/1603/1396 1436/1612/1396 1435/1611/1396
f 1429/1603/1397 1430/1604/1397 1437/1613/1397 1436/1612/1397
f 1430/1606/1398 1502/1605/1398 1503/1614/1398 1437/1615/1398
f 1431/1608/1399 1432/1607/1399 1439/1616/1399 1438/1617/1399
f 1432/1607/1400 1433/1609/1400 1440/1618/1400 1439/1616/1400
f 1433/1609/1401 1434/1610/1401 1441/1619/1401 1440/1618/1401
f 1434/1610/1402 1435/1611/1402 1442/1620/1402 1441/1619/1402
f 1435/1611/1403 1436/1612/1403 1443/1621/1403 1442/1620/1403
f 1436/1612/1404 1437/1613/1404 1444/1622/1404 1443/1621/1404
f 1437/1615/1405 1503/1614/1405 1504/1623/1405 1444/1624/1405
f 1438/1617/1406 1439/1616/1406 1446/1625/1406 1445/1626/1406
f 1439/1616/1407 1440/1618/1407 1447/1627/1407 1446/1625/1407
f 1440/1618/1408 1441/1619/1408 1448/1628/1408 1447/1627/1408
f 1441/1619/1409 1442/1620/1409 1449/1629/1409 1448/1628/1409
f 1442/1620/1410 1443/1621/1410 1450/1630/1410 1449/1629/1410
f 1443/1621/1411 1444/1622/1411 1451/1631/1411 1450/1630/1411
f 1444/1624/1412 1504/1623/1412 1505/1632/1412 1451/1633/1412
f 1445/1626/1413 1446/1625/1413 1453/1634/1413 1452/1635/1413
f 1446/1625/1414 1447/1627/1414 1454/1636/1414 1453/1634/1414
f 1447/1627/1415 1448/1628/1415 1455/1637/1415 1454/1636/1415
f 1448/1628/1416 1449/1629/1416 1456/1638/1416 1455/1637/1416
f 1449/1629/1417 1450/1630/1417 1457/1639/1417 1456/1638/1417
f 1450/1630/1418 1451/1631/1418 1458/1640/1418 1457/1639/1418
f 1451/1633/1419 1505/1632/1419 1506/1641/1419 1458/1642/1419
f 1362/1353/1420 1459/1643/1420 1466/1644/1420 1465/1645/1420
f 1459/1643/1421 1460/1646/1421 1467/1647/1421 1466/1644/1421
f 1460/1646/1422 1461/1648/1422 1468/1649/1422 1467/1647/1422
f 1461/1648/1423 1462/1650/1423 1469/1651/1423 1468/1649/1423
f 1462/1650/1424 1463/1652/1424 1470/1653/1424 1469/1651/1424
f 1463/1652/1425 1464/1654/1425 1471/1655/1425 1470/1653/1425
f 1464/1654/1426 1404/1656/1426 1405/1657/1426 1471/1655/1426
f 1465/1645/1427 1466/1644/1427 1473/1658/1427 1472/1659/1427
f 1466/1644/1428 1467/1647/1428 1474/1660/1428 1473/1658/1428
f 1467/1647/1429 1468/1649/1429 1475/1661/1429 1474/1660/1429
f 1468/1649/1430 1469/1651/1430 1476/1662/1430 1475/1661/1430
f 1469/1651/1431 1470/1653/1431 1477/1663/1431 1476/1662/1431
f 1470/1653/1432 1471/1655/1432 1478/1664/1432 1477/1663/1432
f 1471/1655/1433 1405/1657/1433 1406/1665/1433 1478/1664/1433
f 1472/1659/1434 1473/1658/1434 1480/1666/1434 1479/1667/1434
f 1473/1658/1435 1474/1660/1435 1481/1668/1435 1480/1666/1435
f 1474/1660/1436 1475/1661/1436 1482/1669/1436 1481/1668/1436
f 1475/1661/1437 1476/1662/1437 1483/1670/1437 1482/1669/1437
f 1476/1662/1438 1477/1663/1438 1484/1671/1438 1483/1670/1438
f 1477/1663/1439 1478/1664/1439 1485/1672/1439 1484/1671/1439
f 1478/1664/1440 1406/1665/1440 1407/1673/1440 1485/1672/1440
f 1479/1667/1441 1480/1666/1441 1487/1674/1441 1486/1675/1441
f 1480/1666/1442 1481/1668/1442 1488/1676/1442 1487/1674/1442
f 1481/1668/1443 1482/1669/1443 1489/1677/1443 1488/1676/1443
f 1482/1669/1444 1483/1670/1444 1490/1678/1444 1489/1677/1444
f 1483/1670/1445 1484/1671/1445 1491/1679/1445 1490/1678/1445
f 1484/1671/1446 1485/1672/1446 1492/1680/1446 1491/1679/1446
f 1485/1672/1447 1407/1673/1447 1408/1681/1447 1492/1680/1447
f 1486/1675/1448 1487/1674/1448 1494/1682/1448 1493/1683/1448
f 1487/1674/1449 1488/1676/1449 1495/1684/1449 1494/1682/1449
f 1488/1676/1450 1489/1677/1450 1496/1685/1450 1495/1684/1450
f 1489/1677/1451 1490/1678/1451 1497/1686/1451 1496/1685/1451
f 1490/1678/1452 1491/1679/1452 1498/1687/1452 1497/1686/1452
f 1491/1679/1453 1492/1680/1453 1499/1688/1453 1498/1687/1453
f 1492/1680/1454 1408/1681/1454 1409/1689/1454 1499/1688/1454
f 1493/1683/1455 1494/1682/1455 1501/1596/1455 1500/1595/1455
f 1494/1682/1456 1495/1684/1456 1502/1605/1456 1501/1596/1456
f 1495/1684/1457 1496/1685/1457 1503/1614/1457 1502/1605/1457
f 1496/1685/1458 1497/1686/1458 1504/1623/1458 1503/1614/1458
f 1497/1686/1459 1498/1687/1459 1505/1632/1459 1504/1623/1459
f 1498/1687/1460 1499/1688/1460 1506/1641/1460 1505/1632/1460
f 1499/1688/1461 1409/1689/1461 1410/1690/1461 1506/1641/1461
f 1410/1690/1462 1458/1642/1462 1506/1641/1462
f 1507/1691/1463 1510/1692/1463 1517/1693/1463 1516/1694/1463
f 1510/1692/1464 1511/1695/1464 1518/1696/1464 1517/1693/1464
f 1511/1695/1465 1512/1697/1465 1519/1698/1465 1518/1696/1465
f 1512/1697/1466 1513/1699/1466 1520/1700/1466 1519/1698/1466
f 1513/1699/1467 1514/1701/1467 1521/1702/1467 1520/1700/1467
f 1514/1701/1468 1515/1703/1468 1522/1704/1468 1521/1702/1468
f 1515/1703/1469 1599/1705/1469 1600/1706/1469 1522/1704/1469
f 1516/1694/1470 1517/1693/1470 1524/1707/1470 1523/1708/1470
f 1517/1693/1471 1518/1696/1471 1525/1709/1471 1524/1707/1471
f 1518/1696/1472 1519/1698/1472 1526/1710/1472 1525/1709/1472
f 1519/1698/1473 1520/1700/1473 1527/1711/1473 1526/1710/1473
f 1520/1700/1474 1521/1702/1474 1528/1712/1474 1527/1711/1474
f 1521/1702/1475 1522/1704/1475 1529/1713/1475 1528/1712/1475
f 1522/1704/1476 1600/1706/1476 1601/1714/1476 1529/1713/1476
f 1523/1708/1477 1524/1707/1477 1531/1715/1477 1530/1716/1477
f 1524/1707/1478 1525/1709/1478 1532/1717/1478 1531/1715/1478
f 1525/1709/1479 1526/1710/1479 1533/1718/1479 1532/1717/1479
f 1526/1710/1480 1527/1711/1480 1534/1719/1480 1533/1718/1480
f 1527/1711/1481 1528/1712/1481 1535/1720/1481 1534/1719/1481
f 1528/1712/1482 1529/1713/1482 1536/1721/1482 1535/1720/1482
f 1529/1713/1483 1601/1714/1483 1602/1722/1483 1536/1721/1483
f 1530/1716/1484 1531/1715/1484 1538/1723/1484 1537/1724/1484
f 1531/1715/1485 1532/1717/1485 1539/1725/1485 1538/1723/1485
f 1532/1717/1486 1533/1718/1486 1540/1726/1486 1539/1725/1486
f 1533/1718/1487 1534/1719/1487 1541/1727/1487 1540/1726/1487
f 1534/1719/1488 1535/1720/1488 1542/1728/1488 1541/1727/1488
f 1535/1720/1489 1536/1721/1489 1543/1729/1489 1542/1728/1489
f 1536/1721/1490 1602/1722/1490 1603/1730/1490 1543/1729/1490
f 1537/1724/1491 1538/1723/1491 1545/1731/1491 1544/1732/1491
f 1538/1723/1492 1539/1725/1492 1546/1733/1492 1545/1731/1492
f 1539/1725/1493 1540/1726/1493 1547/1734/1493 1546/1733/1493
f 1540/1726/1494 1541/1727/1494 1548/1735/1494 1547/1734/1494
f 1541/1727/1495 1542/1728/1495 1549/1736/1495 1548/1735/1495
f 1542/1728/1496 1543/1729/1496 1550/1737/1496 1549/1736/1496
f 1543/1729/1497 1603/1730/1497 1604/1738/1497 1550/1737/1497
f 1544/1732/1498 1545/1731/1498 1552/1739/1498 1551/1740/1498
f 1545/1731/1499 1546/1733/1499 1553/1741/1499 1552/1739/1499
f 1546/1733/1500 1547/1734/1500 1554/1742/1500 1553/1741/1500
f 1547/1734/1501 1548/1735/1501 1555/1743/1501 1554/1742/1501
f 1548/1735/1502 1549/1736/1502 1556/1744/1502 1555/1743/1502
f 1549/1736/1503 1550/1737/1503 1557/1745/1503 1556/1744/1503
f 1550/1737/1504 1604/1738/1504 1605/1746/1504 1557/1745/1504
f 1508/1355/1505 1558/1747/1505 1565/1748/1505 1564/1749/1505
f 1558/1747/1506 1559/1750/1506 1566/1751/1506 1565/1748/1506
f 1559/1750/1507 1560/1752/1507 1567/1753/1507 1566/1751/1507
f 1560/1752/1508 1561/1754/1508 1568/1755/1508 1567/1753/1508
f 1561/1754/1509 1562/1756/1509 1569/1757/1509 1568/1755/1509
f 1562/1756/1510 1563/1758/1510 1570/1759/1510 1569/1757/1510
f 1563/1758/1511 1647/1760/1511 1648/1761/1511 1570/1759/1511
f 1564/1749/1512 1565/1748/1512 1572/1762/1512 1571/1763/1512
f 1565/1748/1513 1566/1751/1513 1573/1764/1513 1572/1762/1513
f 1566/1751/1514 1567/1753/1514 1574/1765/1514 1573/1764/1514
f 1567/1753/1515 1568/1755/1515 1575/1766/1515 1574/1765/1515
f 1568/1755/1516 1569/1757/1516 1576/1767/1516 1575/1766/1516
f 1569/1757/1517 1570/1759/1517 1577/1768/1517 1576/1767/1517
f 1570/1759/1518 1648/1761/1518 1649/1769/1518 1577/1768/1518
f 1571/1763/1519 1572/1762/1519 1579/1770/1519 1578/1771/1519
f 1572/1762/1520 1573/1764/1520 1580/1772/1520 1579/1770/1520
f 1573/1764/1521 1574/1765/1521 1581/1773/1521 1580/1772/1521
f 1574/1765/1522 1575/1766/1522 1582/1774/1522 1581/1773/1522
f 1575/1766/1523 1576/1767/1523 1583/1775/1523 1582/1774/1523
f 1576/1767/1524 1577/1768/1524 1584/1776/1524 1583/1775/1524
f 1577/1768/1525 1649/1769/1525 1650/1777/1525 1584/1776/1525
f 1578/1771/1526 1579/1770/1526 1586/1778/1526 1585/1779/1526
f 1579/1770/1527 1580/1772/1527 1587/1780/1527 1586/1778/1527
f 1580/1772/1528 1581/1773/1528 1588/1781/1528 1587/1780/1528
f 1581/1773/1529 1582/1774/1529 1589/1782/1529 1588/1781/1529
f 1582/1774/1530 1583/1775/1530 1590/1783/1530 1589/1782/1530
f 1583/1775/1531 1584/1776/1531 1591/1784/1531 1590/1783/1531
f 1584/1776/1532 1650/1777/1532 1651/1785/1532 1591/1784/1532
f 1585/1779/1533 1586/1778/1533 1593/1786/1533 1592/1787/1533
f 1586/1778/1534 1587/1780/1534 1594/1788/1534 1593/1786/1534
f 1587/1780/1535 1588/1781/1535 1595/1789/1535 1594/1788/1535
f 1588/1781/1536 1589/1782/1536 1596/1790/1536 1595/1789/1536
f 1589/1782/1537 1590/1783/1537 1597/1791/1537 1596/1790/1537
f 1590/1783/1538 1591/1784/1538 1598/1792/1538 1597/1791/1538
f 1591/1784/1539 1651/1785/1539 1652/1793/1539 1598/1792/1539
f 1592/1787/1540 1593/1786/1540 1600/1794/1540 1599/1795/1540
f 1593/1786/1541 1594/1788/1541 1601/1796/1541 1600/1794/1541
f 1594/1788/1542 1595/1789/1542 1602/1797/1542 1601/1796/1542
f 1595/1789/1543 1596/1790/1543 1603/1798/1543 1602/1797/1543
f 1596/1790/1544 1597/1791/1544 1604/1799/1544 1603/1798/1544
f 1597/1791/1545 1598/1792/1545 1605/1800/1545 1604/1799/1545
f 1598/1792/1546 1652/1793/1546 1653/1801/1546 1605/1800/1546
f 1509/1356/1547 1606/1802/1547 1613/1803/1547 1612/1804/1547
f 1606/1802/1548 1607/1805/1548 1614/1806/1548 1613/1803/1548
f 1607/1805/1549 1608/1807/1549 1615/1808/1549 1614/1806/1549
f 1608/1807/1550 1609/1809/1550 1616/1810/1550 1615/1808/1550
f 1609/1809/1551 1610/1811/1551 1617/1812/1551 1616/1810/1551
f 1610/1811/1552 1611/1813/1552 1618/1814/1552 1617/1812/1552
f 1611/1815/1553 1551/1740/1553 1552/1739/1553 1618/1816/1553
f 1612/1804/1554 1613/1803/1554 1620/1817/1554 1619/1818/1554
f 1613/1803/1555 1614/1806/1555 1621/1819/1555 1620/1817/1555
f 1614/1806/1556 1615/1808/1556 1622/1820/1556 1621/1819/1556
f 1615/1808/1557 1616/1810/1557 1623/1821/1557 1622/1820/1557
f 1616/1810/1558 1617/1812/1558 1624/1822/1558 1623/1821/1558
f 1617/1812/1559 1618/1814/1559 1625/1823/1559 1624/1822/1559
f 1618/1816/1560 1552/1739/1560 1553/1741/1560 1625/1824/1560
f 1619/1818/1561 1620/1817/1561 1627/1825/1561 1626/1826/1561
f 1620/1817/1562 1621/1819/1562 1628/1827/1562 1627/1825/1562
f 1621/1819/1563 1622/1820/1563 1629/1828/1563 1628/1827/1563
f 1622/1820/1564 1623/1821/1564 1630/1829/1564 1629/1828/1564
f 1623/1821/1565 1624/1822/1565 1631/1830/1565 1630/1829/1565
f 1624/1822/1566 1625/1823/1566 1632/1831/1566 1631/1830/1566
f 1625/1824/1567 1553/1741/1567 1554/1742/1567 1632/1832/1567
f 1626/1826/1568 1627/1825/1568 1634/1833/1568 1633/1834/1568
f 1627/1825/1569 1628/1827/1569 1635/1835/1569 1634/1833/1569
f 1628/1827/1570 1629/1828/1570 1636/1836/1570 1635/1835/1570
f 1629/1828/1571 1630/1829/1571 1637/1837/1571 1636/1836/1571
f 1630/1829/1572 1631/1830/1572 1638/1838/1572 1637/1837/1572
f 1631/1830/1573 1632/1831/1573 1639/1839/1573 1638/1838/1573
f 1632/1832/1574 1554/1742/1574 1555/1743/1574 1639/1840/1574
f 1633/1834/1575 1634/1833/1575 1641/1841/1575 1640/1842/1575
f 1634/1833/1576 1635/1835/1576 1642/1843/1576 1641/1841/1576
f 1635/1835/1577 1636/1836/1577 1643/1844/1577 1642/1843/1577
f 1636/1836/1578 1637/1837/1578 1644/1845/1578 1643/1844/1578
f 1637/1837/1579 1638/1838/1579 1645/1846/1579 1644/1845/1579
f 1638/1838/1580 1639/1839/1580 1646/1847/1580 1645/1846/1580
f 1639/1840/1581 1555/1743/1581 1556/1744/1581 1646/1848/1581
f 1640/1842/1582 1641/1841/1582 1648/1761/1582 1647/1760/1582
f 1641/1841/1583 1642/1843/1583 1649/1769/1583 1648/1761/1583
f 1642/1843/1584 1643/1844/1584 1650/1777/1584 1649/1769/1584
f 1643/1844/1585 1644/1845/1585 1651/1785/1585 1650/1777/1585
f 1644/1845/1586 1645/1846/1586 1652/1793/1586 1651/1785/1586
f 1645/1846/1587 1646/1847/1587 1653/1801/1587 1652/1793/1587
f 1646/1848/1588 1556/1744/1588 1557/1745/1588 1653/1849/1588
f 1557/1745/1589 1605/1746/1589 1653/1849/1589
f 1654/1349/1590 1657/1850/1590 1664/1851/1590 1663/1852/1590
f 1657/1850/1591 1658/1853/1591 1665/1854/1591 1664/1851/1591
f 1658/1853/1592 1659/1855/1592 1666/1856/1592 1665/1854/1592
f 1659/1855/1593 1660/1857/1593 1667/1858/1593 1666/1856/1593
f 1660/1857/1594 1661/1859/1594 1668/1860/1594 1667/1858/1594
f 1661/1859/1595 1662/1861/1595 1669/1862/1595 1668/1860/1595
f 1662/1863/1596 1746/1864/1596 1747/1865/1596 1669/1866/1596
f 1663/1852/1597 1664/1851/1597 1671/1867/1597 1670/1868/1597
f 1664/1851/1598 1665/1854/1598 1672/1869/1598 1671/1867/1598
f 1665/1854/1599 1666/1856/1599 1673/1870/1599 1672/1869/1599
f 1666/1856/1600 1667/1858/1600 1674/1871/1600 1673/1870/1600
f 1667/1858/1601 1668/1860/1601 1675/1872/1601 1674/1871/1601
f 1668/1860/1602 1669/1862/1602 1676/1873/1602 1675/1872/1602
f 1669/1866/1603 1747/1865/1603 1748/1874/1603 1676/1875/1603
f 1670/1868/1604 1671/1867/1604 1678/1876/1604 1677/1877/1604
f 1671/1867/1605 1672/1869/1605 1679/1878/1605 1678/1876/1605
f 1672/1869/1606 1673/1870/1606 1680/1879/1606 1679/1878/1606
f 1673/1870/1607 1674/1871/1607 1681/1880/1607 1680/1879/1607
f 1674/1871/1608 1675/1872/1608 1682/1881/1608 1681/1880/1608
f 1675/1872/1609 1676/1873/1609 1683/1882/1609 1682/1881/1609
f 1676/1875/1610 1748/1874/1610 1749/1883/1610 1683/1884/1610
f 1677/1877/1611 1678/1876/1611 1685/1885/1611 1684/1886/1611
f 1678/1876/1612 1679/1878/1612 1686/1887/1612 1685/1885/1612
f 1679/1878/1613 1680/1879/1613 1687/1888/1613 1686/1887/1613
f 1680/1879/1614 1681/1880/1614 1688/1889/1614 1687/1888/1614
f 1681/1880/1615 1682/1881/1615 1689/1890/1615 1688/1889/1615
f 1682/1881/1616 1683/1882/1616 1690/1891/1616 1689/1890/1616
f 1683/1884/1617 1749/1883/1617 1750/1892/1617 1690/1893/1617
f 1684/1886/1618 1685/1885/1618 1692/1894/1618 1691/1895/1618
f 1685/1885/1619 1686/1887/1619 1693/1896/1619 1692/1894/1619
f 1686/1887/1620 1687/1888/1620 1694/1897/1620 1693/1896/1620
f 1687/1888/1621 1688/1889/1621 1695/1898/1621 1694/1897/1621
f 1688/1889/1622 1689/1890/1622 1696/1899/1622 1695/1898/1622
f 1689/1890/1623 1690/1891/1623 1697/1900/1623 1696/1899/1623
f 1690/1893/1624 1750/1892/1624 1751/1901/1624 1697/1902/1624
f 1691/1895/1625 1692/1894/1625 1699/1903/1625 1698/1904/1625
f 1692/1894/1626 1693/1896/1626 1700/1905/1626 1699/1903/1626
f 1693/1896/1627 1694/1897/1627 1701/1906/1627 1700/1905/1627
f 1694/1897/1628 1695/1898/1628 1702/1907/1628 1701/1906/1628
f 1695/1898/1629 1696/1899/1629 1703/1908/1629 1702/1907/1629
f 1696/1899/1630 1697/1900/1630 1704/1909/1630 1703/1908/1630
f 1697/1902/1631 1751/1901/1631 1752/1910/1631 1704/1911/1631
f 1655/1357/1632 1705/1912/1632 1712/1913/1632 1711/1914/1632
f 1705/1912/1633 1706/1915/1633 1713/1916/1633 1712/1913/1633
f 1706/1915/1634 1707/1917/1634 1714/1918/1634 1713/1916/1634
f 1707/1917/1635 1708/1919/1635 1715/1920/1635 1714/1918/1635
f 1708/1919/1636 1709/1921/1636 1716/1922/1636 1715/1920/1636
f 1709/1921/1637 1710/1923/1637 1717/1924/1637 1716/1922/1637
f 1710/1923/1638 1794/1925/1638 1795/1926/1638 1717/1924/1638
f 1711/1914/1639 1712/1913/1639 1719/1927/1639 1718/1928/1639
f 1712/1913/1640 1713/1916/1640 1720/1929/1640 1719/1927/1640
f 1713/1916/1641 1714/1918/1641 1721/1930/1641 1720/1929/1641
f 1714/1918/1642 1715/1920/1642 1722/1931/1642 1721/1930/1642
f 1715/1920/1643 1716/1922/1643 1723/1932/1643 1722/1931/1643
f 1716/1922/1644 1717/1924/1644 1724/1933/1644 1723/1932/1644
f 1717/1924/1645 1795/1926/1645 1796/1934/1645 1724/1933/1645
f 1718/1928/1646 1719/1927/1646 1726/1935/1646 1725/1936/1646
f 1719/1927/1647 1720/1929/1647 1727/1937/1647 1726/1935/1647
f 1720/1929/1648 1721/1930/1648 1728/1938/1648 1727/1937/1648
f 1721/1930/1649 1722/1931/1649 1729/1939/1649 1728/1938/1649
f 1722/1931/1650 1723/1932/1650 1730/1940/1650 1729/1939/1650
f 1723/1932/1651 1724/1933/1651 1731/1941/1651 1730/1940/1651
f 1724/1933/1652 1796/1934/1652 1797/1942/1652 1731/1941/1652
f 1725/1936/1653 1726/1935/1653 1733/1943/1653 1732/1944/1653
f 1726/1935/1654 1727/1937/1654 1734/1945/1654 1733/1943/1654
f 1727/1937/1655 1728/1938/1655 1735/1946/1655 1734/1945/1655
f 1728/1938/1656 1729/1939/1656 1736/1947/1656 1735/1946/1656
f 1729/1939/1657 1730/1940/1657 1737/1948/1657 1736/1947/1657
f 1730/1940/1658 1731/1941/1658 1738/1949/1658 1737/1948/1658
f 1731/1941/1659 1797/1942/1659 1798/1950/1659 1738/1949/1659
f 1732/1944/1660 1733/1943/1660 1740/1951/1660 1739/1952/1660
f 1733/1943/1661 1734/1945/1661 1741/1953/1661 1740/1951/1661
f 1734/1945/1662 1735/1946/1662 1742/1954/1662 1741/1953/1662
f 1735/1946/1663 1736/1947/1663 1743/1955/1663 1742/1954/1663
f 1736/1947/1664 1737/1948/1664 1744/1956/1664 1743/1955/1664
f 1737/1948/1665 1738/1949/1665 1745/1957/1665 1744/1956/1665
f 1738/1949/1666 1798/1950/1666 1799/1958/1666 1745/1957/1666
f 1739/1952/1667 1740/1951/1667 1747/1865/1667 1746/1864/1667
f 1740/1951/1668 1741/1953/1668 1748/1874/1668 1747/1865/1668
f 1741/1953/1669 1742/1954/1669 1749/1883/1669 1748/1874/1669
f 1742/1954/1670 1743/1955/1670 1750/1892/1670 1749/1883/1670
f 1743/1955/1671 1744/1956/1671 1751/1901/1671 1750/1892/1671
f 1744/1956/1672 1745/1957/1672 1752/1910/1672 1751/1901/1672
f 1745/1957/1673 1799/1958/1673 1800/1959/1673 1752/1910/1673
f 1656/1354/1674 1753/1960/1674 1760/1961/1674 1759/1962/1674
f 1753/1960/1675 1754/1963/1675 1761/1964/1675 1760/1961/1675
f 1754/1963/1676 1755/1965/1676 1762/1966/1676 1761/1964/1676
f 1755/1965/1677 1756/1967/1677 1763/1968/1677 1762/1966/1677
f 1756/1967/1678 1757/1969/1678 1764/1970/1678 1763/1968/1678
f 1757/1969/1679 1758/1971/1679 1765/1972/1679 1764/1970/1679
f 1758/1971/1680 1698/1973/1680 1699/1974/1680 1765/1972/1680
f 1759/1962/1681 1760/1961/1681 1767/1975/1681 1766/1976/1681
f 1760/1961/1682 1761/1964/1682 1768/1977/1682 1767/1975/1682
f 1761/1964/1683 1762/1966/1683 1769/1978/1683 1768/1977/1683
f 1762/1966/1684 1763/1968/1684 1770/1979/1684 1769/1978/1684
f 1763/1968/1685 1764/1970/1685 1771/1980/1685 1770/1979/1685
f 1764/1970/1686 1765/1972/1686 1772/1981/1686 1771/1980/1686
f 1765/1972/1687 1699/1974/1687 1700/1982/1687 1772/1981/1687
f 1766/1976/1688 1767/1975/1688 1774/1983/1688 1773/1984/1688
f 1767/1975/1689 1768/1977/1689 1775/1985/1689 1774/1983/1689
f 1768/1977/1690 1769/1978/1690 1776/1986/1690 1775/1985/1690
f 1769/1978/1691 1770/1979/1691 1777/1987/1691 1776/1986/1691
f 1770/1979/1692 1771/1980/1692 1778/1988/1692 1777/1987/1692
f 1771/1980/1693 1772/1981/1693 1779/1989/1693 1778/1988/1693
f 1772/1981/1694 1700/1982/1694 1701/1990/1694 1779/1989/1694
f 1773/1984/1695 1774/1983/1695 1781/1991/1695 1780/1992/1695
f 1774/1983/1696 1775/1985/1696 1782/1993/1696 1781/1991/1696
f 1775/1985/1697 1776/1986/1697 1783/1994/1697 1782/1993/1697
f 1776/1986/1698 1777/1987/1698 1784/1995/1698 1783/1994/1698
f 1777/1987/1699 1778/1988/1699 1785/1996/1699 1784/1995/1699
f 1778/1988/1700 1779/1989/1700 1786/1997/1700 1785/1996/1700
f 1779/1989/1701 1701/1990/1701 1702/1998/1701 1786/1997/1701
f 1780/1992/1702 1781/1991/1702 1788/1999/1702 1787/2000/1702
f 1781/1991/1703 1782/1993/1703 1789/2001/1703 1788/1999/1703
f 1782/1993/1704 1783/1994/1704 1790/2002/1704 1789/2001/1704
f 1783/1994/1705 1784/1995/1705 1791/2003/1705 1790/2002/1705
f 1784/1995/1706 1785/1996/1706 1792/2004/1706 1791/2003/1706
f 1785/1996/1707 1786/1997/1707 1793/2005/1707 1792/2004/1707
f 1786/1997/1708 1702/1998/1708 1703/2006/1708 1793/2005/1708
f 1787/2000/1709 1788/1999/1709 1795/1926/1709 1794/1925/1709
f 1788/1999/1710 1789/2001/1710 1796/1934/1710 1795/1926/1710
f 1789/2001/1711 1790/2002/1711 1797/1942/1711 1796/1934/1711
f 1790/2002/1712 1791/2003/1712 1798/1950/1712 1797/1942/1712
f 1791/2003/1713 1792/2004/1713 1799/1958/1713 1798/1950/1713
f 1792/2004/1714 1793/2005/1714 1800/1959/1714 1799/1958/1714
f 1793/2005/1715 1703/2006/1715 1704/2007/1715 1800/1959/1715
f 1704/2007/1716 1752/2008/1716 1800/1959/1716
f 1801/2009/1717 1804/2010/1717 1811/2011/1717 1810/2012/1717
f 1804/2010/1718 1805/2013/1718 1812/2014/1718 1811/2011/1718
f 1805/2013/1719 1806/2015/1719 1813/2016/1719 1812/2014/1719
f 1806/2015/1720 1807/2017/1720 1814/2018/1720 1813/2016/1720
f 1807/2017/1721 1808/2019/1721 1815/2020/1721 1814/2018/1721
f 1808/2019/1722 1809/2021/1722 1816/2022/1722 1815/2020/1722
f 1809/2021/1723 1893/2023/1723 1894/2024/1723 1816/2022/1723
f 1810/2012/1724 1811/2011/1724 1818/2025/1724 1817/2026/1724
f 1811/2011/1725 1812/2014/1725 1819/2027/1725 1818/2025/1725
f 1812/2014/1726 1813/2016/1726 1820/2028/1726 1819/2027/1726
f 1813/2016/1727 1814/2018/1727 1821/2029/1727 1820/2028/1727
f 1814/2018/1728 1815/2020/1728 1822/2030/1728 1821/2029/1728
f 1815/2020/1729 1816/2022/1729 1823/2031/1729 1822/2030/1729
f 1816/2022/1730 1894/2024/1730 1895/2032/1730 1823/2031/1730
f 1817/2026/1731 1818/2025/1731 1825/2033/1731 1824/2034/1731
f 1818/2025/1732 1819/2027/1732 1826/2035/1732 1825/2033/1732
f 1819/2027/1733 1820/2028/1733 1827/2036/1733 1826/2035/1733
f 1820/2028/1734 1821/2029/1734 1828/2037/1734 1827/2036/1734
f 1821/2029/1735 1822/2030/1735 1829/2038/1735 1828/2037/1735
f 1822/2030/1736 1823/2031/1736 1830/2039/1736 1829/2038/1736
f 1823/2031/1737 1895/2032/1737 1896/2040/1737 1830/2039/1737
f 1824/2034/1738 1825/2033/1738 1832/2041/1738 1831/2042/1738
f 1825/2033/1739 1826/2035/1739 1833/2043/1739 1832/2041/1739
f 1826/2035/1740 1827/2036/1740 1834/2044/1740 1833/2043/1740
f 1827/2036/1741 1828/2037/1741 1835/2045/1741 1834/2044/1741
f 1828/2037/1742 1829/2038/1742 1836/2046/1742 1835/2045/1742
f 1829/2038/1743 1830/2039/1743 1837/2047/1743 1836/2046/1743
f 1830/2039/1744 1896/2040/1744 1897/2048/1744 1837/2047/1744
f 1831/2042/1745 1832/2041/1745 1839/2049/1745 1838/2050/1745
f 1832/2041/1746 1833/2043/1746 1840/2051/1746 1839/2049/1746
f 1833/2043/1747 1834/2044/1747 1841/2052/1747 1840/2051/1747
f 1834/2044/1748 1835/2045/1748 1842/2053/1748 1841/2052/1748
f 1835/2045/1749 1836/2046/1749 1843/2054/1749 1842/2053/1749
f 1836/2046/1750 1837/2047/1750 1844/2055/1750 1843/2054/1750
f 1837/2047/1751 1897/2048/1751 1898/2056/1751 1844/2055/1751
f 1838/2050/1752 1839/2049/1752 1846/2057/1752 1845/2058/1752
f 1839/2049/1753 1840/2051/1753 1847/2059/1753 1846/2057/1753
f 1840/2051/1754 1841/2052/1754 1848/2060/1754 1847/2059/1754
f 1841/2052/1755 1842/2053/1755 1849/2061/1755 1848/2060/1755
f 1842/2053/1756 1843/2054/1756 1850/2062/1756 1849/2061/1756
f 1843/2054/1757 1844/2055/1757 1851/2063/1757 1850/2062/1757
f 1844/2055/1758 1898/2056/1758 1899/2064/1758 1851/2063/1758
f 1802/1347/1759 1852/2065/1759 1859/2066/1759 1858/2067/1759
f 1852/2065/1760 1853/2068/1760 1860/2069/1760 1859/2066/1760
f 1853/2068/1761 1854/2070/1761 1861/2071/1761 1860/2069/1761
f 1854/2070/1762 1855/2072/1762 1862/2073/1762 1861/2071/1762
f 1855/2072/1763 1856/2074/1763 1863/2075/1763 1862/2073/1763
f 1856/2074/1764 1857/2076/1764 1864/2077/1764 1863/2075/1764
f 1857/2076/1765 1941/2078/1765 1942/2079/1765 1864/2077/1765
f 1858/2067/1766 1859/2066/1766 1866/2080/1766 1865/2081/1766
f 1859/2066/1767 1860/2069/1767 1867/2082/1767 1866/2080/1767
f 1860/2069/1768 1861/2071/1768 1868/2083/1768 1867/2082/1768
f 1861/2071/1769 1862/2073/1769 1869/2084/1769 1868/2083/1769
f 1862/2073/1770 1863/2075/1770 1870/2085/1770 1869/2084/1770
f 1863/2075/1771 1864/2077/1771 1871/2086/1771 1870/2085/1771
f 1864/2077/1772 1942/2079/1772 1943/2087/1772 1871/2086/1772
f 1865/2081/1773 1866/2080/1773 1873/2088/1773 1872/2089/1773
f 1866/2080/1774 1867/2082/1774 1874/2090/1774 1873/2088/1774
f 1867/2082/1775 1868/2083/1775 1875/2091/1775 1874/2090/1775
f 1868/2083/1776 1869/2084/1776 1876/2092/1776 1875/2091/1776
f 1869/2084/1777 1870/2085/1777 1877/2093/1777 1876/2092/1777
f 1870/2085/1778 1871/2086/1778 1878/2094/1778 1877/2093/1778
f 1871/2086/1779 1943/2087/1779 1944/2095/1779 1878/2094/1779
f 1872/2089/1780 1873/2088/1780 1880/2096/1780 1879/2097/1780
f 1873/2088/1781 1874/2090/1781 1881/2098/1781 1880/2096/1781
f 1874/2090/1782 1875/2091/1782 1882/2099/1782 1881/2098/1782
f 1875/2091/1783 1876/2092/1783 1883/2100/1783 1882/2099/1783
f 1876/2092/1784 1877/2093/1784 1884/2101/1784 1883/2100/1784
f 1877/2093/1785 1878/2094/1785 1885/2102/1785 1884/2101/1785
f 1878/2094/1786 1944/2095/1786 1945/2103/1786 1885/2102/1786
f 1879/2097/1787 1880/2096/1787 1887/2104/1787 1886/2105/1787
f 1880/2096/1788 1881/2098/1788 1888/2106/1788 1887/2104/1788
f 1881/2098/1789 1882/2099/1789 1889/2107/1789 1888/2106/1789
f 1882/2099/1790 1883/2100/1790 1890/2108/1790 1889/2107/1790
f 1883/2100/1791 1884/2101/1791 1891/2109/1791 1890/2108/1791
f 1884/2101/1792 1885/2102/1792 1892/2110/1792 1891/2109/1792
f 1885/2102/1793 1945/2103/1793 1946/2111/1793 1892/2110/1793
f 1886/2105/1794 1887/2104/1794 1894/2024/1794 1893/2023/1794
f 1887/2104/1795 1888/2106/1795 1895/2032/1795 1894/2024/1795
f 1888/2106/1796 1889/2107/1796 1896/2040/1796 1895/2032/1796
f 1889/2107/1797 1890/2108/1797 1897/2048/1797 1896/2040/1797
f 1890/2108/1798 1891/2109/1798 1898/2056/1798 1897/2048/1798
f 1891/2109/1799 1892/2110/1799 1899/2064/1799 1898/2056/1799
f 1892/2110/1800 1946/2111/1800 1947/2112/1800 1899/2064/1800
f 1803/1340/1801 1900/2113/1801 1907/2114/1801 1906/2115/1801
f 1900/2113/1802 1901/2116/1802 1908/2117/1802 1907/2114/1802
f 1901/2116/1803 1902/2118/1803 1909/2119/1803 1908/2117/1803
f 1902/2118/1804 1903/2120/1804 1910/2121/1804 1909/2119/1804
f 1903/2120/1805 1904/2122/1805 1911/2123/1805 1910/2121/1805
f 1904/2122/1806 1905/2124/1806 1912/2125/1806 1911/2123/1806
f 1905/2126/1807 1845/2058/1807 1846/2057/1807 1912/2127/1807
f 1906/2115/1808 1907/2114/1808 1914/2128/1808 1913/2129/1808
f 1907/2114/1809 1908/2117/1809 1915/2130/1809 1914/2128/1809
f 1908/2117/1810 1909/2119/1810 1916/2131/1810 1915/2130/1810
f 1909/2119/1811 1910/2121/1811 1917/2132/1811 1916/2131/1811
f 1910/2121/1812 1911/2123/1812 1918/2133/1812 1917/2132/1812
f 1911/2123/1813 1912/2125/1813 1919/2134/1813 1918/2133/1813
f 1912/2127/1814 1846/2057/1814 1847/2059/1814 1919/2135/1814
f 1913/2129/1815 1914/2128/1815 1921/2136/1815 1920/2137/1815
f 1914/2128/1816 1915/2130/1816 1922/2138/1816 1921/2136/1816
f 1915/2130/1817 1916/2131/1817 1923/2139/1817 1922/2138/1817
f 1916/2131/1818 1917/2132/1818 1924/2140/1818 1923/2139/1818
f 1917/2132/1819 1918/2133/1819 1925/2141/1819 1924/2140/1819
f 1918/2133/1820 1919/2134/1820 1926/2142/1820 1925/2141/1820
f 1919/2135/1821 1847/2059/1821 1848/2060/1821 1926/2143/1821
f 1920/2137/1822 1921/2136/1822 1928/2144/1822 1927/2145/1822
f 1921/2136/1823 1922/2138/1823 1929/2146/1823 1928/2144/1823
f 1922/2138/1824 1923/2139/1824 1930/2147/1824 1929/2146/1824
f 1923/2139/1825 1924/2140/1825 1931/2148/1825 1930/2147/1825
f 1924/2140/1826 1925/2141/1826 1932/2149/1826 1931/2148/1826
f 1925/2141/1827 1926/2142/1827 1933/2150/1827 1932/2149/1827
f 1926/2143/1828 1848/2060/1828 1849/2061/1828 1933/2151/1828
f 1927/2145/1829 1928/2144/1829 1935/2152/1829 1934/2153/1829
f 1928/2144/1830 1929/2146/1830 1936/2154/1830 1935/2152/1830
f 1929/2146/1831 1930/2147/1831 1937/2155/1831 1936/2154/1831
f 1930/2147/1832 1931/2148/1832 1938/2156/1832 1937/2155/1832
f 1931/2148/1833 1932/2149/1833 1939/2157/1833 1938/2156/1833
f 1932/2149/1834 1933/2150/1834 1940/2158/1834 1939/2157/1834
f 1933/2151/1835 1849/2061/1835 1850/2062/1835 1940/2159/1835
f 1934/2153/1836 1935/2152/1836 1942/2079/1836 1941/2078/1836
f 1935/2152/1837 1936/2154/1837 1943/2087/1837 1942/2079/1837
f 1936/2154/1838 1937/2155/1838 1944/2095/1838 1943/2087/1838
f 1937/2155/1839 1938/2156/1839 1945/2103/1839 1944/2095/1839
f 1938/2156/1840 1939/2157/1840 1946/2111/1840 1945/2103/1840
f 1939/2157/1841 1940/2158/1841 1947/2112/1841 1946/2111/1841
f 1940/2159/1842 1850/2062/1842 1851/2063/1842 1947/2160/1842
f 1851/2063/1843 1899/2161/1843 1947/2160/1843
f 1948/1351/1844 1951/2162/1844 1958/2163/1844 1957/2164/1844
f 1951/2162/1845 1952/2165/1845 1959/2166/1845 1958/2163/1845
f 1952/2165/1846 1953/2167/1846 1960/2168/1846 1959/2166/1846
f 1953/2167/1847 1954/2169/1847 1961/2170/1847 1960/2168/1847
f 1954/2169/1848 1955/2171/1848 1962/2172/1848 1961/2170/1848
f 1955/2171/1849 1956/2173/1849 1963/2174/1849 1962/2172/1849
f 1956/2175/1850 2040/2176/1850 2041/2177/1850 1963/2178/1850
f 1957/2164/1851 1958/2163/1851 1965/2179/1851 1964/2180/1851
f 1958/2163/1852 1959/2166/1852 1966/2181/1852 1965/2179/1852
f 1959/2166/1853 1960/2168/1853 1967/2182/1853 1966/2181/1853
f 1960/2168/1854 1961/2170/1854 1968/2183/1854 1967/2182/1854
f 1961/2170/1855 1962/2172/1855 1969/2184/1855 1968/2183/1855
f 1962/2172/1856 1963/2174/1856 1970/2185/1856 1969/2184/1856
f 1963/2178/1857 2041/2177/1857 2042/2186/1857 1970/2187/1857
f 1964/2180/1858 1965/2179/1858 1972/2188/1858 1971/2189/1858
f 1965/2179/1859 1966/2181/1859 1973/2190/1859 1972/2188/1859
f 1966/2181/1860 1967/2182/1860 1974/2191/1860 1973/2190/1860
f 1967/2182/1861 1968/2183/1861 1975/2192/1861 1974/2191/1861
f 1968/2183/1862 1969/2184/1862 1976/2193/1862 1975/2192/1862
f 1969/2184/1863 1970/2185/1863 1977/2194/1863 1976/2193/1863
f 1970/2187/1864 2042/2186/1864 2043/2195/1864 1977/2196/1864
f 1971/2189/1865 1972/2188/1865 1979/2197/1865 1978/2198/1865
f 1972/2188/1866 1973/2190/1866 1980/2199/1866 1979/2197/1866
f 1973/2190/1867 1974/2191/1867 1981/2200/1867 1980/2199/1867
f 1974/2191/1868 1975/2192/1868 1982/2201/1868 1981/2200/1868
f 1975/2192/1869 1976/2193/1869 1983/2202/1869 1982/2201/1869
f 1976/2193/1870 1977/2194/1870 1984/2203/1870 1983/2202/1870
f 1977/2196/1871 2043/2195/1871 2044/2204/1871 1984/2205/1871
f 1978/2198/1872 1979/2197/1872 1986/2206/1872 1985/2207/1872
f 1979/2197/1873 1980/2199/1873 1987/2208/1873 1986/2206/1873
f 1980/2199/1874 1981/2200/1874 1988/2209/1874 1987/2208/1874
f 1981/2200/1875 1982/2201/1875 1989/2210/1875 1988/2209/1875
f 1982/2201/1876 1983/2202/1876 1990/2211/1876 1989/2210/1876
f 1983/2202/1877 1984/2203/1877 1991/2212/1877 1990/2211/1877
f 1984/2205/1878 2044/2204/1878 2045/2213/1878 1991/2214/1878
f 1985/2207/1879 1986/2206/1879 1993/2215/1879 1992/2216/1879
f 1986/2206/1880 1987/2208/1880 1994/2217/1880 1993/2215/1880
f 1987/2208/1881 1988/2209/1881 1995/2218/1881 1994/2217/1881
f 1988/2209/1882 1989/2210/1882 1996/2219/1882 1995/2218/1882
f 1989/2210/1883 1990/2211/1883 1997/2220/1883 1996/2219/1883
f 1990/2211/1884 1991/2212/1884 1998/2221/1884 1997/2220/1884
f 1991/2214/1885 2045/2213/1885 2046/2222/1885 1998/2223/1885
f 1949/1341/1886 1999/2224/1886 2006/2225/1886 2005/2226/1886
f 1999/2224/1887 2000/2227/1887 2007/2228/1887 2006/2225/1887
f 2000/2227/1888 2001/2229/1888 2008/2230/1888 2007/2228/1888
f 2001/2229/1889 2002/2231/1889 2009/2232/1889 2008/2230/1889
f 2002/2231/1890 2003/2233/1890 2010/2234/1890 2009/2232/1890
f 2003/2233/1891 2004/2235/1891 2011/2236/1891 2010/2234/1891
f 2004/2235/1892 2088/2237/1892 2089/2238/1892 2011/2236/1892
f 2005/2226/1893 2006/2225/1893 2013/2239/1893 2012/2240/1893
f 2006/2225/1894 2007/2228/1894 2014/2241/1894 2013/2239/1894
f 2007/2228/1895 2008/2230/1895 2015/2242/1895 2014/2241/1895
f 2008/2230/1896 2009/2232/1896 2016/2243/1896 2015/2242/1896
f 2009/2232/1897 2010/2234/1897 2017/2244/1897 2016/2243/1897
f 2010/2234/1898 2011/2236/1898 2018/2245/1898 2017/2244/1898
f 2011/2236/1899 2089/2238/1899 2090/2246/1899 2018/2245/1899
f 2012/2240/1900 2013/2239/1900 2020/2247/1900 2019/2248/1900
f 2013/2239/1901 2014/2241/1901 2021/2249/1901 2020/2247/1901
f 2014/2241/1902 2015/2242/1902 2022/2250/1902 2021/2249/1902
f 2015/2242/1903 2016/2243/1903 2023/2251/1903 2022/2250/1903
f 2016/2243/1904 2017/2244/1904 2024/2252/1904 2023/2251/1904
f 2017/2244/1905 2018/2245/1905 2025/2253/1905 2024/2252/1905
f 2018/2245/1906 2090/2246/1906 2091/2254/1906 2025/2253/1906
f 2019/2248/1907 2020/2247/1907 2027/2255/1907 2026/2256/1907
f 2020/2247/1908 2021/2249/1908 2028/2257/1908 2027/2255/1908
f 2021/2249/1909 2022/2250/1909 2029/2258/1909 2028/2257/1909
f 2022/2250/1910 2023/2251/1910 2030/2259/1910 2029/2258/1910
f 2023/2251/1911 2024/2252/1911 2031/2260/1911 2030/2259/1911
f 2024/2252/1912 2025/2253/1912 2032/2261/1912 2031/2260/1912
f 2025/2253/1913 2091/2254/1913 2092/2262/1913 2032/2261/1913
f 2026/2256/1914 2027/2255/1914 2034/2263/1914 2033/2264/1914
f 2027/2255/1915 2028/2257/1915 2035/2265/1915 2034/2263/1915
f 2028/2257/1916 2029/2258/1916 2036/2266/1916 2035/2265/1916
f 2029/2258/1917 2030/2259/1917 2037/2267/1917 2036/2266/1917
f 2030/2259/1918 2031/2260/1918 2038/2268/1918 2037/2267/1918
f 2031/2260/1919 2032/2261/1919 2039/2269/1919 2038/2268/1919
f 2032/2261/1920 2092/2262/1920 2093/2270/1920 2039/2269/1920
f 2033/2264/1921 2034/2263/1921 2041/2177/1921 2040/2176/1921
f 2034/2263/1922 2035/2265/1922 2042/2186/1922 2041/2177/1922
f 2035/2265/1923 2036/2266/1923 2043/2195/1923 2042/2186/1923
f 2036/2266/1924 2037/2267/1924 2044/2204/1924 2043/2195/1924
f 2037/2267/1925 2038/2268/1925 2045/2213/1925 2044/2204/1925
f 2038/2268/1926 2039/2269/1926 2046/2222/1926 2045/2213/1926
f 2039/2269/1927 2093/2270/1927 2094/2271/1927 2046/2222/1927
f 1950/1346/1928 2047/2272/1928 2054/2273/1928 2053/2274/1928
f 2047/2272/1929 2048/2275/1929 2055/2276/1929 2054/2273/1929
f 2048/2275/1930 2049/2277/1930 2056/2278/1930 2055/2276/1930
f 2049/2277/1931 2050/2279/1931 2057/2280/1931 2056/2278/1931
f 2050/2279/1932 2051/2281/1932 2058/2282/1932 2057/2280/1932
f 2051/2281/1933 2052/2283/1933 2059/2284/1933 2058/2282/1933
f 2052/2283/1934 1992/2216/1934 1993/2215/1934 2059/2284/1934
f 2053/2274/1935 2054/2273/1935 2061/2285/1935 2060/2286/1935
f 2054/2273/1936 2055/2276/1936 2062/2287/1936 2061/2285/1936
f 2055/2276/1937 2056/2278/1937 2063/2288/1937 2062/2287/1937
f 2056/2278/1938 2057/2280/1938 2064/2289/1938 2063/2288/1938
f 2057/2280/1939 2058/2282/1939 2065/2290/1939 2064/2289/1939
f 2058/2282/1940 2059/2284/1940 2066/2291/1940 2065/2290/1940
f 2059/2284/1941 1993/2215/1941 1994/2217/1941 2066/2291/1941
f 2060/2286/1942 2061/2285/1942 2068/2292/1942 2067/2293/1942
f 2061/2285/1943 2062/2287/1943 2069/2294/1943 2068/2292/1943
f 2062/2287/1944 2063/2288/1944 2070/2295/1944 2069/2294/1944
f 2063/2288/1945 2064/2289/1945 2071/2296/1945 2070/2295/1945
f 2064/2289/1946 2065/2290/1946 2072/2297/1946 2071/2296/1946
f 2065/2290/1947 2066/2291/1947 2073/2298/1947 2072/2297/1947
f 2066/2291/1948 1994/2217/1948 1995/2218/1948 2073/2298/1948
f 2067/2293/1949 2068/2292/1949 2075/2299/1949 2074/2300/1949
f 2068/2292/1950 2069/2294/1950 2076/2301/1950 2075/2299/1950
f 2069/2294/1951 2070/2295/1951 2077/2302/1951 2076/2301/1951
f 2070/2295/1952 2071/2296/1952 2078/2303/1952 2077/2302/1952
f 2071/2296/1953 2072/2297/1953 2079/2304/1953 2078/2303/1953
f 2072/2297/1954 2073/2298/1954 2080/2305/1954 2079/2304/1954
f 2073/2298/1955 1995/2218/1955 1996/2219/1955 2080/2305/1955
f 2074/2300/1956 2075/2299/1956 2082/2306/1956 2081/2307/1956
f 2075/2299/1957 2076/2301/1957 2083/2308/1957 2082/2306/1957
f 2076/2301/1958 2077/2302/1958 2084/2309/1958 2083/2308/1958
f 2077/2302/1959 2078/2303/1959 2085/2310/1959 2084/2309/1959
f 2078/2303/1960 2079/2304/1960 2086/2311/1960 2085/2310/1960
f 2079/2304/1961 2080/2305/1961 2087/2312/1961 2086/2311/1961
f 2080/2305/1962 1996/2219/1962 1997/2220/1962 2087/2312/1962
f 2081/2307/1963 2082/2306/1963 2089/2238/1963 2088/2237/1963
f 2082/2306/1964 2083/2308/1964 2090/2246/1964 2089/2238/1964
f 2083/2308/1965 2084/2309/1965 2091/2254/1965 2090/2246/1965
f 2084/2309/1966 2085/2310/1966 2092/2262/1966 2091/2254/1966
f 2085/2310/1967 2086/2311/1967 2093/2270/1967 2092/2262/1967
f 2086/2311/1968 2087/2312/1968 2094/2271/1968 2093/2270/1968
f 2087/2312/1969 1997/2220/1969 1998/2221/1969 2094/2271/1969
f 1998/2223/1970 2046/2222/1970 2094/2313/1970
f 2095/2314/1971 2098/2315/1971 2105/2316/1971 2104/2317/1971
f 2098/2315/1972 2099/2318/1972 2106/2319/1972 2105/2316/1972
f 2099/2318/1973 2100/2320/1973 2107/2321/1973 2106/2319/1973
f 2100/2320/1974 2101/2322/1974 2108/2323/1974 2107/2321/1974
f 2101/2322/1975 2102/2324/1975 2109/2325/1975 2108/2323/1975
f 2102/2324/1976 2103/2326/1976 2110/2327/1976 2109/2325/1976
f 2103/2326/1977 2187/2328/1977 2188/2329/1977 2110/2327/1977
f 2104/2317/1978 2105/2316/1978 2112/2330/1978 2111/2331/1978
f 2105/2316/1979 2106/2319/1979 2113/2332/1979 2112/2330/1979
f 2106/2319/1980 2107/2321/1980 2114/2333/1980 2113/2332/1980
f 2107/2321/1981 2108/2323/1981 2115/2334/1981 2114/2333/1981
f 2108/2323/1982 2109/2325/1982 2116/2335/1982 2115/2334/1982
f 2109/2325/1983 2110/2327/1983 2117/2336/1983 2116/2335/1983
f 2110/2327/1984 2188/2329/1984 2189/2337/1984 2117/2336/1984
f 2111/2331/1985 2112/2330/1985 2119/2338/1985 2118/2339/1985
f 2112/2330/1986 2113/2332/1986 2120/2340/1986 2119/2338/1986
f 2113/2332/1987 2114/2333/1987 2121/2341/1987 2120/2340/1987
f 2114/2333/1988 2115/2334/1988 2122/2342/1988 2121/2341/1988
f 2115/2334/1989 2116/2335/1989 2123/2343/1989 2122/2342/1989
f 2116/2335/1990 2117/2336/1990 2124/2344/1990 2123/2343/1990
f 2117/2336/1991 2189/2337/1991 2190/2345/1991 2124/2344/1991
f 2118/2339/1992 2119/2338/1992 2126/2346/1992 2125/2347/1992
f 2119/2338/1993 2120/2340/1993 2127/2348/1993 2126/2346/1993
f 2120/2340/1994 2121/2341/1994 2128/2349/1994 2127/2348/1994
f 2121/2341/1995 2122/2342/1995 2129/2350/1995 2128/2349/1995
f 2122/2342/1996 2123/2343/1996 2130/2351/1996 2129/2350/1996
f 2123/2343/1997 2124/2344/1997 2131/2352/1997 2130/2351/1997
f 2124/2344/1998 2190/2345/1998 2191/2353/1998 2131/2352/1998
f 2125/2347/1999 2126/2346/1999 2133/2354/1999 2132/2355/1999
f 2126/2346/2000 2127/2348/2000 2134/2356/2000 2133/2354/2000
f 2127/2348/2001 2128/2349/2001 2135/2357/2001 2134/2356/2001
f 2128/2349/2002 2129/2350/2002 2136/2358/2002 2135/2357/2002
f 2129/2350/2003 2130/2351/2003 2137/2359/2003 2136/2358/2003
f 2130/2351/2004 2131/2352/2004 2138/2360/2004 2137/2359/2004
f 2131/2352/2005 2191/2353/2005 2192/2361/2005 2138/2360/2005
f 2132/2355/2006 2133/2354/2006 2140/2362/2006 2139/2363/2006
f 2133/2354/2007 2134/2356/2007 2141/2364/2007 2140/2362/2007
f 2134/2356/2008 2135/2357/2008 2142/2365/2008 2141/2364/2008
f 2135/2357/2009 2136/2358/2009 2143/2366/2009 2142/2365/2009
f 2136/2358/2010 2137/2359/2010 2144/2367/2010 2143/2366/2010
f 2137/2359/2011 2138/2360/2011 2145/2368/2011 2144/2367/2011
f 2138/2360/2012 2192/2361/2012 2193/2369/2012 2145/2368/2012
f 2096/1359/2013 2146/2370/2013 2153/2371/2013 2152/2372/2013
f 2146/2370/2014 2147/2373/2014 2154/2374/2014 2153/2371/2014
f 2147/2373/2015 2148/2375/2015 2155/2376/2015 2154/2374/2015
f 2148/2375/2016 2149/2377/2016 2156/2378/2016 2155/2376/2016
f 2149/2377/2017 2150/2379/2017 2157/2380/2017 2156/2378/2017
f 2150/2379/2018 2151/2381/2018 2158/2382/2018 2157/2380/2018
f 2151/2381/2019 2235/2383/2019 2236/2384/2019 2158/2382/2019
f 2152/2372/2020 2153/2371/2020 2160/2385/2020 2159/2386/2020
f 2153/2371/2021 2154/2374/2021 2161/2387/2021 2160/2385/2021
f 2154/2374/2022 2155/2376/2022 2162/2388/2022 2161/2387/2022
f 2155/2376/2023 2156/2378/2023 2163/2389/2023 2162/2388/2023
f 2156/2378/2024 2157/2380/2024 2164/2390/2024 2163/2389/2024
f 2157/2380/2025 2158/2382/2025 2165/2391/2025 2164/2390/2025
f 2158/2382/2026 2236/2384/2026 2237/2392/2026 2165/2391/2026
f 2159/2386/2027 2160/2385/2027 2167/2393/2027 2166/2394/2027
f 2160/2385/2028 2161/2387/2028 2168/2395/2028 2167/2393/2028
f 2161/2387/2029 2162/2388/2029 2169/2396/2029 2168/2395/2029
f 2162/2388/2030 2163/2389/2030 2170/2397/2030 2169/2396/2030
f 2163/2389/2031 2164/2390/2031 2171/2398/2031 2170/2397/2031
f 2164/2390/2032 2165/2391/2032 2172/2399/2032 2171/2398/2032
f 2165/2391/2033 2237/2392/2033 2238/2400/2033 2172/2399/2033
f 2166/2394/2034 2167/2393/2034 2174/2401/2034 2173/2402/2034
f 2167/2393/2035 2168/2395/2035 2175/2403/2035 2174/2401/2035
f 2168/2395/2036 2169/2396/2036 2176/2404/2036 2175/2403/2036
f 2169/2396/2037 2170/2397/2037 2177/2405/2037 2176/2404/2037
f 2170/2397/2038 2171/2398/2038 2178/2406/2038 2177/2405/2038
f 2171/2398/2039 2172/2399/2039 2179/2407/2039 2178/2406/2039
f 2172/2399/2040 2238/2400/2040 2239/2408/2040 2179/2407/2040
f 2173/2402/2041 2174/2401/2041 2181/2409/2041 2180/2410/2041
f 2174/2401/2042 2175/2403/2042 2182/2411/2042 2181/2409/2042
f 2175/2403/2043 2176/2404/2043 2183/2412/2043 2182/2411/2043
f 2176/2404/2044 2177/2405/2044 2184/2413/2044 2183/2412/2044
f 2177/2405/2045 2178/2406/2045 2185/2414/2045 2184/2413/2045
f 2178/2406/2046 2179/2407/2046 2186/2415/2046 2185/2414/2046
f 2179/2407/2047 2239/2408/2047 2240/2416/2047 2186/2415/2047
f 2180/2410/2048 2181/2409/2048 2188/2417/2048 2187/2418/2048
f 2181/2409/2049 2182/2411/2049 2189/2419/2049 2188/2417/2049
f 2182/2411/2050 2183/2412/2050 2190/2420/2050 2189/2419/2050
f 2183/2412/2051 2184/2413/2051 2191/2421/2051 2190/2420/2051
f 2184/2413/2052 2185/2414/2052 2192/2422/2052 2191/2421/2052
f 2185/2414/2053 2186/2415/2053 2193/2423/2053 2192/2422/2053
f 2186/2415/2054 2240/2416/2054 2241/2424/2054 2193/2423/2054
f 2097/1344/2055 2194/2425/2055 2201/2426/2055 2200/2427/2055
f 2194/2425/2056 2195/2428/2056 2202/2429/2056 2201/2426/2056
f 2195/2428/2057 2196/2430/2057 2203/2431/2057 2202/2429/2057
f 2196/2430/2058 2197/2432/2058 2204/2433/2058 2203/2431/2058
f 2197/2432/2059 2198/2434/2059 2205/2435/2059 2204/2433/2059
f 2198/2434/2060 2199/2436/2060 2206/2437/2060 2205/2435/2060
f 2199/2436/2061 2139/2363/2061 2140/2362/2061 2206/2437/2061
f 2200/2427/2062 2201/2426/2062 2208/2438/2062 2207/2439/2062
f 2201/2426/2063 2202/2429/2063 2209/2440/2063 2208/2438/2063
f 2202/2429/2064 2203/2431/2064 2210/2441/2064 2209/2440/2064
f 2203/2431/2065 2204/2433/2065 2211/2442/2065 2210/2441/2065
f 2204/2433/2066 2205/2435/2066 2212/2443/2066 2211/2442/2066
f 2205/2435/2067 2206/2437/2067 2213/2444/2067 2212/2443/2067
f 2206/2437/2068 2140/2362/2068 2141/2364/2068 2213/2444/2068
f 2207/2439/2069 2208/2438/2069 2215/2445/2069 2214/2446/2069
f 2208/2438/2070 2209/2440/2070 2216/2447/2070 2215/2445/2070
f 2209/2440/2071 2210/2441/2071 2217/2448/2071 2216/2447/2071
f 2210/2441/2072 2211/2442/2072 2218/2449/2072 2217/2448/2072
f 2211/2442/2073 2212/2443/2073 2219/2450/2073 2218/2449/2073
f 2212/2443/2074 2213/2444/2074 2220/2451/2074 2219/2450/2074
f 2213/2444/2075 2141/2364/2075 2142/2365/2075 2220/2451/2075
f 2214/2446/2076 2215/2445/2076 2222/2452/2076 2221/2453/2076
f 2215/2445/2077 2216/2447/2077 2223/2454/2077 2222/2452/2077
f 2216/2447/2078 2217/2448/2078 2224/2455/2078 2223/2454/2078
f 2217/2448/2079 2218/2449/2079 2225/2456/2079 2224/2455/2079
f 2218/2449/2080 2219/2450/2080 2226/2457/2080 2225/2456/2080
f 2219/2450/2081 2220/2451/2081 2227/2458/2081 2226/2457/2081
f 2220/2451/2082 2142/2365/2082 2143/2366/2082 2227/2458/2082
f 2221/2453/2083 2222/2452/2083 2229/2459/2083 2228/2460/2083
f 2222/2452/2084 2223/2454/2084 2230/2461/2084 2229/2459/2084
f 2223/2454/2085 2224/2455/2085 2231/2462/2085 2230/2461/2085
f 2224/2455/2086 2225/2456/2086 2232/2463/2086 2231/2462/2086
f 2225/2456/2087 2226/2457/2087 2233/2464/2087 2232/2463/2087
f 2226/2457/2088 2227/2458/2088 2234/2465/2088 2233/2464/2088
f 2227/2458/2089 2143/2366/2089 2144/2367/2089 2234/2465/2089
f 2228/2460/2090 2229/2459/2090 2236/2384/2090 2235/2383/2090
f 2229/2459/2091 2230/2461/2091 2237/2392/2091 2236/2384/2091
f 2230/2461/2092 2231/2462/2092 2238/2400/2092 2237/2392/2092
f 2231/2462/2093 2232/2463/2093 2239/2408/2093 2238/2400/2093
f 2232/2463/2094 2233/2464/2094 2240/2416/2094 2239/2408/2094
f 2233/2464/2095 2234/2465/2095 2241/2424/2095 2240/2416/2095
f 2234/2465/2096 2144/2367/2096 2145/2368/2096 2241/2424/2096
f 2145/2368/2097 2193/2369/2097 2241/2466/2097
f 2242/1348/2098 2245/2467/2098 2252/2468/2098 2251/2469/2098
f 2245/2467/2099 2246/2470/2099 2253/2471/2099 2252/2468/2099
f 2246/2470/2100 2247/2472/2100 2254/2473/2100 2253/2471/2100
f 2247/2472/2101 2248/2474/2101 2255/2475/2101 2254/2473/2101
f 2248/2474/2102 2249/2476/2102 2256/2477/2102 2255/2475/2102
f 2249/2476/2103 2250/2478/2103 2257/2479/2103 2256/2477/2103
f 2250/2478/2104 2334/2480/2104 2335/2481/2104 2257/2479/2104
f 2251/2469/2105 2252/2468/2105 2259/2482/2105 2258/2483/2105
f 2252/2468/2106 2253/2471/2106 2260/2484/2106 2259/2482/2106
f 2253/2471/2107 2254/2473/2107 2261/2485/2107 2260/2484/2107
f 2254/2473/2108 2255/2475/2108 2262/2486/2108 2261/2485/2108
f 2255/2475/2109 2256/2477/2109 2263/2487/2109 2262/2486/2109
f 2256/2477/2110 2257/2479/2110 2264/2488/2110 2263/2487/2110
f 2257/2479/2111 2335/2481/2111 2336/2489/2111 2264/2488/2111
f 2258/2483/2112 2259/2482/2112 2266/2490/2112 2265/2491/2112
f 2259/2482/2113 2260/2484/2113 2267/2492/2113 2266/2490/2113
f 2260/2484/2114 2261/2485/2114 2268/2493/2114 2267/2492/2114
f 2261/2485/2115 2262/2486/2115 2269/2494/2115 2268/2493/2115
f 2262/2486/2116 2263/2487/2116 2270/2495/2116 2269/2494/2116
f 2263/2487/2117 2264/2488/2117 2271/2496/2117 2270/2495/2117
f 2264/2488/2118 2336/2489/2118 2337/2497/2118 2271/2496/2118
f 2265/2491/2119 2266/2490/2119 2273/2498/2119 2272/2499/2119
f 2266/2490/2120 2267/2492/2120 2274/2500/2120 2273/2498/2120
f 2267/2492/2121 2268/2493/2121 2275/2501/2121 2274/2500/2121
f 2268/2493/2122 2269/2494/2122 2276/2502/2122 2275/2501/2122
f 2269/2494/2123 2270/2495/2123 2277/2503/2123 2276/2502/2123
f 2270/2495/2124 2271/2496/2124 2278/2504/2124 2277/2503/2124
f 2271/2496/2125 2337/2497/2125 2338/2505/2125 2278/2504/2125
f 2272/2499/2126 2273/2498/2126 2280/2506/2126 2279/2507/2126
f 2273/2498/2127 2274/2500/2127 2281/2508/2127 2280/2506/2127
f 2274/2500/2128 2275/2501/2128 2282/2509/2128 2281/2508/2128
f 2275/2501/2129 2276/2502/2129 2283/2510/2129 2282/2509/2129
f 2276/2502/2130 2277/2503/2130 2284/2511/2130 2283/2510/2130
f 2277/2503/2131 2278/2504/2131 2285/2512/2131 2284/2511/2131
f 2278/2504/2132 2338/2505/2132 2339/2513/2132 2285/2512/2132
f 2279/2507/2133 2280/2506/2133 2287/2514/2133 2286/2515/2133
f 2280/2506/2134 2281/2508/2134 2288/2516/2134 2287/2514/2134
f 2281/2508/2135 2282/2509/2135 2289/2517/2135 2288/2516/2135
f 2282/2509/2136 2283/2510/2136 2290/2518/2136 2289/2517/2136
f 2283/2510/2137 2284/2511/2137 2291/2519/2137 2290/2518/2137
f 2284/2511/2138 2285/2512/2138 2292/2520/2138 2291/2519/2138
f 2285/2512/2139 2339/2513/2139 2340/2521/2139 2292/2520/2139
f 2243/1345/2140 2293/2522/2140 2300/2523/2140 2299/2524/2140
f 2293/2522/2141 2294/2525/2141 2301/2526/2141 2300/2523/2141
f 2294/2525/2142 2295/2527/2142 2302/2528/2142 2301/2526/2142
f 2295/2527/2143 2296/2529/2143 2303/2530/2143 2302/2528/2143
f 2296/2529/2144 2297/2531/2144 2304/2532/2144 2303/2530/2144
f 2297/2531/2145 2298/2533/2145 2305/2534/2145 2304/2532/2145
f 2298/2533/2146 2382/2535/2146 2383/2536/2146 2305/2534/2146
f 2299/2524/2147 2300/2523/2147 2307/2537/2147 2306/2538/2147
f 2300/2523/2148 2301/2526/2148 2308/2539/2148 2307/2537/2148
f 2301/2526/2149 2302/2528/2149 2309/2540/2149 2308/2539/2149
f 2302/2528/2150 2303/2530/2150 2310/2541/2150 2309/2540/2150
f 2303/2530/2151 2304/2532/2151 2311/2542/2151 2310/2541/2151
f 2304/2532/2152 2305/2534/2152 2312/2543/2152 2311/2542/2152
f 2305/2534/2153 2383/2536/2153 2384/2544/2153 2312/2543/2153
f 2306/2538/2154 2307/2537/2154 2314/2545/2154 2313/2546/2154
f 2307/2537/2155 2308/2539/2155 2315/2547/2155 2314/2545/2155
f 2308/2539/2156 2309/2540/2156 2316/2548/2156 2315/2547/2156
f 2309/2540/2157 2310/2541/2157 2317/2549/2157 2316/2548/2157
f 2310/2541/2158 2311/2542/2158 2318/2550/2158 2317/2549/2158
f 2311/2542/2159 2312/2543/2159 2319/2551/2159 2318/2550/2159
f 2312/2543/2160 2384/2544/2160 2385/2552/2160 2319/2551/2160
f 2313/2546/2161 2314/2545/2161 2321/2553/2161 2320/2554/2161
f 2314/2545/2162 2315/2547/2162 2322/2555/2162 2321/2553/2162
f 2315/2547/2163 2316/2548/2163 2323/2556/2163 2322/2555/2163
f 2316/2548/2164 2317/2549/2164 2324/2557/2164 2323/2556/2164
f 2317/2549/2165 2318/2550/2165 2325/2558/2165 2324/2557/2165
f 2318/2550/2166 2319/2551/2166 2326/2559/2166 2325/2558/2166
f 2319/2551/2167 2385/2552/2167 2386/2560/2167 2326/2559/2167
f 2320/2554/2168 2321/2553/2168 2328/2561/2168 2327/2562/2168
f 2321/2553/2169 2322/2555/2169 2329/2563/2169 2328/2561/2169
f 2322/2555/2170 2323/2556/2170 2330/2564/2170 2329/2563/2170
f 2323/2556/2171 2324/2557/2171 2331/2565/2171 2330/2564/2171
f 2324/2557/2172 2325/2558/2172 2332/2566/2172 2331/2565/2172
f 2325/2558/2173 2326/2559/2173 2333/2567/2173 2332/2566/2173
f 2326/2559/2174 2386/2560/2174 2387/2568/2174 2333/2567/2174
f 2327/2562/2175 2328/2561/2175 2335/2481/2175 2334/2480/2175
f 2328/2561/2176 2329/2563/2176 2336/2489/2176 2335/2481/2176
f 2329/2563/2177 2330/2564/2177 2337/2497/2177 2336/2489/2177
f 2330/2564/2178 2331/2565/2178 2338/2505/2178 2337/2497/2178
f 2331/2565/2179 2332/2566/2179 2339/2513/2179 2338/2505/2179
f 2332/2566/2180 2333/2567/2180 2340/2521/2180 2339/2513/2180
f 2333/2567/2181 2387/2568/2181 2388/2569/2181 2340/2521/2181
f 2244/1358/2182 2341/2570/2182 2348/2571/2182 2347/2572/2182
f 2341/2570/2183 2342/2573/2183 2349/2574/2183 2348/2571/2183
f 2342/2573/2184 2343/2575/2184 2350/2576/2184 2349/2574/2184
f 2343/2575/2185 2344/2577/2185 2351/2578/2185 2350/2576/2185
f 2344/2577/2186 2345/2579/2186 2352/2580/2186 2351/2578/2186
f 2345/2579/2187 2346/2581/2187 2353/2582/2187 2352/2580/2187
f 2346/2581/2188 2286/2583/2188 2287/2584/2188 2353/2582/2188
f 2347/2572/2189 2348/2571/2189 2355/2585/2189 2354/2586/2189
f 2348/2571/2190 2349/2574/2190 2356/2587/2190 2355/2585/2190
f 2349/2574/2191 2350/2576/2191 2357/2588/2191 2356/2587/2191
f 2350/2576/2192 2351/2578/2192 2358/2589/2192 2357/2588/2192
f 2351/2578/2193 2352/2580/2193 2359/2590/2193 2358/2589/2193
f 2352/2580/2194 2353/2582/2194 2360/2591/2194 2359/2590/2194
f 2353/2582/2195 2287/2584/2195 2288/2592/2195 2360/2591/2195
f 2354/2586/2196 2355/2585/2196 2362/2593/2196 2361/2594/2196
f 2355/2585/2197 2356/2587/2197 2363/2595/2197 2362/2593/2197
f 2356/2587/2198 2357/2588/2198 2364/2596/2198 2363/2595/2198
f 2357/2588/2199 2358/2589/2199 2365/2597/2199 2364/2596/2199
f 2358/2589/2200 2359/2590/2200 2366/2598/2200 2365/2597/2200
f 2359/2590/2201 2360/2591/2201 2367/2599/2201 2366/2598/2201
f 2360/2591/2202 2288/2592/2202 2289/2600/2202 2367/2599/2202
f 2361/2594/2203 2362/2593/2203 2369/2601/2203 2368/2602/2203
f 2362/2593/2204 2363/2595/2204 2370/2603/2204 2369/2601/2204
f 2363/2595/2205 2364/2596/2205 2371/2604/2205 2370/2603/2205
f 2364/2596/2206 2365/2597/2206 2372/2605/2206 2371/2604/2206
f 2365/2597/2207 2366/2598/2207 2373/2606/2207 2372/2605/2207
f 2366/2598/2208 2367/2599/2208 2374/2607/2208 2373/2606/2208
f 2367/2599/2209 2289/2600/2209 2290/2608/2209 2374/2607/2209
f 2368/2602/2210 2369/2601/2210 2376/2609/2210 2375/2610/2210
f 2369/2601/2211 2370/2603/2211 2377/2611/2211 2376/2609/2211
f 2370/2603/2212 2371/2604/2212 2378/2612/2212 2377/2611/2212
f 2371/2604/2213 2372/2605/2213 2379/2613/2213 2378/2612/2213
f 2372/2605/2214 2373/2606/2214 2380/2614/2214 2379/2613/2214
f 2373/2606/2215 2374/2607/2215 2381/2615/2215 2380/2614/2215
f 2374/2607/2216 2290/2608/2216 2291/2616/2216 2381/2615/2216
f 2375/2610/2217 2376/2609/2217 2383/2536/2217 2382/2535/2217
f 2376/2609/2218 2377/2611/2218 2384/2544/2218 2383/2536/2218
f 2377/2611/2219 2378/2612/2219 2385/2552/2219 2384/2544/2219
f 2378/2612/2220 2379/2613/2220 2386/2560/2220 2385/2552/2220
f 2379/2613/2221 2380/2614/2221 2387/2568/2221 2386/2560/2221
f 2380/2614/2222 2381/2615/2222 2388/2569/2222 2387/2568/2222
f 2381/2615/2223 2291/2616/2223 2292/2617/2223 2388/2569/2223
f 2292/2617/2224 2340/2618/2224 2388/2569/2224
f 1507/1691/2225 1213/1360/2225 1222/1363/2225 1510/1692/2225
f 1510/1692/2226 1222/1363/2226 1229/1377/2226 1511/1695/2226
f 1511/1695/2227 1229/1377/2227 1236/1385/2227 1512/1697/2227
f 1512/1697/2228 1236/1385/2228 1243/1393/2228 1513/1699/2228
f 1513/1699/2229 1243/1393/2229 1250/1401/2229 1514/1701/2229
f 1514/1701/2230 1250/1401/2230 1257/1409/2230 1515/1703/2230
f 1515/1703/2231 1257/1409/2231 1317/1491/2231 1599/1705/2231
f 1599/1795/2232 1317/1489/2232 1316/1487/2232 1592/1787/2232
f 1592/1787/2233 1316/1487/2233 1315/1485/2233 1585/1779/2233
f 1585/1779/2234 1315/1485/2234 1314/1483/2234 1578/1771/2234
f 1578/1771/2235 1314/1483/2235 1313/1481/2235 1571/1763/2235
f 1571/1763/2236 1313/1481/2236 1312/1478/2236 1564/1749/2236
f 1564/1749/2237 1312/1478/2237 1215/1352/2237 1508/1355/2237
f 1214/1343/2238 1360/1342/2238 1369/1528/2238 1264/1416/2238
f 1264/1416/2239 1369/1528/2239 1376/1542/2239 1265/1419/2239
f 1265/1419/2240 1376/1542/2240 1383/1550/2240 1266/1421/2240
f 1266/1421/2241 1383/1550/2241 1390/1558/2241 1267/1423/2241
f 1267/1423/2242 1390/1558/2242 1397/1566/2242 1268/1425/2242
f 1268/1425/2243 1397/1566/2243 1404/1574/2243 1269/1427/2243
f 1269/1429/2244 1404/1656/2244 1464/1654/2244 1353/1430/2244
f 1353/1430/2245 1464/1654/2245 1463/1652/2245 1346/1518/2245
f 1346/1518/2246 1463/1652/2246 1462/1650/2246 1339/1510/2246
f 1339/1510/2247 1462/1650/2247 1461/1648/2247 1332/1502/2247
f 1332/1502/2248 1461/1648/2248 1460/1646/2248 1325/1494/2248
f 1325/1494/2249 1460/1646/2249 1459/1643/2249 1318/1480/2249
f 1318/1480/2250 1459/1643/2250 1362/1353/2250 1215/1352/2250
f 1361/1350/2251 1654/1349/2251 1663/1852/2251 1411/1581/2251
f 1411/1581/2252 1663/1852/2252 1670/1868/2252 1412/1584/2252
f 1412/1584/2253 1670/1868/2253 1677/1877/2253 1413/1586/2253
f 1413/1586/2254 1677/1877/2254 1684/1886/2254 1414/1588/2254
f 1414/1588/2255 1684/1886/2255 1691/1895/2255 1415/1590/2255
f 1415/1590/2256 1691/1895/2256 1698/1904/2256 1416/1592/2256
f 1416/1594/2257 1698/1973/2257 1758/1971/2257 1500/1595/2257
f 1500/1595/2258 1758/1971/2258 1757/1969/2258 1493/1683/2258
f 1493/1683/2259 1757/1969/2259 1756/1967/2259 1486/1675/2259
f 1486/1675/2260 1756/1967/2260 1755/1965/2260 1479/1667/2260
f 1479/1667/2261 1755/1965/2261 1754/1963/2261 1472/1659/2261
f 1472/1659/2262 1754/1963/2262 1753/1960/2262 1465/1645/2262
f 1465/1645/2263 1753/1960/2263 1656/1354/2263 1362/1353/2263
f 1655/1357/2264 1509/1356/2264 1612/1804/2264 1705/1912/2264
f 1705/1912/2265 1612/1804/2265 1619/1818/2265 1706/1915/2265
f 1706/1915/2266 1619/1818/2266 1626/1826/2266 1707/1917/2266
f 1707/1917/2267 1626/1826/2267 1633/1834/2267 1708/1919/2267
f 1708/1919/2268 1633/1834/2268 1640/1842/2268 1709/1921/2268
f 1709/1921/2269 1640/1842/2269 1647/1760/2269 1710/1923/2269
f 1710/1923/2270 1647/1760/2270 1563/1758/2270 1794/1925/2270
f 1794/1925/2271 1563/1758/2271 1562/1756/2271 1787/2000/2271
f 1787/2000/2272 1562/1756/2272 1561/1754/2272 1780/1992/2272
f 1780/1992/2273 1561/1754/2273 1560/1752/2273 1773/1984/2273
f 1773/1984/2274 1560/1752/2274 1559/1750/2274 1766/1976/2274
f 1766/1976/2275 1559/1750/2275 1558/1747/2275 1759/1962/2275
f 1759/1962/2276 1558/1747/2276 1508/1355/2276 1656/1354/2276
f 2095/2314/2277 1507/1691/2277 1516/1694/2277 2098/2315/2277
f 2098/2315/2278 1516/1694/2278 1523/1708/2278 2099/2318/2278
f 2099/2318/2279 1523/1708/2279 1530/1716/2279 2100/2320/2279
f 2100/2320/2280 1530/1716/2280 1537/1724/2280 2101/2322/2280
f 2101/2322/2281 1537/1724/2281 1544/1732/2281 2102/2324/2281
f 2102/2324/2282 1544/1732/2282 1551/1740/2282 2103/2326/2282
f 2103/2326/2283 1551/1740/2283 1611/1815/2283 2187/2328/2283
f 2187/2418/2284 1611/1813/2284 1610/1811/2284 2180/2410/2284
f 2180/2410/2285 1610/1811/2285 1609/1809/2285 2173/2402/2285
f 2173/2402/2286 1609/1809/2286 1608/1807/2286 2166/2394/2286
f 2166/2394/2287 1608/1807/2287 1607/1805/2287 2159/2386/2287
f 2159/2386/2288 1607/1805/2288 1606/1802/2288 2152/2372/2288
f 2152/2372/2289 1606/1802/2289 1509/1356/2289 2096/1359/2289
f 1654/1349/2290 2242/1348/2290 2251/2469/2290 1657/1850/2290
f 1657/1850/2291 2251/2469/2291 2258/2483/2291 1658/1853/2291
f 1658/1853/2292 2258/2483/2292 2265/2491/2292 1659/1855/2292
f 1659/1855/2293 2265/2491/2293 2272/2499/2293 1660/1857/2293
f 1660/1857/2294 2272/2499/2294 2279/2507/2294 1661/1859/2294
f 1661/1859/2295 2279/2507/2295 2286/2515/2295 1662/1861/2295
f 1662/1863/2296 2286/2583/2296 2346/2581/2296 1746/1864/2296
f 1746/1864/2297 2346/2581/2297 2345/2579/2297 1739/1952/2297
f 1739/1952/2298 2345/2579/2298 2344/2577/2298 1732/1944/2298
f 1732/1944/2299 2344/2577/2299 2343/2575/2299 1725/1936/2299
f 1725/1936/2300 2343/2575/2300 2342/2573/2300 1718/1928/2300
f 1718/1928/2301 2342/2573/2301 2341/2570/2301 1711/1914/2301
f 1711/1914/2302 2341/2570/2302 2244/1358/2302 1655/1357/2302
f 2243/1345/2303 2097/1344/2303 2200/2427/2303 2293/2522/2303
f 2293/2522/2304 2200/2427/2304 2207/2439/2304 2294/2525/2304
f 2294/2525/2305 2207/2439/2305 2214/2446/2305 2295/2527/2305
f 2295/2527/2306 2214/2446/2306 2221/2453/2306 2296/2529/2306
f 2296/2529/2307 2221/2453/2307 2228/2460/2307 2297/2531/2307
f 2297/2531/2308 2228/2460/2308 2235/2383/2308 2298/2533/2308
f 2298/2533/2309 2235/2383/2309 2151/2381/2309 2382/2535/2309
f 2382/2535/2310 2151/2381/2310 2150/2379/2310 2375/2610/2310
f 2375/2610/2311 2150/2379/2311 2149/2377/2311 2368/2602/2311
f 2368/2602/2312 2149/2377/2312 2148/2375/2312 2361/2594/2312
f 2361/2594/2313 2148/2375/2313 2147/2373/2313 2354/2586/2313
f 2354/2586/2314 2147/2373/2314 2146/2370/2314 2347/2572/2314
f 2347/2572/2315 2146/2370/2315 2096/1359/2315 2244/1358/2315
f 1801/2009/2316 2095/2314/2316 2104/2317/2316 1804/2010/2316
f 1804/2010/2317 2104/2317/2317 2111/2331/2317 1805/2013/2317
f 1805/2013/2318 2111/2331/2318 2118/2339/2318 1806/2015/2318
f 1806/2015/2319 2118/2339/2319 2125/2347/2319 1807/2017/2319
f 1807/2017/2320 2125/2347/2320 2132/2355/2320 1808/2019/2320
f 1808/2019/2321 2132/2355/2321 2139/2363/2321 1809/2021/2321
f 1809/2021/2322 2139/2363/2322 2199/2436/2322 1893/2023/2322
f 1893/2023/2323 2199/2436/2323 2198/2434/2323 1886/2105/2323
f 1886/2105/2324 2198/2434/2324 2197/2432/2324 1879/2097/2324
f 1879/2097/2325 2197/2432/2325 2196/2430/2325 1872/2089/2325
f 1872/2089/2326 2196/2430/2326 2195/2428/2326 1865/2081/2326
f 1865/2081/2327 2195/2428/2327 2194/2425/2327 1858/2067/2327
f 1858/2067/2328 2194/2425/2328 2097/1344/2328 1802/1347/2328
f 2242/1348/2329 1948/1351/2329 1957/2164/2329 2245/2467/2329
f 2245/2467/2330 1957/2164/2330 1964/2180/2330 2246/2470/2330
f 2246/2470/2331 1964/2180/2331 1971/2189/2331 2247/2472/2331
f 2247/2472/2332 1971/2189/2332 1978/2198/2332 2248/2474/2332
f 2248/2474/2333 1978/2198/2333 1985/2207/2333 2249/2476/2333
f 2249/2476/2334 1985/2207/2334 1992/2216/2334 2250/2478/2334
f 2250/2478/2335 1992/2216/2335 2052/2283/2335 2334/2480/2335
f 2334/2480/2336 2052/2283/2336 2051/2281/2336 2327/2562/2336
f 2327/2562/2337 2051/2281/2337 2050/2279/2337 2320/2554/2337
f 2320/2554/2338 2050/2279/2338 2049/2277/2338 2313/2546/2338
f 2313/2546/2339 2049/2277/2339 2048/2275/2339 2306/2538/2339
f 2306/2538/2340 2048/2275/2340 2047/2272/2340 2299/2524/2340
f 2299/2524/2341 2047/2272/2341 1950/1346/2341 2243/1345/2341
f 1949/1341/2342 1803/1340/2342 1906/2115/2342 1999/2224/2342
f 1999/2224/2343 1906/2115/2343 1913/2129/2343 2000/2227/2343
f 2000/2227/2344 1913/2129/2344 1920/2137/2344 2001/2229/2344
f 2001/2229/2345 1920/2137/2345 1927/2145/2345 2002/2231/2345
f 2002/2231/2346 1927/2145/2346 1934/2153/2346 2003/2233/2346
f 2003/2233/2347 1934/2153/2347 1941/2078/2347 2004/2235/2347
f 2004/2235/2348 1941/2078/2348 1857/2076/2348 2088/2237/2348
f 2088/2237/2349 1857/2076/2349 1856/2074/2349 2081/2307/2349
f 2081/2307/2350 1856/2074/2350 1855/2072/2350 2074/2300/2350
f 2074/2300/2351 1855/2072/2351 1854/2070/2351 2067/2293/2351
f 2067/2293/2352 1854/2070/2352 1853/2068/2352 2060/2286/2352
f 2060/2286/2353 1853/2068/2353 1852/2065/2353 2053/2274/2353
f 2053/2274/2354 1852/2065/2354 1802/1347/2354 1950/1346/2354
f 1213/1360/2355 1801/2009/2355 1810/2012/2355 1216/1361/2355
f 1216/1361/2356 1810/2012/2356 1817/2026/2356 1217/1364/2356
f 1217/1364/2357 1817/2026/2357 1824/2034/2357 1218/1366/2357
f 1218/1366/2358 1824/2034/2358 1831/2042/2358 1219/1368/2358
f 1219/1368/2359 1831/2042/2359 1838/2050/2359 1220/1370/2359
f 1220/1370/2360 1838/2050/2360 1845/2058/2360 1221/1372/2360
f 1221/1372/2361 1845/2058/2361 1905/2126/2361 1305/1374/2361
f 1305/1470/2362 1905/2124/2362 1904/2122/2362 1298/1461/2362
f 1298/1461/2363 1904/2122/2363 1903/2120/2363 1291/1452/2363
f 1291/1452/2364 1903/2120/2364 1902/2118/2364 1284/1443/2364
f 1284/1443/2365 1902/2118/2365 1901/2116/2365 1277/1434/2365
f 1277/1434/2366 1901/2116/2366 1900/2113/2366 1270/1418/2366
f 1270/1418/2367 1900/2113/2367 1803/1340/2367 1214/1343/2367
f 1948/1351/2368 1361/1350/2368 1417/1583/2368 1951/2162/2368
f 1951/2162/2369 1417/1583/2369 1424/1599/2369 1952/2165/2369
f 1952/2165/2370 1424/1599/2370 1431/1608/2370 1953/2167/2370
f 1953/2167/2371 1431/1608/2371 1438/1617/2371 1954/2169/2371
f 1954/2169/2372 1438/1617/2372 1445/1626/2372 1955/2171/2372
f 1955/2171/2373 1445/1626/2373 1452/1635/2373 1956/2173/2373
f 1956/2175/2374 1452/1539/2374 1368/1537/2374 2040/2176/2374
f 2040/2176/2375 1368/1537/2375 1367/1535/2375 2033/2264/2375
f 2033/2264/2376 1367/1535/2376 1366/1533/2376 2026/2256/2376
f 2026/2256/2377 1366/1533/2377 1365/1531/2377 2019/2248/2377
f 2019/2248/2378 1365/1531/2378 1364/1529/2378 2012/2240/2378
f 2012/2240/2379 1364/1529/2379 1363/1526/2379 2005/2226/2379
f 2005/2226/2380 1363/1526/2380 1360/1342/2380 1949/1341/2380
f 1507/1691/2381 2095/2314/2381 1801/2009/2381 1213/1360/2381
o Cube.013
v -7.727172 0.375171 1.886910
v -7.727172 0.717452 1.932547
v -7.864084 0.717452 1.886910
v -7.727172 0.377666 1.892410
v -7.727172 0.385117 1.897831
v -7.727172 0.397415 1.903093
v -7.727172 0.414379 1.908119
v -7.727172 0.435758 1.912834
v -7.727172 0.461249 1.917172
v -7.743673 0.377666 1.886909
v -7.743914 0.380378 1.892543
v -7.744028 0.388355 1.898125
v -7.744077 0.401235 1.903443
v -7.744062 0.418450 1.908397
v -7.744031 0.439438 1.912931
v -7.744016 0.463778 1.917030
v -7.759937 0.385117 1.886909
v -7.760641 0.388310 1.892599
v -7.760916 0.396819 1.898250
v -7.760844 0.410034 1.903543
v -7.760557 0.427074 1.908355
v -7.760251 0.447187 1.912652
v -7.760067 0.469975 1.916469
v -7.775723 0.397415 1.886909
v -7.776688 0.401214 1.892607
v -7.776915 0.410064 1.898226
v -7.776510 0.423151 1.903418
v -7.775718 0.439400 1.908039
v -7.774921 0.458042 1.912071
v -7.774429 0.478872 1.915593
v -7.790799 0.414379 1.886909
v -7.791657 0.418532 1.892587
v -7.791509 0.427234 1.898112
v -7.790515 0.439509 1.903145
v -7.789016 0.454197 1.907543
v -7.787580 0.470725 1.911304
v -7.786694 0.489220 1.914534
v -7.804945 0.435758 1.886909
v -7.805326 0.439632 1.892560
v -7.804485 0.447452 1.897983
v -7.802690 0.458218 1.902860
v -7.800356 0.470785 1.907059
v -7.798131 0.484621 1.910565
v -7.796653 0.500018 1.913478
v -7.817961 0.461249 1.886909
v -7.817641 0.464031 1.892535
v -7.815960 0.470264 1.897891
v -7.813279 0.479044 1.902673
v -7.810061 0.489283 1.906755
v -7.806880 0.500030 1.910071
v -7.804371 0.510908 1.912642
v -7.743673 0.717452 1.932214
v -7.759937 0.717452 1.931221
v -7.775723 0.717452 1.929581
v -7.790799 0.717452 1.927319
v -7.804945 0.717452 1.924469
v -7.817961 0.717452 1.921070
v -7.727172 0.676199 1.932214
v -7.744073 0.675596 1.931853
v -7.760818 0.675312 1.930789
v -7.776773 0.675188 1.929072
v -7.791634 0.675225 1.926776
v -7.805236 0.675304 1.923978
v -7.817533 0.675342 1.920733
v -7.727172 0.635539 1.931221
v -7.744241 0.633779 1.930795
v -7.761194 0.633092 1.929661
v -7.777074 0.633271 1.927899
v -7.791509 0.633989 1.925627
v -7.804398 0.634754 1.922945
v -7.815849 0.635212 1.919906
v -7.727172 0.596073 1.929581
v -7.744265 0.593661 1.929075
v -7.761123 0.593094 1.927894
v -7.776696 0.594105 1.926150
v -7.790561 0.596086 1.923983
v -7.802657 0.598077 1.921497
v -7.813221 0.599309 1.918720
v -7.727172 0.558383 1.927319
v -7.744205 0.556239 1.926765
v -7.760780 0.556609 1.925605
v -7.775878 0.559094 1.923969
v -7.789074 0.562842 1.922010
v -7.800357 0.566432 1.919806
v -7.810044 0.568648 1.917340
v -7.727172 0.523018 1.924469
v -7.744123 0.522065 1.923952
v -7.760391 0.524167 1.922909
v -7.775023 0.528657 1.921474
v -7.787620 0.534492 1.919798
v -7.798138 0.540054 1.917953
v -7.806877 0.543748 1.915901
v -7.727172 0.490480 1.921070
v -7.744047 0.491279 1.920699
v -7.760115 0.495480 1.919868
v -7.774463 0.502184 1.918697
v -7.786707 0.510227 1.917332
v -7.796656 0.518181 1.915899
v -7.804371 0.524455 1.914449
v -7.863086 0.676199 1.886909
v -7.860106 0.635539 1.886909
v -7.855186 0.596073 1.886909
v -7.848401 0.558383 1.886909
v -7.839849 0.523018 1.886909
v -7.829653 0.490480 1.886909
v -7.863086 0.717452 1.892410
v -7.862001 0.675197 1.892490
v -7.858810 0.633335 1.892528
v -7.853659 0.593448 1.892545
v -7.846772 0.556296 1.892540
v -7.838377 0.522290 1.892529
v -7.828641 0.491547 1.892524
v -7.860106 0.717452 1.897831
v -7.858829 0.674779 1.898066
v -7.855425 0.632396 1.898157
v -7.850139 0.592697 1.898134
v -7.843323 0.556608 1.898038
v -7.835278 0.524387 1.897936
v -7.826162 0.495757 1.897875
v -7.855186 0.717452 1.903093
v -7.853667 0.674719 1.903415
v -7.850127 0.632574 1.903491
v -7.844892 0.593641 1.903356
v -7.838393 0.558979 1.903092
v -7.830935 0.528738 1.902826
v -7.822604 0.502328 1.902662
v -7.848401 0.717452 1.908119
v -7.846740 0.674869 1.908405
v -7.843259 0.633431 1.908355
v -7.838349 0.595686 1.908024
v -7.832474 0.562697 1.907524
v -7.825862 0.534490 1.907045
v -7.818464 0.510271 1.906750
v -7.839849 0.717452 1.912834
v -7.838300 0.675072 1.912961
v -7.835172 0.634403 1.912681
v -7.830865 0.597824 1.912082
v -7.825839 0.566332 1.911304
v -7.820304 0.540037 1.910563
v -7.814146 0.518189 1.910070
v -7.829653 0.717452 1.917172
v -7.828540 0.675263 1.917066
v -7.826047 0.635094 1.916506
v -7.822535 0.599224 1.915612
v -7.818439 0.568613 1.914539
v -7.814140 0.543741 1.913479
v -7.809789 0.524455 1.912642
v -7.727172 3.282548 1.932547
v -7.727172 3.624829 1.886910
v -7.864084 3.282548 1.886910
v -7.727172 3.323801 1.932214
v -7.727172 3.364460 1.931221
v -7.727172 3.403927 1.929581
v -7.727172 3.441617 1.927319
v -7.727172 3.476982 1.924469
v -7.727172 3.509520 1.921070
v -7.743673 3.282548 1.932214
v -7.743914 3.324803 1.931853
v -7.744028 3.366664 1.930789
v -7.744077 3.406552 1.929072
v -7.744062 3.443704 1.926776
v -7.744031 3.477710 1.923978
v -7.744016 3.508453 1.920733
v -7.759937 3.282548 1.931221
v -7.760641 3.325221 1.930795
v -7.760916 3.367604 1.929661
v -7.760844 3.407303 1.927899
v -7.760557 3.443392 1.925627
v -7.760251 3.475613 1.922945
v -7.760067 3.504242 1.919906
v -7.775723 3.282548 1.929581
v -7.776688 3.325281 1.929075
v -7.776915 3.367426 1.927894
v -7.776510 3.406359 1.926150
v -7.775718 3.441021 1.923983
v -7.774921 3.471262 1.921497
v -7.774429 3.497672 1.918720
v -7.790799 3.282548 1.927319
v -7.791657 3.325131 1.926765
v -7.791509 3.366569 1.925605
v -7.790515 3.404314 1.923969
v -7.789016 3.437303 1.922010
v -7.787580 3.465510 1.919806
v -7.786694 3.489729 1.917340
v -7.804945 3.282548 1.924469
v -7.805326 3.324928 1.923952
v -7.804485 3.365597 1.922909
v -7.802690 3.402176 1.921474
v -7.800356 3.433669 1.919798
v -7.798131 3.459963 1.917953
v -7.796653 3.481811 1.915901
v -7.817961 3.282548 1.921070
v -7.817641 3.324737 1.920699
v -7.815960 3.364906 1.919868
v -7.813279 3.400776 1.918697
v -7.810061 3.431387 1.917332
v -7.806880 3.456259 1.915899
v -7.804371 3.475545 1.914449
v -7.743673 3.622334 1.886909
v -7.759937 3.614883 1.886909
v -7.775723 3.602585 1.886909
v -7.790799 3.585621 1.886909
v -7.804945 3.564242 1.886909
v -7.817961 3.538751 1.886909
v -7.727172 3.622334 1.892410
v -7.744073 3.619622 1.892490
v -7.760818 3.611645 1.892528
v -7.776773 3.598765 1.892545
v -7.791634 3.581550 1.892540
v -7.805236 3.560562 1.892529
v -7.817533 3.536222 1.892524
v -7.727172 3.614883 1.897831
v -7.744241 3.611690 1.898066
v -7.761194 3.603181 1.898157
v -7.777074 3.589966 1.898134
v -7.791509 3.572927 1.898038
v -7.804398 3.552813 1.897936
v -7.815849 3.530025 1.897875
v -7.727172 3.602585 1.903093
v -7.744265 3.598786 1.903415
v -7.761123 3.589936 1.903491
v -7.776696 3.576849 1.903356
v -7.790561 3.560600 1.903092
v -7.802657 3.541958 1.902826
v -7.813221 3.521128 1.902662
v -7.727172 3.585621 1.908119
v -7.744205 3.581468 1.908405
v -7.760780 3.572766 1.908355
v -7.775878 3.560491 1.908024
v -7.789074 3.545803 1.907524
v -7.800357 3.529275 1.907045
v -7.810044 3.510780 1.906750
v -7.727172 3.564242 1.912834
v -7.744123 3.560368 1.912961
v -7.760391 3.552548 1.912681
v -7.775023 3.541782 1.912082
v -7.787620 3.529215 1.911304
v -7.798138 3.515379 1.910563
v -7.806877 3.499982 1.910070
v -7.727172 3.538751 1.917172
v -7.744047 3.535969 1.917066
v -7.760115 3.529736 1.916506
v -7.774463 3.520956 1.915612
v -7.786707 3.510717 1.914539
v -7.796656 3.499969 1.913479
v -7.804371 3.489092 1.912642
v -7.863086 3.282548 1.892410
v -7.860106 3.282548 1.897831
v -7.855186 3.282548 1.903093
v -7.848401 3.282548 1.908119
v -7.839849 3.282548 1.912834
v -7.829653 3.282548 1.917172
v -7.863086 3.323801 1.886909
v -7.862001 3.324404 1.892543
v -7.858810 3.324688 1.898125
v -7.853659 3.324812 1.903443
v -7.846772 3.324775 1.908397
v -7.838377 3.324697 1.912931
v -7.828641 3.324658 1.917030
v -7.860106 3.364460 1.886909
v -7.858829 3.366221 1.892599
v -7.855425 3.366908 1.898250
v -7.850139 3.366729 1.903543
v -7.843323 3.366011 1.908355
v -7.835278 3.365246 1.912652
v -7.826162 3.364788 1.916469
v -7.855186 3.403927 1.886909
v -7.853667 3.406339 1.892607
v -7.850127 3.406907 1.898226
v -7.844892 3.405895 1.903418
v -7.838393 3.403914 1.908039
v -7.830935 3.401923 1.912071
v -7.822604 3.400691 1.915593
v -7.848401 3.441617 1.886909
v -7.846740 3.443761 1.892587
v -7.843259 3.443391 1.898112
v -7.838349 3.440906 1.903145
v -7.832474 3.437158 1.907543
v -7.825862 3.433568 1.911304
v -7.818464 3.431353 1.914534
v -7.839849 3.476982 1.886909
v -7.838300 3.477935 1.892560
v -7.835172 3.475833 1.897983
v -7.830865 3.471343 1.902860
v -7.825839 3.465508 1.907059
v -7.820304 3.459946 1.910565
v -7.814146 3.456252 1.913478
v -7.829653 3.509520 1.886909
v -7.828540 3.508721 1.892535
v -7.826047 3.504520 1.897891
v -7.822535 3.497816 1.902673
v -7.818439 3.489773 1.906755
v -7.814140 3.481819 1.910071
v -7.809789 3.475545 1.912642
v -7.727172 0.375171 0.113090
v -7.864084 0.717452 0.113090
v -7.727172 0.717452 0.067453
v -7.743673 0.377666 0.113090
v -7.759937 0.385117 0.113090
v -7.775723 0.397415 0.113090
v -7.790799 0.414379 0.113090
v -7.804945 0.435758 0.113090
v -7.817961 0.461249 0.113090
v -7.727172 0.377666 0.107590
v -7.744073 0.380378 0.107510
v -7.760818 0.388355 0.107472
v -7.776773 0.401235 0.107455
v -7.791634 0.418450 0.107460
v -7.805236 0.439438 0.107471
v -7.817533 0.463778 0.107476
v -7.727172 0.385117 0.102169
v -7.744241 0.388310 0.101934
v -7.761194 0.396819 0.101842
v -7.777074 0.410034 0.101866
v -7.791509 0.427074 0.101962
v -7.804398 0.447187 0.102064
v -7.815849 0.469975 0.102125
v -7.727172 0.397415 0.096907
v -7.744265 0.401214 0.096585
v -7.761123 0.410064 0.096509
v -7.776696 0.423151 0.096644
v -7.790561 0.439400 0.096908
v -7.802657 0.458042 0.097174
v -7.813221 0.478872 0.097338
v -7.727172 0.414379 0.091881
v -7.744205 0.418532 0.091595
v -7.760780 0.427234 0.091645
v -7.775878 0.439509 0.091976
v -7.789074 0.454197 0.092476
v -7.800357 0.470725 0.092955
v -7.810044 0.489220 0.093250
v -7.727172 0.435758 0.087166
v -7.744123 0.439632 0.087039
v -7.760391 0.447452 0.087319
v -7.775023 0.458218 0.087918
v -7.787620 0.470785 0.088696
v -7.798138 0.484621 0.089437
v -7.806877 0.500018 0.089930
v -7.727172 0.461249 0.082827
v -7.744047 0.464031 0.082934
v -7.760115 0.470264 0.083494
v -7.774463 0.479044 0.084388
v -7.786707 0.489283 0.085460
v -7.796656 0.500030 0.086521
v -7.804371 0.510908 0.087358
v -7.863086 0.717452 0.107590
v -7.860106 0.717452 0.102169
v -7.855186 0.717452 0.096907
v -7.848401 0.717452 0.091881
v -7.839849 0.717452 0.087166
v -7.829653 0.717452 0.082827
v -7.863086 0.676199 0.113090
v -7.862001 0.675596 0.107457
v -7.858810 0.675312 0.101875
v -7.853659 0.675188 0.096557
v -7.846772 0.675225 0.091603
v -7.838377 0.675304 0.087069
v -7.828641 0.675342 0.082970
v -7.860106 0.635539 0.113090
v -7.858829 0.633779 0.107401
v -7.855425 0.633092 0.101750
v -7.850139 0.633271 0.096456
v -7.843323 0.633989 0.091645
v -7.835278 0.634754 0.087348
v -7.826162 0.635212 0.083531
v -7.855186 0.596073 0.113090
v -7.853667 0.593661 0.107393
v -7.850127 0.593094 0.101773
v -7.844892 0.594105 0.096582
v -7.838393 0.596086 0.091961
v -7.830935 0.598077 0.087929
v -7.822604 0.599309 0.084407
v -7.848401 0.558383 0.113090
v -7.846740 0.556239 0.107413
v -7.843259 0.556609 0.101888
v -7.838349 0.559094 0.096855
v -7.832474 0.562842 0.092457
v -7.825862 0.566432 0.088696
v -7.818464 0.568648 0.085466
v -7.839849 0.523018 0.113090
v -7.838300 0.522065 0.107440
v -7.835172 0.524167 0.102017
v -7.830865 0.528657 0.097140
v -7.825839 0.534492 0.092941
v -7.820304 0.540054 0.089435
v -7.814146 0.543748 0.086522
v -7.829653 0.490480 0.113090
v -7.828540 0.491279 0.107465
v -7.826047 0.495480 0.102109
v -7.822535 0.502184 0.097327
v -7.818439 0.510227 0.093245
v -7.814140 0.518181 0.089929
v -7.809789 0.524455 0.087358
v -7.727172 0.676199 0.067786
v -7.727172 0.635539 0.068779
v -7.727172 0.596073 0.070419
v -7.727172 0.558383 0.072681
v -7.727172 0.523018 0.075531
v -7.727172 0.490480 0.078930
v -7.743673 0.717452 0.067786
v -7.743914 0.675197 0.068147
v -7.744028 0.633335 0.069211
v -7.744077 0.593448 0.070928
v -7.744062 0.556296 0.073224
v -7.744031 0.522290 0.076022
v -7.744016 0.491547 0.079267
v -7.759937 0.717452 0.068779
v -7.760641 0.674779 0.069205
v -7.760916 0.632396 0.070339
v -7.760844 0.592697 0.072101
v -7.760557 0.556608 0.074373
v -7.760251 0.524387 0.077055
v -7.760067 0.495757 0.080094
v -7.775723 0.717452 0.070419
v -7.776688 0.674719 0.070925
v -7.776915 0.632574 0.072105
v -7.776510 0.593641 0.073850
v -7.775718 0.558979 0.076017
v -7.774921 0.528738 0.078503
v -7.774429 0.502328 0.081280
v -7.790799 0.717452 0.072681
v -7.791657 0.674869 0.073234
v -7.791509 0.633431 0.074395
v -7.790515 0.595686 0.076031
v -7.789016 0.562697 0.077990
v -7.787580 0.534490 0.080194
v -7.786694 0.510271 0.082660
v -7.804945 0.717452 0.075531
v -7.805326 0.675072 0.076048
v -7.804485 0.634403 0.077090
v -7.802690 0.597824 0.078526
v -7.800356 0.566332 0.080202
v -7.798131 0.540037 0.082046
v -7.796653 0.518189 0.084099
v -7.817961 0.717452 0.078930
v -7.817641 0.675263 0.079301
v -7.815960 0.635094 0.080132
v -7.813279 0.599224 0.081303
v -7.810061 0.568613 0.082668
v -7.806880 0.543741 0.084101
v -7.804371 0.524455 0.085551
v -7.727172 3.624829 0.113090
v -7.727172 3.282548 0.067453
v -7.864084 3.282548 0.113090
v -7.727172 3.622334 0.107590
v -7.727172 3.614883 0.102169
v -7.727172 3.602585 0.096907
v -7.727172 3.585621 0.091881
v -7.727172 3.564242 0.087166
v -7.727172 3.538751 0.082828
v -7.743673 3.622334 0.113091
v -7.743914 3.619622 0.107457
v -7.744028 3.611645 0.101875
v -7.744077 3.598765 0.096557
v -7.744062 3.581550 0.091603
v -7.744031 3.560562 0.087069
v -7.744016 3.536222 0.082970
v -7.759937 3.614883 0.113091
v -7.760641 3.611690 0.107401
v -7.760916 3.603181 0.101750
v -7.760844 3.589966 0.096457
v -7.760557 3.572927 0.091645
v -7.760251 3.552813 0.087349
v -7.760067 3.530025 0.083531
v -7.775723 3.602585 0.113091
v -7.776688 3.598786 0.107393
v -7.776915 3.589936 0.101774
v -7.776510 3.576849 0.096582
v -7.775718 3.560600 0.091961
v -7.774921 3.541958 0.087929
v -7.774429 3.521128 0.084407
v -7.790799 3.585621 0.113091
v -7.791657 3.581468 0.107413
v -7.791509 3.572766 0.101888
v -7.790515 3.560491 0.096855
v -7.789016 3.545803 0.092457
v -7.787580 3.529275 0.088696
v -7.786694 3.510780 0.085466
v -7.804945 3.564242 0.113091
v -7.805326 3.560368 0.107440
v -7.804485 3.552548 0.102017
v -7.802690 3.541782 0.097140
v -7.800356 3.529215 0.092941
v -7.798131 3.515379 0.089435
v -7.796653 3.499982 0.086522
v -7.817961 3.538751 0.113091
v -7.817641 3.535969 0.107465
v -7.815960 3.529736 0.102109
v -7.813279 3.520956 0.097327
v -7.810061 3.510717 0.093245
v -7.806880 3.499969 0.089929
v -7.804371 3.489092 0.087358
v -7.743673 3.282548 0.067786
v -7.759937 3.282548 0.068779
v -7.775723 3.282548 0.070419
v -7.790799 3.282548 0.072681
v -7.804945 3.282548 0.075531
v -7.817961 3.282548 0.078930
v -7.727172 3.323801 0.067786
v -7.744073 3.324404 0.068147
v -7.760818 3.324688 0.069211
v -7.776773 3.324812 0.070928
v -7.791634 3.324775 0.073224
v -7.805236 3.324697 0.076022
v -7.817533 3.324658 0.079267
v -7.727172 3.364460 0.068779
v -7.744241 3.366221 0.069205
v -7.761194 3.366908 0.070340
v -7.777074 3.366729 0.072101
v -7.791509 3.366011 0.074373
v -7.804398 3.365246 0.077055
v -7.815849 3.364788 0.080094
v -7.727172 3.403927 0.070419
v -7.744265 3.406339 0.070926
v -7.761123 3.406907 0.072106
v -7.776696 3.405895 0.073850
v -7.790561 3.403914 0.076017
v -7.802657 3.401923 0.078503
v -7.813221 3.400691 0.081280
v -7.727172 3.441617 0.072681
v -7.744205 3.443761 0.073235
v -7.760780 3.443391 0.074395
v -7.775878 3.440906 0.076032
v -7.789074 3.437158 0.077990
v -7.800357 3.433568 0.080194
v -7.810044 3.431353 0.082660
v -7.727172 3.476982 0.075531
v -7.744123 3.477935 0.076048
v -7.760391 3.475833 0.077090
v -7.775023 3.471343 0.078526
v -7.787620 3.465508 0.080202
v -7.798138 3.459946 0.082047
v -7.806877 3.456252 0.084099
v -7.727172 3.509520 0.078930
v -7.744047 3.508721 0.079301
v -7.760115 3.504520 0.080132
v -7.774463 3.497816 0.081303
v -7.786707 3.489773 0.082668
v -7.796656 3.481819 0.084101
v -7.804371 3.475545 0.085551
v -7.863086 3.323801 0.113091
v -7.860106 3.364460 0.113091
v -7.855186 3.403927 0.113091
v -7.848401 3.441617 0.113091
v -7.839849 3.476982 0.113091
v -7.829653 3.509520 0.113091
v -7.863086 3.282548 0.107590
v -7.862001 3.324803 0.107510
v -7.858810 3.366664 0.107472
v -7.853659 3.406552 0.107455
v -7.846772 3.443704 0.107460
v -7.838377 3.477710 0.107471
v -7.828641 3.508453 0.107476
v -7.860106 3.282548 0.102169
v -7.858829 3.325221 0.101934
v -7.855425 3.367604 0.101843
v -7.850139 3.407303 0.101866
v -7.843323 3.443392 0.101962
v -7.835278 3.475613 0.102064
v -7.826162 3.504242 0.102125
v -7.855186 3.282548 0.096907
v -7.853667 3.325281 0.096585
v -7.850127 3.367426 0.096509
v -7.844892 3.406359 0.096644
v -7.838393 3.441021 0.096908
v -7.830935 3.471262 0.097174
v -7.822604 3.497672 0.097338
v -7.848401 3.282548 0.091881
v -7.846740 3.325131 0.091595
v -7.843259 3.366569 0.091645
v -7.838349 3.404314 0.091976
v -7.832474 3.437303 0.092476
v -7.825862 3.465510 0.092955
v -7.818464 3.489729 0.093250
v -7.839849 3.282548 0.087166
v -7.838300 3.324928 0.087039
v -7.835172 3.365597 0.087319
v -7.830865 3.402176 0.087918
v -7.825839 3.433669 0.088696
v -7.820304 3.459963 0.089437
v -7.814146 3.481811 0.089930
v -7.829653 3.282548 0.082828
v -7.828540 3.324737 0.082934
v -7.826047 3.364906 0.083494
v -7.822535 3.400776 0.084388
v -7.818439 3.431387 0.085461
v -7.814140 3.456259 0.086521
v -7.809789 3.475545 0.087358
v -4.272828 0.375171 1.886910
v -4.135916 0.717452 1.886910
v -4.272828 0.717452 1.932547
v -4.256327 0.377666 1.886910
v -4.240063 0.385117 1.886910
v -4.224277 0.397415 1.886910
v -4.209201 0.414379 1.886910
v -4.195055 0.435758 1.886910
v -4.182039 0.461249 1.886910
v -4.272828 0.377666 1.892410
v -4.255927 0.380378 1.892490
v -4.239182 0.388355 1.892528
v -4.223227 0.401235 1.892545
v -4.208366 0.418450 1.892540
v -4.194764 0.439438 1.892529
v -4.182467 0.463778 1.892524
v -4.272828 0.385117 1.897831
v -4.255759 0.388310 1.898066
v -4.238806 0.396819 1.898158
v -4.222926 0.410034 1.898134
v -4.208491 0.427074 1.898038
v -4.195602 0.447187 1.897936
v -4.184151 0.469975 1.897875
v -4.272828 0.397415 1.903093
v -4.255735 0.401214 1.903415
v -4.238877 0.410064 1.903491
v -4.223304 0.423151 1.903356
v -4.209439 0.439400 1.903092
v -4.197343 0.458042 1.902826
v -4.186779 0.478872 1.902662
v -4.272828 0.414379 1.908119
v -4.255795 0.418532 1.908405
v -4.239220 0.427234 1.908355
v -4.224122 0.439509 1.908024
v -4.210926 0.454197 1.907524
v -4.199643 0.470725 1.907045
v -4.189956 0.489220 1.906750
v -4.272828 0.435758 1.912834
v -4.255877 0.439632 1.912961
v -4.239609 0.447452 1.912681
v -4.224977 0.458218 1.912082
v -4.212380 0.470785 1.911304
v -4.201862 0.484621 1.910563
v -4.193123 0.500018 1.910070
v -4.272828 0.461249 1.917173
v -4.255953 0.464031 1.917066
v -4.239885 0.470264 1.916506
v -4.225537 0.479044 1.915612
v -4.213293 0.489283 1.914540
v -4.203344 0.500030 1.913479
v -4.195629 0.510908 1.912642
v -4.136914 0.717452 1.892410
v -4.139894 0.717452 1.897831
v -4.144814 0.717452 1.903093
v -4.151599 0.717452 1.908119
v -4.160151 0.717452 1.912834
v -4.170347 0.717452 1.917173
v -4.136914 0.676199 1.886910
v -4.137999 0.675596 1.892544
v -4.141190 0.675312 1.898125
v -4.146341 0.675188 1.903443
v -4.153228 0.675225 1.908397
v -4.161623 0.675304 1.912931
v -4.171359 0.675342 1.917030
v -4.139894 0.635539 1.886910
v -4.141171 0.633779 1.892599
v -4.144575 0.633092 1.898250
v -4.149861 0.633271 1.903544
v -4.156677 0.633989 1.908355
v -4.164722 0.634754 1.912652
v -4.173838 0.635212 1.916469
v -4.144814 0.596073 1.886910
v -4.146333 0.593661 1.892607
v -4.149873 0.593094 1.898226
v -4.155108 0.594105 1.903418
v -4.161607 0.596086 1.908039
v -4.169065 0.598077 1.912071
v -4.177396 0.599309 1.915593
v -4.151599 0.558383 1.886910
v -4.153260 0.556239 1.892587
v -4.156741 0.556609 1.898112
v -4.161651 0.559094 1.903145
v -4.167526 0.562842 1.907543
v -4.174138 0.566432 1.911304
v -4.181536 0.568648 1.914534
v -4.160151 0.523018 1.886910
v -4.161700 0.522065 1.892560
v -4.164828 0.524167 1.897983
v -4.169135 0.528657 1.902860
v -4.174161 0.534492 1.907059
v -4.179696 0.540054 1.910565
v -4.185854 0.543748 1.913478
v -4.170347 0.490480 1.886910
v -4.171460 0.491279 1.892535
v -4.173953 0.495480 1.897891
v -4.177465 0.502184 1.902673
v -4.181561 0.510227 1.906755
v -4.185860 0.518181 1.910071
v -4.190211 0.524455 1.912642
v -4.272828 0.676199 1.932214
v -4.272828 0.635539 1.931221
v -4.272828 0.596073 1.929581
v -4.272828 0.558383 1.927319
v -4.272828 0.523018 1.924469
v -4.272828 0.490480 1.921070
v -4.256327 0.717452 1.932214
v -4.256086 0.675197 1.931853
v -4.255972 0.633335 1.930789
v -4.255923 0.593448 1.929072
v -4.255938 0.556296 1.926776
v -4.255969 0.522290 1.923978
v -4.255984 0.491547 1.920733
v -4.240063 0.717452 1.931221
v -4.239359 0.674779 1.930795
v -4.239084 0.632396 1.929661
v -4.239156 0.592697 1.927899
v -4.239443 0.556608 1.925627
v -4.239749 0.524387 1.922945
v -4.239933 0.495757 1.919906
v -4.224277 0.717452 1.929581
v -4.223312 0.674719 1.929075
v -4.223085 0.632574 1.927895
v -4.223490 0.593641 1.926150
v -4.224282 0.558979 1.923983
v -4.225079 0.528738 1.921497
v -4.225571 0.502328 1.918720
v -4.209201 0.717452 1.927319
v -4.208343 0.674869 1.926766
v -4.208491 0.633431 1.925605
v -4.209485 0.595686 1.923969
v -4.210984 0.562697 1.922010
v -4.212420 0.534490 1.919806
v -4.213306 0.510271 1.917341
v -4.195055 0.717452 1.924469
v -4.194674 0.675072 1.923952
v -4.195515 0.634403 1.922910
v -4.197310 0.597824 1.921474
v -4.199644 0.566332 1.919798
v -4.201869 0.540037 1.917954
v -4.203347 0.518189 1.915901
v -4.182039 0.717452 1.921070
v -4.182359 0.675263 1.920699
v -4.184040 0.635094 1.919868
v -4.186721 0.599224 1.918697
v -4.189939 0.568613 1.917332
v -4.193120 0.543741 1.915899
v -4.195629 0.524455 1.914449
v -4.272828 3.624829 1.886910
v -4.272828 3.282548 1.932547
v -4.135916 3.282548 1.886910
v -4.272828 3.622334 1.892410
v -4.272828 3.614883 1.897831
v -4.272828 3.602585 1.903093
v -4.272828 3.585621 1.908119
v -4.272828 3.564242 1.912834
v -4.272828 3.538751 1.917172
v -4.256327 3.622334 1.886909
v -4.256086 3.619622 1.892543
v -4.255972 3.611645 1.898125
v -4.255923 3.598765 1.903443
v -4.255938 3.581550 1.908397
v -4.255969 3.560562 1.912931
v -4.255984 3.536222 1.917030
v -4.240063 3.614883 1.886909
v -4.239359 3.611690 1.892599
v -4.239084 3.603181 1.898250
v -4.239156 3.589966 1.903543
v -4.239443 3.572927 1.908355
v -4.239749 3.552813 1.912652
v -4.239933 3.530025 1.916469
v -4.224277 3.602585 1.886909
v -4.223312 3.598786 1.892607
v -4.223085 3.589936 1.898226
v -4.223490 3.576849 1.903418
v -4.224282 3.560600 1.908039
v -4.225079 3.541958 1.912071
v -4.225571 3.521128 1.915593
v -4.209201 3.585621 1.886909
v -4.208343 3.581468 1.892587
v -4.208491 3.572766 1.898112
v -4.209485 3.560491 1.903145
v -4.210984 3.545803 1.907543
v -4.212420 3.529275 1.911304
v -4.213306 3.510780 1.914534
v -4.195055 3.564242 1.886909
v -4.194674 3.560368 1.892560
v -4.195515 3.552548 1.897983
v -4.197310 3.541782 1.902860
v -4.199644 3.529215 1.907059
v -4.201869 3.515379 1.910565
v -4.203347 3.499982 1.913478
v -4.182039 3.538751 1.886909
v -4.182359 3.535969 1.892535
v -4.184040 3.529736 1.897891
v -4.186721 3.520956 1.902673
v -4.189939 3.510717 1.906755
v -4.193120 3.499969 1.910071
v -4.195629 3.489092 1.912642
v -4.256327 3.282548 1.932214
v -4.240063 3.282548 1.931221
v -4.224277 3.282548 1.929581
v -4.209201 3.282548 1.927319
v -4.195055 3.282548 1.924469
v -4.182039 3.282548 1.921070
v -4.272828 3.323801 1.932214
v -4.255927 3.324404 1.931853
v -4.239182 3.324688 1.930789
v -4.223227 3.324812 1.929072
v -4.208366 3.324775 1.926776
v -4.194764 3.324697 1.923978
v -4.182467 3.324658 1.920733
v -4.272828 3.364460 1.931221
v -4.255759 3.366221 1.930795
v -4.238806 3.366908 1.929661
v -4.222926 3.366729 1.927899
v -4.208491 3.366011 1.925627
v -4.195602 3.365246 1.922945
v -4.184151 3.364788 1.919906
v -4.272828 3.403927 1.929581
v -4.255735 3.406339 1.929075
v -4.238877 3.406907 1.927894
v -4.223304 3.405895 1.926150
v -4.209439 3.403914 1.923983
v -4.197343 3.401923 1.921497
v -4.186779 3.400691 1.918720
v -4.272828 3.441617 1.927319
v -4.255795 3.443761 1.926765
v -4.239220 3.443391 1.925605
v -4.224122 3.440906 1.923969
v -4.210926 3.437158 1.922010
v -4.199643 3.433568 1.919806
v -4.189956 3.431353 1.917340
v -4.272828 3.476982 1.924469
v -4.255877 3.477935 1.923952
v -4.239609 3.475833 1.922909
v -4.224977 3.471343 1.921474
v -4.212380 3.465508 1.919798
v -4.201862 3.459946 1.917953
v -4.193123 3.456252 1.915901
v -4.272828 3.509520 1.921070
v -4.255953 3.508721 1.920699
v -4.239885 3.504520 1.919868
v -4.225537 3.497816 1.918697
v -4.213293 3.489773 1.917332
v -4.203344 3.481819 1.915899
v -4.195629 3.475545 1.914449
v -4.136914 3.323801 1.886909
v -4.139894 3.364460 1.886909
v -4.144814 3.403927 1.886909
v -4.151599 3.441617 1.886909
v -4.160151 3.476982 1.886909
v -4.170347 3.509520 1.886909
v -4.136914 3.282548 1.892410
v -4.137999 3.324803 1.892490
v -4.141190 3.366664 1.892528
v -4.146341 3.406552 1.892545
v -4.153228 3.443704 1.892540
v -4.161623 3.477710 1.892529
v -4.171359 3.508453 1.892524
v -4.139894 3.282548 1.897831
v -4.141171 3.325221 1.898066
v -4.144575 3.367604 1.898157
v -4.149861 3.407303 1.898134
v -4.156677 3.443392 1.898038
v -4.164722 3.475613 1.897936
v -4.173838 3.504242 1.897875
v -4.144814 3.282548 1.903093
v -4.146333 3.325281 1.903415
v -4.149873 3.367426 1.903491
v -4.155108 3.406359 1.903356
v -4.161607 3.441021 1.903092
v -4.169065 3.471262 1.902826
v -4.177396 3.497672 1.902662
v -4.151599 3.282548 1.908119
v -4.153260 3.325131 1.908405
v -4.156741 3.366569 1.908355
v -4.161651 3.404314 1.908024
v -4.167526 3.437303 1.907524
v -4.174138 3.465510 1.907045
v -4.181536 3.489729 1.906750
v -4.160151 3.282548 1.912834
v -4.161700 3.324928 1.912961
v -4.164828 3.365597 1.912681
v -4.169135 3.402176 1.912082
v -4.174161 3.433669 1.911304
v -4.179696 3.459963 1.910563
v -4.185854 3.481811 1.910070
v -4.170347 3.282548 1.917172
v -4.171460 3.324737 1.917066
v -4.173953 3.364906 1.916506
v -4.177465 3.400776 1.915612
v -4.181561 3.431387 1.914539
v -4.185860 3.456259 1.913479
v -4.190211 3.475545 1.912642
v -4.272828 0.375171 0.113090
v -4.272828 0.717452 0.067453
v -4.135916 0.717452 0.113090
v -4.272828 0.377666 0.107590
v -4.272828 0.385117 0.102169
v -4.272828 0.397415 0.096907
v -4.272828 0.414379 0.091881
v -4.272828 0.435758 0.087166
v -4.272828 0.461249 0.082828
v -4.256327 0.377666 0.113091
v -4.256086 0.380378 0.107457
v -4.255972 0.388355 0.101875
v -4.255923 0.401235 0.096557
v -4.255938 0.418450 0.091603
v -4.255969 0.439438 0.087069
v -4.255984 0.463778 0.082970
v -4.240063 0.385117 0.113091
v -4.239359 0.388310 0.107401
v -4.239084 0.396819 0.101750
v -4.239156 0.410034 0.096457
v -4.239443 0.427074 0.091645
v -4.239749 0.447187 0.087349
v -4.239933 0.469975 0.083531
v -4.224277 0.397415 0.113091
v -4.223312 0.401214 0.107393
v -4.223085 0.410064 0.101774
v -4.223490 0.423151 0.096582
v -4.224282 0.439400 0.091961
v -4.225079 0.458042 0.087929
v -4.225571 0.478872 0.084407
v -4.209201 0.414379 0.113091
v -4.208343 0.418532 0.107413
v -4.208491 0.427234 0.101888
v -4.209485 0.439509 0.096855
v -4.210984 0.454197 0.092457
v -4.212420 0.470725 0.088696
v -4.213306 0.489220 0.085466
v -4.195055 0.435758 0.113091
v -4.194674 0.439632 0.107440
v -4.195515 0.447452 0.102017
v -4.197310 0.458218 0.097140
v -4.199644 0.470785 0.092941
v -4.201869 0.484621 0.089435
v -4.203347 0.500018 0.086522
v -4.182039 0.461249 0.113091
v -4.182359 0.464031 0.107465
v -4.184040 0.470264 0.102109
v -4.186721 0.479044 0.097327
v -4.189939 0.489283 0.093245
v -4.193120 0.500030 0.089929
v -4.195629 0.510908 0.087358
v -4.256327 0.717452 0.067786
v -4.240063 0.717452 0.068779
v -4.224277 0.717452 0.070419
v -4.209201 0.717452 0.072681
v -4.195055 0.717452 0.075531
v -4.182039 0.717452 0.078930
v -4.272828 0.676199 0.067786
v -4.255927 0.675596 0.068147
v -4.239182 0.675312 0.069211
v -4.223227 0.675188 0.070928
v -4.208366 0.675225 0.073224
v -4.194764 0.675304 0.076022
v -4.182467 0.675342 0.079267
v -4.272828 0.635539 0.068779
v -4.255759 0.633779 0.069205
v -4.238806 0.633092 0.070340
v -4.222926 0.633271 0.072101
v -4.208491 0.633989 0.074373
v -4.195602 0.634754 0.077055
v -4.184151 0.635212 0.080094
v -4.272828 0.596073 0.070419
v -4.255735 0.593661 0.070926
v -4.238877 0.593094 0.072106
v -4.223304 0.594105 0.073850
v -4.209439 0.596086 0.076017
v -4.197343 0.598077 0.078503
v -4.186779 0.599309 0.081280
v -4.272828 0.558383 0.072681
v -4.255795 0.556239 0.073235
v -4.239220 0.556609 0.074395
v -4.224122 0.559094 0.076032
v -4.210926 0.562842 0.077990
v -4.199643 0.566432 0.080194
v -4.189956 0.568648 0.082660
v -4.272828 0.523018 0.075531
v -4.255877 0.522065 0.076048
v -4.239609 0.524167 0.077090
v -4.224977 0.528657 0.078526
v -4.212380 0.534492 0.080202
v -4.201862 0.540054 0.082047
v -4.193123 0.543748 0.084099
v -4.272828 0.490480 0.078930
v -4.255953 0.491279 0.079301
v -4.239885 0.495480 0.080132
v -4.225537 0.502184 0.081303
v -4.213293 0.510227 0.082668
v -4.203344 0.518181 0.084101
v -4.195629 0.524455 0.085551
v -4.136914 0.676199 0.113091
v -4.139894 0.635539 0.113091
v -4.144814 0.596073 0.113091
v -4.151599 0.558383 0.113091
v -4.160151 0.523018 0.113091
v -4.170347 0.490480 0.113091
v -4.136914 0.717452 0.107590
v -4.137999 0.675197 0.107510
v -4.141190 0.633335 0.107472
v -4.146341 0.593448 0.107455
v -4.153228 0.556296 0.107460
v -4.161623 0.522290 0.107471
v -4.171359 0.491547 0.107476
v -4.139894 0.717452 0.102169
v -4.141171 0.674779 0.101934
v -4.144575 0.632396 0.101843
v -4.149861 0.592697 0.101866
v -4.156677 0.556608 0.101962
v -4.164722 0.524387 0.102064
v -4.173838 0.495757 0.102125
v -4.144814 0.717452 0.096907
v -4.146333 0.674719 0.096585
v -4.149873 0.632574 0.096509
v -4.155108 0.593641 0.096644
v -4.161607 0.558979 0.096908
v -4.169065 0.528738 0.097174
v -4.177396 0.502328 0.097338
v -4.151599 0.717452 0.091881
v -4.153260 0.674869 0.091595
v -4.156741 0.633431 0.091645
v -4.161651 0.595686 0.091976
v -4.167526 0.562697 0.092476
v -4.174138 0.534490 0.092955
v -4.181536 0.510271 0.093250
v -4.160151 0.717452 0.087166
v -4.161700 0.675072 0.087039
v -4.164828 0.634403 0.087319
v -4.169135 0.597824 0.087918
v -4.174161 0.566332 0.088696
v -4.179696 0.540037 0.089437
v -4.185854 0.518189 0.089930
v -4.170347 0.717452 0.082828
v -4.171460 0.675263 0.082934
v -4.173953 0.635094 0.083494
v -4.177465 0.599224 0.084388
v -4.181561 0.568613 0.085461
v -4.185860 0.543741 0.086521
v -4.190211 0.524455 0.087358
v -4.272828 3.624829 0.113090
v -4.135916 3.282548 0.113090
v -4.272828 3.282548 0.067453
v -4.256327 3.622334 0.113090
v -4.240063 3.614883 0.113090
v -4.224277 3.602585 0.113090
v -4.209201 3.585621 0.113090
v -4.195055 3.564242 0.113090
v -4.182039 3.538751 0.113090
v -4.272828 3.622334 0.107590
v -4.255927 3.619622 0.107510
v -4.239182 3.611645 0.107472
v -4.223227 3.598765 0.107455
v -4.208366 3.581550 0.107460
v -4.194764 3.560562 0.107471
v -4.182467 3.536222 0.107476
v -4.272828 3.614883 0.102169
v -4.255759 3.611690 0.101934
v -4.238806 3.603181 0.101842
v -4.222926 3.589966 0.101866
v -4.208491 3.572927 0.101962
v -4.195602 3.552813 0.102064
v -4.184151 3.530025 0.102125
v -4.272828 3.602585 0.096907
v -4.255735 3.598786 0.096585
v -4.238877 3.589936 0.096509
v -4.223304 3.576849 0.096644
v -4.209439 3.560600 0.096908
v -4.197343 3.541958 0.097174
v -4.186779 3.521128 0.097338
v -4.272828 3.585621 0.091881
v -4.255795 3.581468 0.091595
v -4.239220 3.572766 0.091645
v -4.224122 3.560491 0.091976
v -4.210926 3.545803 0.092476
v -4.199643 3.529275 0.092955
v -4.189956 3.510780 0.093250
v -4.272828 3.564242 0.087166
v -4.255877 3.560368 0.087039
v -4.239609 3.552548 0.087319
v -4.224977 3.541782 0.087918
v -4.212380 3.529215 0.088696
v -4.201862 3.515379 0.089437
v -4.193123 3.499982 0.089930
v -4.272828 3.538751 0.082827
v -4.255953 3.535969 0.082934
v -4.239885 3.529736 0.083494
v -4.225537 3.520956 0.084388
v -4.213293 3.510717 0.085460
v -4.203344 3.499969 0.086521
v -4.195629 3.489092 0.087358
v -4.136914 3.282548 0.107590
v -4.139894 3.282548 0.102169
v -4.144814 3.282548 0.096907
v -4.151599 3.282548 0.091881
v -4.160151 3.282548 0.087166
v -4.170347 3.282548 0.082827
v -4.136914 3.323801 0.113090
v -4.137999 3.324404 0.107457
v -4.141190 3.324688 0.101875
v -4.146341 3.324812 0.096557
v -4.153228 3.324775 0.091603
v -4.161623 3.324697 0.087069
v -4.171359 3.324658 0.082970
v -4.139894 3.364460 0.113090
v -4.141171 3.366221 0.107401
v -4.144575 3.366908 0.101750
v -4.149861 3.366729 0.096456
v -4.156677 3.366011 0.091645
v -4.164722 3.365246 0.087348
v -4.173838 3.364788 0.083531
v -4.144814 3.403927 0.113090
v -4.146333 3.406339 0.107393
v -4.149873 3.406907 0.101773
v -4.155108 3.405895 0.096582
v -4.161607 3.403914 0.091961
v -4.169065 3.401923 0.087929
v -4.177396 3.400691 0.084407
v -4.151599 3.441617 0.113090
v -4.153260 3.443761 0.107413
v -4.156741 3.443391 0.101888
v -4.161651 3.440906 0.096855
v -4.167526 3.437158 0.092457
v -4.174138 3.433568 0.088696
v -4.181536 3.431353 0.085466
v -4.160151 3.476982 0.113090
v -4.161700 3.477935 0.107440
v -4.164828 3.475833 0.102017
v -4.169135 3.471343 0.097140
v -4.174161 3.465508 0.092941
v -4.179696 3.459946 0.089435
v -4.185854 3.456252 0.086522
v -4.170347 3.509520 0.113090
v -4.171460 3.508721 0.107465
v -4.173953 3.504520 0.102109
v -4.177465 3.497816 0.097327
v -4.181561 3.489773 0.093245
v -4.185860 3.481819 0.089929
v -4.190211 3.475545 0.087358
v -4.272828 3.323801 0.067786
v -4.272828 3.364460 0.068779
v -4.272828 3.403927 0.070419
v -4.272828 3.441617 0.072681
v -4.272828 3.476982 0.075531
v -4.272828 3.509520 0.078930
v -4.256327 3.282548 0.067786
v -4.256086 3.324803 0.068147
v -4.255972 3.366664 0.069211
v -4.255923 3.406552 0.070928
v -4.255938 3.443704 0.073224
v -4.255969 3.477710 0.076022
v -4.255984 3.508453 0.079267
v -4.240063 3.282548 0.068779
v -4.239359 3.325221 0.069205
v -4.239084 3.367604 0.070339
v -4.239156 3.407303 0.072101
v -4.239443 3.443392 0.074373
v -4.239749 3.475613 0.077055
v -4.239933 3.504242 0.080094
v -4.224277 3.282548 0.070419
v -4.223312 3.325281 0.070925
v -4.223085 3.367426 0.072105
v -4.223490 3.406359 0.073850
v -4.224282 3.441021 0.076017
v -4.225079 3.471262 0.078503
v -4.225571 3.497672 0.081280
v -4.209201 3.282548 0.072681
v -4.208343 3.325131 0.073234
v -4.208491 3.366569 0.074395
v -4.209485 3.404314 0.076031
v -4.210984 3.437303 0.077990
v -4.212420 3.465510 0.080194
v -4.213306 3.489729 0.082660
v -4.195055 3.282548 0.075531
v -4.194674 3.324928 0.076048
v -4.195515 3.365597 0.077090
v -4.197310 3.402176 0.078526
v -4.199644 3.433669 0.080202
v -4.201869 3.459963 0.082046
v -4.203347 3.481811 0.084099
v -4.182039 3.282548 0.078930
v -4.182359 3.324737 0.079301
v -4.184040 3.364906 0.080132
v -4.186721 3.400776 0.081303
v -4.189939 3.431387 0.082668
v -4.193120 3.456259 0.084101
v -4.195629 3.475545 0.085551
vn -0.0000 -0.0000 1.0000
vn 1.0000 -0.0000 -0.0000
vn -0.0000 1.0000 -0.0000
vn -1.0000 -0.0000 -0.0000
vn -0.0000 -0.0000 -1.0000
vn -0.1390 -0.8982 0.4170
vn -0.0922 -0.5786 0.8104
vn -0.0633 -0.3867 0.9200
vn -0.0475 -0.2799 0.9588
vn -0.0381 -0.2131 0.9763
vn -0.0321 -0.1669 0.9855
vn -0.0281 -0.1322 0.9908
vn -0.3866 -0.8306 0.4009
vn -0.2628 -0.5475 0.7945
vn -0.1838 -0.3702 0.9106
vn -0.1399 -0.2703 0.9526
vn -0.1135 -0.2078 0.9716
vn -0.0967 -0.1645 0.9816
vn -0.0855 -0.1318 0.9876
vn -0.5781 -0.7304 0.3638
vn -0.4120 -0.5045 0.7587
vn -0.2949 -0.3492 0.8894
vn -0.2270 -0.2587 0.9389
vn -0.1854 -0.2014 0.9618
vn -0.1587 -0.1614 0.9740
vn -0.1411 -0.1310 0.9813
vn -0.7121 -0.6239 0.3221
vn -0.5339 -0.4549 0.7127
vn -0.3928 -0.3251 0.8602
vn -0.3061 -0.2455 0.9198
vn -0.2516 -0.1941 0.9482
vn -0.2164 -0.1578 0.9635
vn -0.1935 -0.1297 0.9725
vn -0.8021 -0.5251 0.2843
vn -0.6288 -0.4030 0.6650
vn -0.4754 -0.2984 0.8276
vn -0.3753 -0.2304 0.8978
vn -0.3107 -0.1857 0.9322
vn -0.2682 -0.1536 0.9510
vn -0.2411 -0.1283 0.9620
vn -0.8625 -0.4378 0.2537
vn -0.7001 -0.3512 0.6217
vn -0.5423 -0.2691 0.7959
vn -0.4331 -0.2126 0.8759
vn -0.3609 -0.1749 0.9161
vn -0.3127 -0.1484 0.9382
vn -0.2819 -0.1268 0.9510
vn -0.0206 -0.0083 0.9998
vn -0.0621 -0.0085 0.9980
vn -0.1051 -0.0087 0.9944
vn -0.1505 -0.0090 0.9886
vn -0.1995 -0.0093 0.9799
vn -0.2539 -0.0099 0.9672
vn -0.3161 -0.0108 0.9487
vn -0.0214 -0.0248 0.9995
vn -0.0643 -0.0255 0.9976
vn -0.1087 -0.0263 0.9937
vn -0.1547 -0.0273 0.9876
vn -0.2034 -0.0285 0.9787
vn -0.2563 -0.0303 0.9661
vn -0.3158 -0.0328 0.9483
vn -0.0221 -0.0422 0.9989
vn -0.0666 -0.0434 0.9968
vn -0.1124 -0.0447 0.9927
vn -0.1591 -0.0461 0.9862
vn -0.2074 -0.0480 0.9771
vn -0.2587 -0.0506 0.9646
vn -0.3155 -0.0544 0.9474
vn -0.0229 -0.0607 0.9979
vn -0.0693 -0.0623 0.9956
vn -0.1166 -0.0639 0.9911
vn -0.1639 -0.0654 0.9843
vn -0.2117 -0.0674 0.9750
vn -0.2612 -0.0704 0.9627
vn -0.3152 -0.0753 0.9460
vn -0.0240 -0.0812 0.9964
vn -0.0729 -0.0827 0.9939
vn -0.1219 -0.0840 0.9890
vn -0.1700 -0.0853 0.9817
vn -0.2170 -0.0868 0.9723
vn -0.2642 -0.0894 0.9603
vn -0.3148 -0.0947 0.9444
vn -0.0256 -0.1045 0.9942
vn -0.0780 -0.1054 0.9914
vn -0.1296 -0.1060 0.9859
vn -0.1791 -0.1063 0.9781
vn -0.2255 -0.1066 0.9684
vn -0.2690 -0.1076 0.9571
vn -0.3142 -0.1118 0.9427
vn -0.9829 -0.0243 0.1826
vn -0.9796 -0.0732 0.1872
vn -0.9737 -0.1235 0.1913
vn -0.9645 -0.1762 0.1966
vn -0.9510 -0.2323 0.2040
vn -0.9315 -0.2934 0.2148
vn -0.9035 -0.3612 0.2308
vn -0.8728 -0.0225 0.4875
vn -0.8646 -0.0669 0.4980
vn -0.8537 -0.1120 0.5086
vn -0.8389 -0.1577 0.5210
vn -0.8187 -0.2041 0.5368
vn -0.7909 -0.2518 0.5577
vn -0.7527 -0.3008 0.5857
vn -0.7249 -0.0193 0.6886
vn -0.7130 -0.0572 0.6988
vn -0.6992 -0.0950 0.7086
vn -0.6826 -0.1321 0.7187
vn -0.6615 -0.1685 0.7308
vn -0.6331 -0.2037 0.7468
vn -0.5943 -0.2375 0.7684
vn -0.5896 -0.0162 0.8075
vn -0.5783 -0.0483 0.8144
vn -0.5660 -0.0799 0.8205
vn -0.5524 -0.1104 0.8263
vn -0.5355 -0.1395 0.8330
vn -0.5120 -0.1667 0.8426
vn -0.4787 -0.1914 0.8569
vn -0.4788 -0.0138 0.8778
vn -0.4707 -0.0414 0.8813
vn -0.4623 -0.0684 0.8841
vn -0.4535 -0.0942 0.8863
vn -0.4427 -0.1185 0.8888
vn -0.4265 -0.1408 0.8935
vn -0.4001 -0.1600 0.9024
vn -0.3895 -0.0120 0.9209
vn -0.3855 -0.0364 0.9220
vn -0.3815 -0.0602 0.9224
vn -0.3773 -0.0829 0.9224
vn -0.3724 -0.1040 0.9222
vn -0.3649 -0.1230 0.9229
vn -0.3476 -0.1390 0.9273
vn -0.3137 -0.1255 0.9412
vn -0.0206 0.0083 0.9998
vn -0.0212 0.0249 0.9995
vn -0.0218 0.0422 0.9989
vn -0.0226 0.0608 0.9979
vn -0.0238 0.0812 0.9964
vn -0.0255 0.1044 0.9942
vn -0.0281 0.1321 0.9908
vn -0.0619 0.0086 0.9980
vn -0.0638 0.0257 0.9976
vn -0.0660 0.0436 0.9969
vn -0.0687 0.0624 0.9957
vn -0.0724 0.0826 0.9939
vn -0.0777 0.1052 0.9914
vn -0.0854 0.1315 0.9876
vn -0.1050 0.0088 0.9944
vn -0.1082 0.0266 0.9938
vn -0.1118 0.0449 0.9927
vn -0.1160 0.0639 0.9912
vn -0.1214 0.0840 0.9890
vn -0.1292 0.1058 0.9860
vn -0.1410 0.1307 0.9813
vn -0.1504 0.0091 0.9886
vn -0.1545 0.0275 0.9876
vn -0.1589 0.0464 0.9862
vn -0.1636 0.0656 0.9843
vn -0.1697 0.0853 0.9818
vn -0.1789 0.1062 0.9781
vn -0.1934 0.1296 0.9725
vn -0.1996 0.0094 0.9798
vn -0.2036 0.0287 0.9786
vn -0.2076 0.0482 0.9770
vn -0.2117 0.0675 0.9750
vn -0.2169 0.0868 0.9723
vn -0.2254 0.1066 0.9684
vn -0.2410 0.1282 0.9620
vn -0.2541 0.0100 0.9671
vn -0.2567 0.0304 0.9660
vn -0.2591 0.0507 0.9645
vn -0.2615 0.0705 0.9626
vn -0.2643 0.0894 0.9603
vn -0.2690 0.1076 0.9571
vn -0.2819 0.1268 0.9510
vn -0.1390 0.8982 0.4170
vn -0.3882 0.8315 0.3973
vn -0.5799 0.7313 0.3591
vn -0.7132 0.6246 0.3182
vn -0.8027 0.5256 0.2818
vn -0.8627 0.4382 0.2526
vn -0.9034 0.3615 0.2308
vn -0.0933 0.5797 0.8095
vn -0.2660 0.5499 0.7918
vn -0.4157 0.5070 0.7551
vn -0.5367 0.4569 0.7094
vn -0.6302 0.4044 0.6628
vn -0.7005 0.3521 0.6207
vn -0.7522 0.3012 0.5860
vn -0.0643 0.3873 0.9197
vn -0.1861 0.3713 0.9097
vn -0.2976 0.3505 0.8880
vn -0.3947 0.3263 0.8589
vn -0.4765 0.2993 0.8267
vn -0.5426 0.2697 0.7955
vn -0.5939 0.2378 0.7686
vn -0.0482 0.2800 0.9588
vn -0.1412 0.2705 0.9523
vn -0.2284 0.2589 0.9385
vn -0.3070 0.2459 0.9194
vn -0.3758 0.2308 0.8975
vn -0.4332 0.2129 0.8758
vn -0.4784 0.1915 0.8570
vn -0.0385 0.2130 0.9763
vn -0.1142 0.2076 0.9715
vn -0.1860 0.2012 0.9617
vn -0.2520 0.1940 0.9481
vn -0.3108 0.1857 0.9322
vn -0.3609 0.1749 0.9161
vn -0.4001 0.1601 0.9024
vn -0.0322 0.1667 0.9855
vn -0.0969 0.1642 0.9817
vn -0.1588 0.1611 0.9741
vn -0.2165 0.1576 0.9635
vn -0.2682 0.1536 0.9510
vn -0.3127 0.1484 0.9382
vn -0.3476 0.1390 0.9273
vn -0.9829 0.0243 0.1826
vn -0.8722 0.0222 0.4886
vn -0.7243 0.0190 0.6892
vn -0.5895 0.0160 0.8076
vn -0.4790 0.0137 0.8777
vn -0.3898 0.0120 0.9208
vn -0.3163 0.0108 0.9486
vn -0.9792 0.0729 0.1891
vn -0.8630 0.0663 0.5009
vn -0.7116 0.0565 0.7003
vn -0.5780 0.0479 0.8147
vn -0.4711 0.0412 0.8811
vn -0.3861 0.0363 0.9217
vn -0.3164 0.0328 0.9481
vn -0.9732 0.1233 0.1939
vn -0.8516 0.1113 0.5123
vn -0.6974 0.0942 0.7105
vn -0.5655 0.0794 0.8209
vn -0.4627 0.0682 0.8839
vn -0.3821 0.0601 0.9222
vn -0.3161 0.0545 0.9472
vn -0.9640 0.1760 0.1991
vn -0.8368 0.1571 0.5244
vn -0.6808 0.1316 0.7205
vn -0.5517 0.1100 0.8268
vn -0.4536 0.0941 0.8862
vn -0.3776 0.0829 0.9222
vn -0.3155 0.0753 0.9459
vn -0.9506 0.2323 0.2059
vn -0.8170 0.2040 0.5393
vn -0.6600 0.1683 0.7322
vn -0.5348 0.1393 0.8334
vn -0.4426 0.1185 0.8889
vn -0.3725 0.1040 0.9222
vn -0.3149 0.0947 0.9444
vn -0.9312 0.2936 0.2159
vn -0.7898 0.2519 0.5592
vn -0.6320 0.2038 0.7477
vn -0.5115 0.1667 0.8429
vn -0.4264 0.1408 0.8935
vn -0.3649 0.1231 0.9229
vn -0.3143 0.1118 0.9427
vn -0.3137 0.1255 0.9412
vn -0.1390 -0.8982 -0.4170
vn -0.3882 -0.8315 -0.3973
vn -0.5799 -0.7313 -0.3591
vn -0.7132 -0.6246 -0.3182
vn -0.8027 -0.5256 -0.2818
vn -0.8627 -0.4382 -0.2526
vn -0.9034 -0.3615 -0.2308
vn -0.0933 -0.5797 -0.8095
vn -0.2660 -0.5499 -0.7918
vn -0.4157 -0.5070 -0.7551
vn -0.5367 -0.4569 -0.7094
vn -0.6302 -0.4044 -0.6628
vn -0.7005 -0.3521 -0.6208
vn -0.7522 -0.3012 -0.5860
vn -0.0643 -0.3873 -0.9197
vn -0.1861 -0.3713 -0.9097
vn -0.2976 -0.3505 -0.8880
vn -0.3947 -0.3263 -0.8589
vn -0.4765 -0.2993 -0.8267
vn -0.5426 -0.2697 -0.7955
vn -0.5939 -0.2378 -0.7686
vn -0.0482 -0.2800 -0.9588
vn -0.1412 -0.2705 -0.9523
vn -0.2284 -0.2589 -0.9385
vn -0.3070 -0.2458 -0.9194
vn -0.3758 -0.2308 -0.8975
vn -0.4332 -0.2129 -0.8758
vn -0.4784 -0.1915 -0.8570
vn -0.0385 -0.2130 -0.9763
vn -0.1142 -0.2076 -0.9715
vn -0.1860 -0.2012 -0.9617
vn -0.2520 -0.1941 -0.9481
vn -0.3108 -0.1857 -0.9322
vn -0.3609 -0.1749 -0.9161
vn -0.4001 -0.1601 -0.9024
vn -0.0322 -0.1667 -0.9855
vn -0.0969 -0.1642 -0.9817
vn -0.1588 -0.1611 -0.9741
vn -0.2165 -0.1576 -0.9635
vn -0.2682 -0.1536 -0.9510
vn -0.3127 -0.1484 -0.9382
vn -0.3476 -0.1390 -0.9273
vn -0.9829 -0.0243 -0.1826
vn -0.8722 -0.0222 -0.4886
vn -0.7243 -0.0190 -0.6892
vn -0.5895 -0.0160 -0.8076
vn -0.4790 -0.0137 -0.8777
vn -0.3898 -0.0120 -0.9208
vn -0.3163 -0.0108 -0.9486
vn -0.9792 -0.0729 -0.1891
vn -0.8630 -0.0663 -0.5009
vn -0.7116 -0.0565 -0.7003
vn -0.5780 -0.0479 -0.8147
vn -0.4711 -0.0412 -0.8811
vn -0.3861 -0.0363 -0.9217
vn -0.3164 -0.0328 -0.9481
vn -0.9732 -0.1233 -0.1939
vn -0.8516 -0.1113 -0.5123
vn -0.6974 -0.0942 -0.7105
vn -0.5655 -0.0794 -0.8209
vn -0.4627 -0.0682 -0.8839
vn -0.3821 -0.0601 -0.9222
vn -0.3160 -0.0545 -0.9472
vn -0.9640 -0.1760 -0.1991
vn -0.8368 -0.1571 -0.5244
vn -0.6808 -0.1316 -0.7205
vn -0.5517 -0.1100 -0.8268
vn -0.4536 -0.0941 -0.8862
vn -0.3776 -0.0829 -0.9222
vn -0.3155 -0.0753 -0.9459
vn -0.9506 -0.2323 -0.2059
vn -0.8170 -0.2040 -0.5393
vn -0.6600 -0.1683 -0.7322
vn -0.5348 -0.1393 -0.8334
vn -0.4426 -0.1185 -0.8889
vn -0.3725 -0.1040 -0.9222
vn -0.3149 -0.0947 -0.9444
vn -0.9312 -0.2936 -0.2159
vn -0.7898 -0.2519 -0.5592
vn -0.6320 -0.2038 -0.7477
vn -0.5115 -0.1667 -0.8430
vn -0.4264 -0.1408 -0.8935
vn -0.3649 -0.1231 -0.9229
vn -0.3143 -0.1118 -0.9427
vn -0.0206 -0.0083 -0.9998
vn -0.0212 -0.0249 -0.9995
vn -0.0218 -0.0422 -0.9989
vn -0.0226 -0.0608 -0.9979
vn -0.0238 -0.0812 -0.9964
vn -0.0255 -0.1044 -0.9942
vn -0.0281 -0.1321 -0.9908
vn -0.0619 -0.0086 -0.9980
vn -0.0638 -0.0257 -0.9976
vn -0.0660 -0.0436 -0.9969
vn -0.0687 -0.0624 -0.9957
vn -0.0724 -0.0826 -0.9939
vn -0.0777 -0.1052 -0.9914
vn -0.0854 -0.1315 -0.9876
vn -0.1050 -0.0088 -0.9944
vn -0.1082 -0.0266 -0.9938
vn -0.1118 -0.0450 -0.9927
vn -0.1160 -0.0639 -0.9912
vn -0.1214 -0.0840 -0.9890
vn -0.1292 -0.1058 -0.9860
vn -0.1410 -0.1307 -0.9813
vn -0.1504 -0.0091 -0.9886
vn -0.1545 -0.0275 -0.9876
vn -0.1589 -0.0464 -0.9862
vn -0.1636 -0.0656 -0.9843
vn -0.1697 -0.0853 -0.9818
vn -0.1789 -0.1062 -0.9781
vn -0.1934 -0.1296 -0.9725
vn -0.1996 -0.0094 -0.9798
vn -0.2036 -0.0287 -0.9786
vn -0.2076 -0.0482 -0.9770
vn -0.2117 -0.0675 -0.9750
vn -0.2169 -0.0868 -0.9723
vn -0.2254 -0.1066 -0.9684
vn -0.2410 -0.1282 -0.9620
vn -0.2541 -0.0100 -0.9671
vn -0.2567 -0.0304 -0.9660
vn -0.2592 -0.0507 -0.9645
vn -0.2615 -0.0705 -0.9626
vn -0.2643 -0.0894 -0.9603
vn -0.2690 -0.1076 -0.9571
vn -0.2819 -0.1268 -0.9510
vn -0.3137 -0.1255 -0.9412
vn -0.1390 0.8982 -0.4170
vn -0.0922 0.5786 -0.8104
vn -0.0633 0.3867 -0.9200
vn -0.0475 0.2799 -0.9588
vn -0.0381 0.2131 -0.9763
vn -0.0321 0.1669 -0.9855
vn -0.0281 0.1322 -0.9908
vn -0.3866 0.8306 -0.4009
vn -0.2628 0.5475 -0.7945
vn -0.1838 0.3702 -0.9106
vn -0.1399 0.2703 -0.9526
vn -0.1135 0.2078 -0.9716
vn -0.0967 0.1645 -0.9816
vn -0.0855 0.1318 -0.9876
vn -0.5781 0.7304 -0.3638
vn -0.4120 0.5045 -0.7587
vn -0.2949 0.3492 -0.8894
vn -0.2270 0.2587 -0.9389
vn -0.1854 0.2014 -0.9618
vn -0.1587 0.1614 -0.9740
vn -0.1411 0.1310 -0.9813
vn -0.7121 0.6239 -0.3221
vn -0.5339 0.4549 -0.7127
vn -0.3928 0.3251 -0.8602
vn -0.3061 0.2455 -0.9198
vn -0.2516 0.1941 -0.9482
vn -0.2164 0.1578 -0.9635
vn -0.1935 0.1297 -0.9725
vn -0.8021 0.5251 -0.2843
vn -0.6288 0.4030 -0.6650
vn -0.4754 0.2984 -0.8276
vn -0.3753 0.2304 -0.8978
vn -0.3107 0.1857 -0.9322
vn -0.2682 0.1536 -0.9510
vn -0.2411 0.1283 -0.9620
vn -0.8625 0.4378 -0.2537
vn -0.7001 0.3512 -0.6217
vn -0.5423 0.2691 -0.7959
vn -0.4331 0.2126 -0.8759
vn -0.3609 0.1749 -0.9161
vn -0.3127 0.1484 -0.9382
vn -0.2819 0.1268 -0.9510
vn -0.0206 0.0083 -0.9998
vn -0.0621 0.0085 -0.9980
vn -0.1051 0.0087 -0.9944
vn -0.1505 0.0090 -0.9886
vn -0.1995 0.0093 -0.9799
vn -0.2539 0.0099 -0.9672
vn -0.3161 0.0108 -0.9487
vn -0.0214 0.0248 -0.9995
vn -0.0643 0.0255 -0.9976
vn -0.1087 0.0263 -0.9937
vn -0.1547 0.0273 -0.9876
vn -0.2034 0.0285 -0.9787
vn -0.2563 0.0303 -0.9661
vn -0.3158 0.0328 -0.9483
vn -0.0221 0.0422 -0.9989
vn -0.0666 0.0434 -0.9968
vn -0.1124 0.0447 -0.9927
vn -0.1591 0.0461 -0.9862
vn -0.2074 0.0480 -0.9771
vn -0.2587 0.0506 -0.9646
vn -0.3155 0.0544 -0.9474
vn -0.0229 0.0607 -0.9979
vn -0.0693 0.0623 -0.9956
vn -0.1166 0.0639 -0.9911
vn -0.1639 0.0654 -0.9843
vn -0.2117 0.0674 -0.9750
vn -0.2612 0.0704 -0.9627
vn -0.3152 0.0753 -0.9460
vn -0.0240 0.0812 -0.9964
vn -0.0729 0.0827 -0.9939
vn -0.1219 0.0840 -0.9890
vn -0.1700 0.0853 -0.9817
vn -0.2170 0.0868 -0.9723
vn -0.2642 0.0894 -0.9603
vn -0.3148 0.0947 -0.9444
vn -0.0256 0.1045 -0.9942
vn -0.0780 0.1054 -0.9914
vn -0.1296 0.1060 -0.9859
vn -0.1791 0.1063 -0.9781
vn -0.2255 0.1066 -0.9684
vn -0.2690 0.1076 -0.9571
vn -0.3142 0.1118 -0.9427
vn -0.9829 0.0243 -0.1826
vn -0.9796 0.0732 -0.1872
vn -0.9737 0.1235 -0.1913
vn -0.9645 0.1762 -0.1966
vn -0.9510 0.2323 -0.2040
vn -0.9315 0.2934 -0.2148
vn -0.9035 0.3612 -0.2308
vn -0.8728 0.0225 -0.4875
vn -0.8646 0.0669 -0.4980
vn -0.8537 0.1120 -0.5086
vn -0.8389 0.1577 -0.5210
vn -0.8187 0.2041 -0.5368
vn -0.7909 0.2518 -0.5577
vn -0.7527 0.3008 -0.5857
vn -0.7249 0.0193 -0.6886
vn -0.7130 0.0572 -0.6988
vn -0.6992 0.0950 -0.7086
vn -0.6826 0.1321 -0.7187
vn -0.6615 0.1685 -0.7308
vn -0.6331 0.2037 -0.7468
vn -0.5943 0.2375 -0.7684
vn -0.5896 0.0162 -0.8075
vn -0.5783 0.0483 -0.8144
vn -0.5660 0.0799 -0.8205
vn -0.5524 0.1104 -0.8263
vn -0.5355 0.1395 -0.8330
vn -0.5120 0.1667 -0.8426
vn -0.4787 0.1914 -0.8569
vn -0.4788 0.0138 -0.8778
vn -0.4707 0.0414 -0.8813
vn -0.4623 0.0684 -0.8841
vn -0.4535 0.0942 -0.8863
vn -0.4427 0.1185 -0.8888
vn -0.4265 0.1408 -0.8935
vn -0.4001 0.1600 -0.9024
vn -0.3895 0.0120 -0.9209
vn -0.3855 0.0364 -0.9220
vn -0.3815 0.0602 -0.9224
vn -0.3773 0.0829 -0.9224
vn -0.3724 0.1040 -0.9222
vn -0.3649 0.1230 -0.9229
vn -0.3476 0.1390 -0.9273
vn -0.3137 0.1255 -0.9412
vn 0.1390 -0.8982 0.4170
vn 0.3882 -0.8315 0.3973
vn 0.5799 -0.7313 0.3591
vn 0.7132 -0.6246 0.3182
vn 0.8027 -0.5256 0.2818
vn 0.8627 -0.4382 0.2526
vn 0.9034 -0.3615 0.2308
vn 0.0933 -0.5797 0.8095
vn 0.2660 -0.5499 0.7918
vn 0.4157 -0.5070 0.7551
vn 0.5367 -0.4569 0.7094
vn 0.6302 -0.4044 0.6628
vn 0.7005 -0.3521 0.6208
vn 0.7522 -0.3012 0.5860
vn 0.0643 -0.3873 0.9197
vn 0.1861 -0.3713 0.9097
vn 0.2976 -0.3505 0.8880
vn 0.3947 -0.3263 0.8589
vn 0.4765 -0.2993 0.8267
vn 0.5426 -0.2697 0.7955
vn 0.5939 -0.2378 0.7686
vn 0.0482 -0.2800 0.9588
vn 0.1412 -0.2705 0.9523
vn 0.2284 -0.2589 0.9385
vn 0.3070 -0.2458 0.9194
vn 0.3758 -0.2308 0.8975
vn 0.4332 -0.2129 0.8758
vn 0.4784 -0.1915 0.8570
vn 0.0385 -0.2130 0.9763
vn 0.1142 -0.2076 0.9715
vn 0.1860 -0.2012 0.9617
vn 0.2520 -0.1941 0.9481
vn 0.3108 -0.1857 0.9322
vn 0.3609 -0.1749 0.9161
vn 0.4001 -0.1601 0.9024
vn 0.0322 -0.1667 0.9855
vn 0.0969 -0.1642 0.9817
vn 0.1588 -0.1611 0.9741
vn 0.2165 -0.1576 0.9635
vn 0.2682 -0.1536 0.9510
vn 0.3127 -0.1484 0.9382
vn 0.3476 -0.1390 0.9273
vn 0.9829 -0.0243 0.1826
vn 0.8722 -0.0222 0.4886
vn 0.7243 -0.0190 0.6892
vn 0.5895 -0.0160 0.8076
vn 0.4790 -0.0137 0.8777
vn 0.3898 -0.0120 0.9208
vn 0.3163 -0.0108 0.9486
vn 0.9792 -0.0729 0.1891
vn 0.8630 -0.0663 0.5009
vn 0.7116 -0.0565 0.7003
vn 0.5780 -0.0479 0.8147
vn 0.4711 -0.0412 0.8811
vn 0.3861 -0.0363 0.9217
vn 0.3164 -0.0328 0.9481
vn 0.9732 -0.1233 0.1939
vn 0.8516 -0.1113 0.5123
vn 0.6974 -0.0942 0.7105
vn 0.5655 -0.0794 0.8209
vn 0.4627 -0.0682 0.8839
vn 0.3821 -0.0601 0.9222
vn 0.3160 -0.0545 0.9472
vn 0.9640 -0.1760 0.1991
vn 0.8368 -0.1571 0.5244
vn 0.6808 -0.1316 0.7205
vn 0.5517 -0.1100 0.8268
vn 0.4536 -0.0941 0.8862
vn 0.3776 -0.0829 0.9222
vn 0.3155 -0.0753 0.9459
vn 0.9506 -0.2323 0.2059
vn 0.8170 -0.2040 0.5393
vn 0.6600 -0.1683 0.7322
vn 0.5348 -0.1393 0.8334
vn 0.4426 -0.1185 0.8889
vn 0.3725 -0.1040 0.9222
vn 0.3149 -0.0947 0.9444
vn 0.9312 -0.2936 0.2159
vn 0.7898 -0.2519 0.5592
vn 0.6320 -0.2038 0.7477
vn 0.5115 -0.1667 0.8430
vn 0.4264 -0.1408 0.8935
vn 0.3649 -0.1231 0.9229
vn 0.3143 -0.1118 0.9427
vn 0.0206 -0.0083 0.9998
vn 0.0212 -0.0249 0.9995
vn 0.0218 -0.0422 0.9989
vn 0.0226 -0.0608 0.9979
vn 0.0238 -0.0812 0.9964
vn 0.0255 -0.1044 0.9942
vn 0.0281 -0.1321 0.9908
vn 0.0619 -0.0086 0.9980
vn 0.0638 -0.0257 0.9976
vn 0.0660 -0.0436 0.9969
vn 0.0687 -0.0624 0.9957
vn 0.0724 -0.0826 0.9939
vn 0.0777 -0.1052 0.9914
vn 0.0854 -0.1315 0.9876
vn 0.1050 -0.0088 0.9944
vn 0.1082 -0.0266 0.9938
vn 0.1118 -0.0450 0.9927
vn 0.1160 -0.0639 0.9912
vn 0.1214 -0.0840 0.9890
vn 0.1292 -0.1058 0.9860
vn 0.1410 -0.1307 0.9813
vn 0.1504 -0.0091 0.9886
vn 0.1545 -0.0275 0.9876
vn 0.1589 -0.0464 0.9862
vn 0.1636 -0.0656 0.9843
vn 0.1697 -0.0853 0.9818
vn 0.1789 -0.1062 0.9781
vn 0.1934 -0.1296 0.9725
vn 0.1996 -0.0094 0.9798
vn 0.2036 -0.0287 0.9786
vn 0.2076 -0.0482 0.9770
vn 0.2117 -0.0675 0.9750
vn 0.2169 -0.0868 0.9723
vn 0.2254 -0.1066 0.9684
vn 0.2410 -0.1282 0.9620
vn 0.2541 -0.0100 0.9671
vn 0.2567 -0.0304 0.9660
vn 0.2592 -0.0507 0.9645
vn 0.2615 -0.0705 0.9626
vn 0.2643 -0.0894 0.9603
vn 0.2690 -0.1076 0.9571
vn 0.2819 -0.1268 0.9510
vn 0.3137 -0.1255 0.9412
vn 0.1390 0.8982 0.4170
vn 0.0922 0.5786 0.8104
vn 0.0633 0.3867 0.9200
vn 0.0475 0.2799 0.9588
vn 0.0381 0.2131 0.9763
vn 0.0321 0.1669 0.9855
vn 0.0281 0.1322 0.9908
vn 0.3866 0.8306 0.4009
vn 0.2628 0.5475 0.7945
vn 0.1838 0.3702 0.9106
vn 0.1399 0.2703 0.9526
vn 0.1135 0.2078 0.9716
vn 0.0967 0.1645 0.9816
vn 0.0855 0.1318 0.9876
vn 0.5781 0.7304 0.3638
vn 0.4120 0.5045 0.7587
vn 0.2949 0.3492 0.8894
vn 0.2270 0.2587 0.9389
vn 0.1854 0.2014 0.9618
vn 0.1587 0.1614 0.9740
vn 0.1411 0.1310 0.9813
vn 0.7121 0.6239 0.3221
vn 0.5339 0.4549 0.7127
vn 0.3928 0.3251 0.8602
vn 0.3061 0.2455 0.9198
vn 0.2516 0.1941 0.9482
vn 0.2164 0.1578 0.9635
vn 0.1935 0.1297 0.9725
vn 0.8021 0.5251 0.2843
vn 0.6288 0.4030 0.6650
vn 0.4754 0.2984 0.8276
vn 0.3753 0.2304 0.8978
vn 0.3107 0.1857 0.9322
vn 0.2682 0.1536 0.9510
vn 0.2411 0.1283 0.9620
vn 0.8625 0.4378 0.2537
vn 0.7001 0.3512 0.6217
vn 0.5423 0.2691 0.7959
vn 0.4331 0.2126 0.8759
vn 0.3609 0.1749 0.9161
vn 0.3127 0.1484 0.9382
vn 0.2819 0.1268 0.9510
vn 0.0206 0.0083 0.9998
vn 0.0621 0.0085 0.9980
vn 0.1051 0.0087 0.9944
vn 0.1505 0.0090 0.9886
vn 0.1995 0.0093 0.9799
vn 0.2539 0.0099 0.9672
vn 0.3161 0.0108 0.9487
vn 0.0214 0.0248 0.9995
vn 0.0643 0.0255 0.9976
vn 0.1087 0.0263 0.9937
vn 0.1547 0.0273 0.9876
vn 0.2034 0.0285 0.9787
vn 0.2563 0.0303 0.9661
vn 0.3158 0.0328 0.9483
vn 0.0221 0.0422 0.9989
vn 0.0666 0.0434 0.9968
vn 0.1124 0.0447 0.9927
vn 0.1591 0.0461 0.9862
vn 0.2074 0.0480 0.9771
vn 0.2587 0.0506 0.9646
vn 0.3155 0.0544 0.9474
vn 0.0229 0.0607 0.9979
vn 0.0693 0.0623 0.9956
vn 0.1166 0.0639 0.9911
vn 0.1639 0.0654 0.9843
vn 0.2117 0.0674 0.9750
vn 0.2612 0.0704 0.9627
vn 0.3152 0.0753 0.9460
vn 0.0240 0.0812 0.9964
vn 0.0729 0.0827 0.9939
vn 0.1219 0.0840 0.9890
vn 0.1700 0.0853 0.9817
vn 0.2170 0.0868 0.9723
vn 0.2642 0.0894 0.9603
vn 0.3148 0.0947 0.9444
vn 0.0256 0.1045 0.9942
vn 0.0780 0.1054 0.9914
vn 0.1296 0.1060 0.9859
vn 0.1791 0.1063 0.9781
vn 0.2255 0.1066 0.9684
vn 0.2690 0.1076 0.9571
vn 0.3142 0.1118 0.9427
vn 0.9829 0.0243 0.1826
vn 0.9796 0.0732 0.1872
vn 0.9737 0.1235 0.1913
vn 0.9645 0.1762 0.1966
vn 0.9510 0.2323 0.2040
vn 0.9315 0.2934 0.2148
vn 0.9035 0.3612 0.2308
vn 0.8728 0.0225 0.4875
vn 0.8646 0.0669 0.4980
vn 0.8537 0.1120 0.5086
vn 0.8389 0.1577 0.5210
vn 0.8187 0.2041 0.5368
vn 0.7909 0.2518 0.5577
vn 0.7527 0.3008 0.5857
vn 0.7249 0.0193 0.6886
vn 0.7130 0.0572 0.6988
vn 0.6992 0.0950 0.7086
vn 0.6826 0.1321 0.7187
vn 0.6615 0.1685 0.7308
vn 0.6331 0.2037 0.7468
vn 0.5943 0.2375 0.7684
vn 0.5896 0.0162 0.8075
vn 0.5783 0.0483 0.8144
vn 0.5660 0.0799 0.8205
vn 0.5524 0.1104 0.8263
vn 0.5355 0.1395 0.8330
vn 0.5120 0.1667 0.8426
vn 0.4787 0.1914 0.8569
vn 0.4788 0.0138 0.8778
vn 0.4707 0.0414 0.8813
vn 0.4623 0.0684 0.8841
vn 0.4535 0.0942 0.8863
vn 0.4427 0.1185 0.8888
vn 0.4265 0.1408 0.8935
vn 0.4001 0.1600 0.9024
vn 0.3895 0.0120 0.9209
vn 0.3855 0.0364 0.9220
vn 0.3815 0.0602 0.9224
vn 0.3773 0.0829 0.9224
vn 0.3724 0.1040 0.9222
vn 0.3649 0.1230 0.9229
vn 0.3476 0.1390 0.9273
vn 0.3137 0.1255 0.9412
vn 0.1390 -0.8982 -0.4170
vn 0.0922 -0.5786 -0.8104
vn 0.0633 -0.3867 -0.9200
vn 0.0475 -0.2799 -0.9588
vn 0.0381 -0.2131 -0.9763
vn 0.0321 -0.1669 -0.9855
vn 0.0281 -0.1322 -0.9908
vn 0.3866 -0.8306 -0.4009
vn 0.2628 -0.5475 -0.7945
vn 0.1838 -0.3702 -0.9106
vn 0.1399 -0.2703 -0.9526
vn 0.1135 -0.2078 -0.9716
vn 0.0967 -0.1645 -0.9816
vn 0.0855 -0.1318 -0.9876
vn 0.5781 -0.7304 -0.3638
vn 0.4120 -0.5045 -0.7587
vn 0.2949 -0.3492 -0.8894
vn 0.2270 -0.2587 -0.9389
vn 0.1854 -0.2014 -0.9618
vn 0.1587 -0.1614 -0.9740
vn 0.1411 -0.1310 -0.9813
vn 0.7121 -0.6239 -0.3221
vn 0.5339 -0.4549 -0.7127
vn 0.3928 -0.3251 -0.8602
vn 0.3061 -0.2455 -0.9198
vn 0.2516 -0.1941 -0.9482
vn 0.2164 -0.1578 -0.9635
vn 0.1935 -0.1297 -0.9725
vn 0.8021 -0.5251 -0.2843
vn 0.6288 -0.4030 -0.6650
vn 0.4754 -0.2984 -0.8276
vn 0.3753 -0.2304 -0.8978
vn 0.3107 -0.1857 -0.9322
vn 0.2682 -0.1536 -0.9510
vn 0.2411 -0.1283 -0.9620
vn 0.8625 -0.4378 -0.2537
vn 0.7001 -0.3512 -0.6217
vn 0.5423 -0.2691 -0.7959
vn 0.4331 -0.2126 -0.8759
vn 0.3609 -0.1749 -0.9161
vn 0.3127 -0.1484 -0.9382
vn 0.2819 -0.1268 -0.9510
vn 0.0206 -0.0083 -0.9998
vn 0.0621 -0.0085 -0.9980
vn 0.1051 -0.0087 -0.9944
vn 0.1505 -0.0090 -0.9886
vn 0.1995 -0.0093 -0.9799
vn 0.2539 -0.0099 -0.9672
vn 0.3161 -0.0108 -0.9487
vn 0.0214 -0.0248 -0.9995
vn 0.0643 -0.0255 -0.9976
vn 0.1087 -0.0263 -0.9937
vn 0.1547 -0.0273 -0.9876
vn 0.2034 -0.0285 -0.9787
vn 0.2563 -0.0303 -0.9661
vn 0.3158 -0.0328 -0.9483
vn 0.0221 -0.0422 -0.9989
vn 0.0666 -0.0434 -0.9968
vn 0.1124 -0.0447 -0.9927
vn 0.1591 -0.0461 -0.9862
vn 0.2074 -0.0480 -0.9771
vn 0.2587 -0.0506 -0.9646
vn 0.3155 -0.0544 -0.9474
vn 0.0229 -0.0607 -0.9979
vn 0.0693 -0.0623 -0.9956
vn 0.1166 -0.0639 -0.9911
vn 0.1639 -0.0654 -0.9843
vn 0.2117 -0.0674 -0.9750
vn 0.2612 -0.0704 -0.9627
vn 0.3152 -0.0753 -0.9460
vn 0.0240 -0.0812 -0.9964
vn 0.0729 -0.0827 -0.9939
vn 0.1219 -0.0840 -0.9890
vn 0.1700 -0.0853 -0.9817
vn 0.2170 -0.0868 -0.9723
vn 0.2642 -0.0894 -0.9603
vn 0.3148 -0.0947 -0.9444
vn 0.0256 -0.1045 -0.9942
vn 0.0780 -0.1054 -0.9914
vn 0.1296 -0.1060 -0.9859
vn 0.1791 -0.1063 -0.9781
vn 0.2255 -0.1066 -0.9684
vn 0.2690 -0.1076 -0.9571
vn 0.3142 -0.1118 -0.9427
vn 0.9829 -0.0243 -0.1826
vn 0.9796 -0.0732 -0.1872
vn 0.9737 -0.1235 -0.1913
vn 0.9645 -0.1762 -0.1966
vn 0.9510 -0.2323 -0.2040
vn 0.9315 -0.2934 -0.2148
vn 0.9035 -0.3612 -0.2308
vn 0.8728 -0.0225 -0.4875
vn 0.8646 -0.0669 -0.4980
vn 0.8537 -0.1120 -0.5086
vn 0.8389 -0.1577 -0.5210
vn 0.8187 -0.2041 -0.5368
vn 0.7909 -0.2518 -0.5577
vn 0.7527 -0.3008 -0.5857
vn 0.7249 -0.0193 -0.6886
vn 0.7130 -0.0572 -0.6988
vn 0.6992 -0.0950 -0.7086
vn 0.6826 -0.1321 -0.7187
vn 0.6615 -0.1685 -0.7308
vn 0.6331 -0.2037 -0.7468
vn 0.5943 -0.2375 -0.7684
vn 0.5896 -0.0162 -0.8075
vn 0.5783 -0.0483 -0.8144
vn 0.5660 -0.0799 -0.8205
vn 0.5524 -0.1104 -0.8263
vn 0.5355 -0.1395 -0.8330
vn 0.5120 -0.1667 -0.8426
vn 0.4787 -0.1914 -0.8569
vn 0.4788 -0.0138 -0.8778
vn 0.4707 -0.0414 -0.8813
vn 0.4623 -0.0684 -0.8841
vn 0.4535 -0.0942 -0.8863
vn 0.4427 -0.1185 -0.8888
vn 0.4265 -0.1408 -0.8935
vn 0.4001 -0.1600 -0.9024
vn 0.3895 -0.0120 -0.9209
vn 0.3855 -0.0364 -0.9220
vn 0.3815 -0.0602 -0.9224
vn 0.3773 -0.0829 -0.9224
vn 0.3724 -0.1040 -0.9222
vn 0.3649 -0.1230 -0.9229
vn 0.3476 -0.1390 -0.9273
vn 0.3137 -0.1255 -0.9412
vn 0.1390 0.8982 -0.4170
vn 0.3882 0.8315 -0.3973
vn 0.5799 0.7313 -0.3591
vn 0.7132 0.6246 -0.3182
vn 0.8027 0.5256 -0.2818
vn 0.8627 0.4382 -0.2526
vn 0.9034 0.3615 -0.2308
vn 0.0933 0.5797 -0.8095
vn 0.2660 0.5499 -0.7918
vn 0.4157 0.5070 -0.7551
vn 0.5367 0.4569 -0.7094
vn 0.6302 0.4044 -0.6628
vn 0.7005 0.3521 -0.6208
vn 0.7522 0.3012 -0.5860
vn 0.0643 0.3873 -0.9197
vn 0.1861 0.3713 -0.9097
vn 0.2976 0.3505 -0.8880
vn 0.3947 0.3263 -0.8589
vn 0.4765 0.2993 -0.8267
vn 0.5426 0.2697 -0.7955
vn 0.5939 0.2378 -0.7686
vn 0.0482 0.2800 -0.9588
vn 0.1412 0.2705 -0.9523
vn 0.2284 0.2589 -0.9385
vn 0.3070 0.2458 -0.9194
vn 0.3758 0.2308 -0.8975
vn 0.4332 0.2129 -0.8758
vn 0.4784 0.1915 -0.8570
vn 0.0385 0.2130 -0.9763
vn 0.1142 0.2076 -0.9715
vn 0.1860 0.2012 -0.9617
vn 0.2520 0.1941 -0.9481
vn 0.3108 0.1857 -0.9322
vn 0.3609 0.1749 -0.9161
vn 0.4001 0.1601 -0.9024
vn 0.0322 0.1667 -0.9855
vn 0.0969 0.1642 -0.9817
vn 0.1588 0.1611 -0.9741
vn 0.2165 0.1576 -0.9635
vn 0.2682 0.1536 -0.9510
vn 0.3127 0.1484 -0.9382
vn 0.3476 0.1390 -0.9273
vn 0.9829 0.0243 -0.1826
vn 0.8722 0.0222 -0.4886
vn 0.7243 0.0190 -0.6892
vn 0.5895 0.0160 -0.8076
vn 0.4790 0.0137 -0.8777
vn 0.3898 0.0120 -0.9208
vn 0.3163 0.0108 -0.9486
vn 0.9792 0.0729 -0.1891
vn 0.8630 0.0663 -0.5009
vn 0.7116 0.0565 -0.7003
vn 0.5780 0.0479 -0.8147
vn 0.4711 0.0412 -0.8811
vn 0.3861 0.0363 -0.9217
vn 0.3164 0.0328 -0.9481
vn 0.9732 0.1233 -0.1939
vn 0.8516 0.1113 -0.5123
vn 0.6974 0.0942 -0.7105
vn 0.5655 0.0794 -0.8209
vn 0.4627 0.0682 -0.8839
vn 0.3821 0.0601 -0.9222
vn 0.3160 0.0545 -0.9472
vn 0.9640 0.1760 -0.1991
vn 0.8368 0.1571 -0.5244
vn 0.6808 0.1316 -0.7205
vn 0.5517 0.1100 -0.8268
vn 0.4536 0.0941 -0.8862
vn 0.3776 0.0829 -0.9222
vn 0.3155 0.0753 -0.9459
vn 0.9506 0.2323 -0.2059
vn 0.8170 0.2040 -0.5393
vn 0.6600 0.1683 -0.7322
vn 0.5348 0.1393 -0.8334
vn 0.4426 0.1185 -0.8889
vn 0.3725 0.1040 -0.9222
vn 0.3149 0.0947 -0.9444
vn 0.9312 0.2936 -0.2159
vn 0.7898 0.2519 -0.5592
vn 0.6320 0.2038 -0.7477
vn 0.5115 0.1667 -0.8430
vn 0.4264 0.1408 -0.8935
vn 0.3649 0.1231 -0.9229
vn 0.3143 0.1118 -0.9427
vn 0.0206 0.0083 -0.9998
vn 0.0212 0.0249 -0.9995
vn 0.0218 0.0422 -0.9989
vn 0.0226 0.0608 -0.9979
vn 0.0238 0.0812 -0.9964
vn 0.0255 0.1044 -0.9942
vn 0.0281 0.1321 -0.9908
vn 0.0619 0.0086 -0.9980
vn 0.0638 0.0257 -0.9976
vn 0.0660 0.0436 -0.9969
vn 0.0687 0.0624 -0.9957
vn 0.0724 0.0826 -0.9939
vn 0.0777 0.1052 -0.9914
vn 0.0854 0.1315 -0.9876
vn 0.1050 0.0088 -0.9944
vn 0.1082 0.0266 -0.9938
vn 0.1118 0.0450 -0.9927
vn 0.1160 0.0639 -0.9912
vn 0.1214 0.0840 -0.9890
vn 0.1292 0.1058 -0.9860
vn 0.1410 0.1307 -0.9813
vn 0.1504 0.0091 -0.9886
vn 0.1545 0.0275 -0.9876
vn 0.1589 0.0464 -0.9862
vn 0.1636 0.0656 -0.9843
vn 0.1697 0.0853 -0.9818
vn 0.1789 0.1062 -0.9781
vn 0.1934 0.1296 -0.9725
vn 0.1996 0.0094 -0.9798
vn 0.2036 0.0287 -0.9786
vn 0.2076 0.0482 -0.9770
vn 0.2117 0.0675 -0.9750
vn 0.2169 0.0868 -0.9723
vn 0.2254 0.1066 -0.9684
vn 0.2410 0.1282 -0.9620
vn 0.2541 0.0100 -0.9671
vn 0.2567 0.0304 -0.9660
vn 0.2592 0.0507 -0.9645
vn 0.2615 0.0705 -0.9626
vn 0.2643 0.0894 -0.9603
vn 0.2690 0.1076 -0.9571
vn 0.2819 0.1268 -0.9510
vn 0.3137 0.1255 -0.9412
vn -0.1495 -0.9888 -0.0000
vn -0.4165 -0.9091 -0.0000
vn -0.6146 -0.7889 -0.0000
vn -0.7475 -0.6643 -0.0000
vn -0.8340 -0.5518 -0.0000
vn -0.8906 -0.4547 -0.0000
vn -0.9285 -0.3714 -0.0000
vn -0.9542 -0.2990 -0.0000
vn -0.9720 -0.2350 -0.0000
vn -0.9842 -0.1772 -0.0000
vn -0.9923 -0.1237 -0.0000
vn -0.9973 -0.0731 -0.0000
vn -0.9997 -0.0242 -0.0000
vn -0.0202 -0.0000 0.9998
vn -0.0610 -0.0000 0.9981
vn -0.1033 -0.0000 0.9946
vn -0.1484 -0.0000 0.9889
vn -0.1975 -0.0000 0.9803
vn -0.2527 -0.0000 0.9676
vn -0.3162 -0.0000 0.9487
vn -0.3915 -0.0000 0.9202
vn -0.4829 -0.0000 0.8757
vn -0.5952 -0.0000 0.8036
vn -0.7305 -0.0000 0.6829
vn -0.8763 -0.0000 0.4818
vn -0.9839 -0.0000 0.1785
vn -0.1495 0.9888 -0.0000
vn -0.4165 0.9091 -0.0000
vn -0.6146 0.7889 -0.0000
vn -0.7475 0.6643 -0.0000
vn -0.8340 0.5518 -0.0000
vn -0.8906 0.4547 -0.0000
vn -0.9285 0.3714 -0.0000
vn -0.9542 0.2990 -0.0000
vn -0.9720 0.2350 -0.0000
vn -0.9842 0.1772 -0.0000
vn -0.9923 0.1237 -0.0000
vn -0.9973 0.0731 -0.0000
vn -0.9997 0.0242 -0.0000
vn -0.0202 -0.0000 -0.9998
vn -0.0610 -0.0000 -0.9981
vn -0.1033 -0.0000 -0.9946
vn -0.1484 -0.0000 -0.9889
vn -0.1975 -0.0000 -0.9803
vn -0.2527 -0.0000 -0.9676
vn -0.3162 -0.0000 -0.9487
vn -0.3915 -0.0000 -0.9202
vn -0.4829 -0.0000 -0.8757
vn -0.5952 -0.0000 -0.8036
vn -0.7305 -0.0000 -0.6829
vn -0.8763 -0.0000 -0.4818
vn -0.9839 -0.0000 -0.1785
vn -0.0000 -0.9107 -0.4131
vn -0.0000 -0.5883 -0.8086
vn -0.0000 -0.3934 -0.9194
vn -0.0000 -0.2840 -0.9588
vn -0.0000 -0.2154 -0.9765
vn -0.0000 -0.1678 -0.9858
vn -0.0000 -0.1322 -0.9912
vn -0.0000 -0.1039 -0.9946
vn -0.0000 -0.0803 -0.9968
vn -0.0000 -0.0599 -0.9982
vn -0.0000 -0.0415 -0.9991
vn -0.0000 -0.0244 -0.9997
vn -0.0000 -0.0081 -1.0000
vn -0.0000 0.9107 -0.4131
vn -0.0000 0.5883 -0.8086
vn -0.0000 0.3934 -0.9194
vn -0.0000 0.2840 -0.9588
vn -0.0000 0.2154 -0.9765
vn -0.0000 0.1678 -0.9858
vn -0.0000 0.1322 -0.9912
vn -0.0000 0.1039 -0.9946
vn -0.0000 0.0803 -0.9968
vn -0.0000 0.0599 -0.9982
vn -0.0000 0.0415 -0.9991
vn -0.0000 0.0244 -0.9997
vn -0.0000 0.0081 -1.0000
vn 0.9839 -0.0000 -0.1785
vn 0.8763 -0.0000 -0.4818
vn 0.7305 -0.0000 -0.6829
vn 0.5952 -0.0000 -0.8036
vn 0.4829 -0.0000 -0.8757
vn 0.3915 -0.0000 -0.9202
vn 0.3162 -0.0000 -0.9487
vn 0.2527 -0.0000 -0.9676
vn 0.1975 -0.0000 -0.9803
vn 0.1484 -0.0000 -0.9889
vn 0.1033 -0.0000 -0.9946
vn 0.0610 -0.0000 -0.9981
vn 0.0202 -0.0000 -0.9998
vn 0.1495 -0.9888 -0.0000
vn 0.4165 -0.9091 -0.0000
vn 0.6146 -0.7889 -0.0000
vn 0.7475 -0.6643 -0.0000
vn 0.8340 -0.5518 -0.0000
vn 0.8906 -0.4547 -0.0000
vn 0.9285 -0.3714 -0.0000
vn 0.9542 -0.2990 -0.0000
vn 0.9720 -0.2350 -0.0000
vn 0.9842 -0.1772 -0.0000
vn 0.9923 -0.1237 -0.0000
vn 0.9973 -0.0731 -0.0000
vn 0.9997 -0.0242 -0.0000
vn 0.1495 0.9888 -0.0000
vn 0.4165 0.9091 -0.0000
vn 0.6146 0.7889 -0.0000
vn 0.7475 0.6643 -0.0000
vn 0.8340 0.5518 -0.0000
vn 0.8906 0.4547 -0.0000
vn 0.9285 0.3714 -0.0000
vn 0.9542 0.2990 -0.0000
vn 0.9720 0.2350 -0.0000
vn 0.9842 0.1772 -0.0000
vn 0.9923 0.1237 -0.0000
vn 0.9973 0.0731 -0.0000
vn 0.9997 0.0242 -0.0000
vn 0.0202 -0.0000 0.9998
vn 0.0610 -0.0000 0.9981
vn 0.1033 -0.0000 0.9946
vn 0.1484 -0.0000 0.9889
vn 0.1975 -0.0000 0.9803
vn 0.2527 -0.0000 0.9676
vn 0.3162 -0.0000 0.9487
vn 0.3915 -0.0000 0.9202
vn 0.4829 -0.0000 0.8757
vn 0.5952 -0.0000 0.8036
vn 0.7305 -0.0000 0.6829
vn 0.8763 -0.0000 0.4818
vn 0.9839 -0.0000 0.1785
vn -0.0000 -0.9107 0.4131
vn -0.0000 -0.5883 0.8086
vn -0.0000 -0.3934 0.9194
vn -0.0000 -0.2840 0.9588
vn -0.0000 -0.2154 0.9765
vn -0.0000 -0.1678 0.9858
vn -0.0000 -0.1322 0.9912
vn -0.0000 -0.1039 0.9946
vn -0.0000 -0.0803 0.9968
vn -0.0000 -0.0599 0.9982
vn -0.0000 -0.0415 0.9991
vn -0.0000 -0.0244 0.9997
vn -0.0000 -0.0081 1.0000
vn -0.0000 0.9107 0.4131
vn -0.0000 0.5883 0.8086
vn -0.0000 0.3934 0.9194
vn -0.0000 0.2840 0.9588
vn -0.0000 0.2154 0.9765
vn -0.0000 0.1678 0.9858
vn -0.0000 0.1322 0.9912
vn -0.0000 0.1039 0.9946
vn -0.0000 0.0803 0.9968
vn -0.0000 0.0599 0.9982
vn -0.0000 0.0415 0.9991
vn -0.0000 0.0244 0.9997
vn -0.0000 0.0081 1.0000
vn -0.0000 -1.0000 -0.0000
vt 0.401332 0.759181
vt 0.598668 0.759181
vt 0.598668 0.990819
vt 0.401332 0.990819
vt 0.401332 0.506117
vt 0.598668 0.506117
vt 0.598668 0.743883
vt 0.401332 0.743883
vt 0.634181 0.506117
vt 0.865819 0.506117
vt 0.865819 0.743883
vt 0.634181 0.743883
vt 0.401332 0.006117
vt 0.598668 0.006117
vt 0.598668 0.243883
vt 0.401332 0.243883
vt 0.401332 0.259181
vt 0.598668 0.259181
vt 0.598668 0.490819
vt 0.401332 0.490819
vt 0.134181 0.743883
vt 0.134181 0.744620
vt 0.133058 0.744638
vt 0.133074 0.743883
vt 0.134181 0.745347
vt 0.133051 0.745386
vt 0.134181 0.746052
vt 0.133047 0.746099
vt 0.134181 0.746726
vt 0.133048 0.746763
vt 0.134181 0.747358
vt 0.133050 0.747371
vt 0.134181 0.747939
vt 0.133051 0.747920
vt 0.134181 0.750000
vt 0.133049 0.750000
vt 0.131937 0.744645
vt 0.131984 0.743883
vt 0.131918 0.745403
vt 0.131923 0.746112
vt 0.131942 0.746757
vt 0.131963 0.747333
vt 0.131975 0.747845
vt 0.131972 0.750000
vt 0.130861 0.744646
vt 0.130925 0.743883
vt 0.130845 0.745400
vt 0.130872 0.746095
vt 0.130926 0.746715
vt 0.130979 0.747255
vt 0.131012 0.747727
vt 0.131010 0.750000
vt 0.129857 0.744644
vt 0.129914 0.743883
vt 0.129867 0.745384
vt 0.129933 0.746059
vt 0.130034 0.746648
vt 0.130130 0.747153
vt 0.130190 0.747585
vt 0.130189 0.750000
vt 0.128940 0.744640
vt 0.128966 0.743883
vt 0.128997 0.745367
vt 0.129117 0.746021
vt 0.129273 0.746583
vt 0.129423 0.747053
vt 0.129522 0.747444
vt 0.129522 0.750000
vt 0.128114 0.744637
vt 0.128093 0.743883
vt 0.128227 0.745355
vt 0.128407 0.745996
vt 0.128623 0.746543
vt 0.128836 0.746987
vt 0.129004 0.747332
vt 0.129004 0.750000
vt 0.401332 0.991926
vt 0.398112 0.991952
vt 0.398158 0.990819
vt 0.401332 0.993016
vt 0.398090 0.993075
vt 0.401332 0.994075
vt 0.398081 0.994145
vt 0.401332 0.995086
vt 0.398084 0.995142
vt 0.401332 0.996034
vt 0.398090 0.996054
vt 0.401332 1.000000
vt 0.398093 1.000000
vt 0.401332 0.000000
vt 0.401332 0.002061
vt 0.398086 0.002075
vt 0.398093 0.000000
vt 0.394895 0.991964
vt 0.395030 0.990819
vt 0.394842 0.993101
vt 0.394856 0.994165
vt 0.394911 0.995133
vt 0.394970 0.995998
vt 0.395005 1.000000
vt 0.394996 0.002150
vt 0.395005 0.000000
vt 0.391809 0.991965
vt 0.391994 0.990819
vt 0.391765 0.993096
vt 0.391843 0.994140
vt 0.391995 0.995070
vt 0.392148 0.995881
vt 0.392243 1.000000
vt 0.392237 0.002270
vt 0.392243 0.000000
vt 0.388930 0.991961
vt 0.389095 0.990819
vt 0.388958 0.993073
vt 0.389149 0.994085
vt 0.389438 0.994970
vt 0.389714 0.995727
vt 0.389884 1.000000
vt 0.389882 0.002414
vt 0.389884 0.000000
vt 0.386301 0.991956
vt 0.386374 0.990819
vt 0.386462 0.993047
vt 0.386808 0.994028
vt 0.387257 0.994873
vt 0.387685 0.995578
vt 0.387969 1.000000
vt 0.387968 0.002556
vt 0.387969 0.000000
vt 0.375000 0.991951
vt 0.375000 0.990819
vt 0.375000 0.993028
vt 0.375000 0.993990
vt 0.375000 0.994811
vt 0.375000 0.995479
vt 0.375000 0.995996
vt 0.375000 0.002668
vt 0.375000 0.000000
vt 0.398158 0.006117
vt 0.398081 0.005369
vt 0.401332 0.005380
vt 0.395030 0.006117
vt 0.394861 0.005364
vt 0.391994 0.006117
vt 0.391792 0.005362
vt 0.389095 0.006117
vt 0.388934 0.005363
vt 0.386374 0.006117
vt 0.386318 0.005364
vt 0.375000 0.006117
vt 0.375000 0.005365
vt 0.125000 0.743883
vt 0.125000 0.744635
vt 0.398049 0.004622
vt 0.401332 0.004653
vt 0.394789 0.004610
vt 0.391734 0.004613
vt 0.388958 0.004626
vt 0.386479 0.004639
vt 0.375000 0.004648
vt 0.125000 0.745352
vt 0.398045 0.003905
vt 0.401332 0.003948
vt 0.394802 0.003895
vt 0.391807 0.003913
vt 0.389141 0.003948
vt 0.386814 0.003984
vt 0.375000 0.004006
vt 0.125000 0.745994
vt 0.398056 0.003236
vt 0.401332 0.003274
vt 0.394868 0.003243
vt 0.391964 0.003287
vt 0.389427 0.003354
vt 0.387257 0.003418
vt 0.375000 0.003458
vt 0.125000 0.746542
vt 0.398072 0.002625
vt 0.401332 0.002642
vt 0.394943 0.002663
vt 0.392129 0.002743
vt 0.389706 0.002847
vt 0.387683 0.002947
vt 0.375000 0.003013
vt 0.125000 0.746987
vt 0.125000 0.747332
vt 0.601841 0.990819
vt 0.601919 0.991942
vt 0.598668 0.991926
vt 0.604970 0.990819
vt 0.605139 0.991949
vt 0.608006 0.990819
vt 0.608208 0.991953
vt 0.610905 0.990819
vt 0.611066 0.991952
vt 0.613626 0.990819
vt 0.613682 0.991949
vt 0.616129 0.990819
vt 0.616047 0.991949
vt 0.625000 0.990819
vt 0.625000 0.991951
vt 0.601951 0.993063
vt 0.598668 0.993016
vt 0.605211 0.993082
vt 0.608266 0.993077
vt 0.611042 0.993058
vt 0.613521 0.993037
vt 0.615723 0.993025
vt 0.625000 0.993028
vt 0.601955 0.994139
vt 0.598668 0.994075
vt 0.605198 0.994155
vt 0.608193 0.994128
vt 0.610859 0.994074
vt 0.613186 0.994021
vt 0.615218 0.993988
vt 0.625000 0.993990
vt 0.601944 0.995143
vt 0.598668 0.995086
vt 0.605132 0.995133
vt 0.608036 0.995067
vt 0.610573 0.994966
vt 0.612743 0.994870
vt 0.614607 0.994810
vt 0.625000 0.994811
vt 0.601928 0.996060
vt 0.598668 0.996034
vt 0.605057 0.996004
vt 0.607871 0.995883
vt 0.610294 0.995726
vt 0.612317 0.995577
vt 0.613997 0.995478
vt 0.625000 0.995478
vt 0.601914 1.000000
vt 0.598668 1.000000
vt 0.605004 1.000000
vt 0.607763 1.000000
vt 0.610118 1.000000
vt 0.612032 1.000000
vt 0.613515 1.000000
vt 0.625000 1.000000
vt 0.866926 0.743883
vt 0.866952 0.744631
vt 0.865819 0.744620
vt 0.868016 0.743883
vt 0.868075 0.744636
vt 0.869075 0.743883
vt 0.869145 0.744638
vt 0.870086 0.743883
vt 0.870142 0.744637
vt 0.871034 0.743883
vt 0.871054 0.744636
vt 0.875000 0.743883
vt 0.875000 0.744635
vt 0.625000 0.006117
vt 0.616129 0.006117
vt 0.616068 0.005363
vt 0.625000 0.005365
vt 0.866964 0.745378
vt 0.865819 0.745347
vt 0.868100 0.745390
vt 0.869165 0.745387
vt 0.870133 0.745374
vt 0.870998 0.745361
vt 0.875000 0.745352
vt 0.615744 0.004645
vt 0.625000 0.004648
vt 0.866965 0.746095
vt 0.865819 0.746052
vt 0.868096 0.746105
vt 0.869140 0.746087
vt 0.870070 0.746052
vt 0.870881 0.746016
vt 0.875000 0.745994
vt 0.615229 0.004004
vt 0.625000 0.004006
vt 0.866961 0.746764
vt 0.865819 0.746726
vt 0.868073 0.746757
vt 0.869085 0.746713
vt 0.869970 0.746646
vt 0.870727 0.746582
vt 0.875000 0.746542
vt 0.614610 0.003457
vt 0.625000 0.003458
vt 0.866956 0.747375
vt 0.865819 0.747358
vt 0.868047 0.747337
vt 0.869028 0.747257
vt 0.869873 0.747153
vt 0.870578 0.747053
vt 0.875000 0.746987
vt 0.613998 0.003013
vt 0.625000 0.003013
vt 0.866951 0.750000
vt 0.865819 0.750000
vt 0.868028 0.750000
vt 0.868990 0.750000
vt 0.869811 0.750000
vt 0.870478 0.750000
vt 0.875000 0.747332
vt 0.613515 0.002668
vt 0.625000 0.002668
vt 0.598668 0.005380
vt 0.601888 0.005362
vt 0.601842 0.006117
vt 0.598668 0.004653
vt 0.601910 0.004614
vt 0.598668 0.003948
vt 0.601919 0.003901
vt 0.598668 0.003274
vt 0.601916 0.003237
vt 0.598668 0.002642
vt 0.601910 0.002629
vt 0.598668 0.002061
vt 0.601908 0.002080
vt 0.598668 0.000000
vt 0.601914 0.000000
vt 0.605105 0.005355
vt 0.604970 0.006117
vt 0.605158 0.004597
vt 0.605144 0.003888
vt 0.605089 0.003243
vt 0.605030 0.002667
vt 0.604995 0.002155
vt 0.605004 0.000000
vt 0.608191 0.005354
vt 0.608006 0.006117
vt 0.608235 0.004600
vt 0.608157 0.003905
vt 0.608005 0.003285
vt 0.607852 0.002745
vt 0.607757 0.002273
vt 0.607763 0.000000
vt 0.611070 0.005356
vt 0.610905 0.006117
vt 0.611042 0.004616
vt 0.610851 0.003941
vt 0.610562 0.003352
vt 0.610286 0.002847
vt 0.610116 0.002415
vt 0.610118 0.000000
vt 0.613699 0.005360
vt 0.613626 0.006117
vt 0.613538 0.004633
vt 0.613192 0.003979
vt 0.612743 0.003416
vt 0.612315 0.002947
vt 0.612031 0.002556
vt 0.612032 0.000000
vt 0.613515 0.000000
vt 0.134181 0.506117
vt 0.133074 0.506117
vt 0.133048 0.505369
vt 0.134181 0.505380
vt 0.131984 0.506117
vt 0.131925 0.505364
vt 0.130925 0.506117
vt 0.130855 0.505362
vt 0.129914 0.506117
vt 0.129858 0.505363
vt 0.128966 0.506117
vt 0.128946 0.505364
vt 0.128093 0.506117
vt 0.128122 0.505365
vt 0.125000 0.506117
vt 0.125000 0.505363
vt 0.133036 0.504622
vt 0.134181 0.504653
vt 0.131900 0.504610
vt 0.130835 0.504613
vt 0.129867 0.504626
vt 0.129002 0.504639
vt 0.128234 0.504647
vt 0.125000 0.504645
vt 0.133035 0.503905
vt 0.134181 0.503948
vt 0.131904 0.503895
vt 0.130860 0.503913
vt 0.129930 0.503948
vt 0.129119 0.503984
vt 0.128411 0.504006
vt 0.125000 0.504004
vt 0.133039 0.503236
vt 0.134181 0.503274
vt 0.131927 0.503243
vt 0.130915 0.503287
vt 0.130030 0.503354
vt 0.129273 0.503418
vt 0.128624 0.503458
vt 0.125000 0.503457
vt 0.133044 0.502625
vt 0.134181 0.502642
vt 0.131953 0.502663
vt 0.130972 0.502743
vt 0.130127 0.502847
vt 0.129422 0.502947
vt 0.128836 0.503013
vt 0.125000 0.503013
vt 0.133049 0.502075
vt 0.134181 0.502061
vt 0.131972 0.502150
vt 0.131010 0.502270
vt 0.130189 0.502414
vt 0.129522 0.502556
vt 0.129004 0.502668
vt 0.125000 0.502668
vt 0.401332 0.244620
vt 0.398112 0.244638
vt 0.398158 0.243883
vt 0.401332 0.245347
vt 0.398090 0.245386
vt 0.401332 0.246052
vt 0.398081 0.246099
vt 0.401332 0.246726
vt 0.398084 0.246763
vt 0.401332 0.247358
vt 0.398090 0.247371
vt 0.401332 0.247939
vt 0.398093 0.247920
vt 0.401332 0.253093
vt 0.398086 0.253114
vt 0.394895 0.244645
vt 0.395030 0.243883
vt 0.394842 0.245403
vt 0.394856 0.246112
vt 0.394911 0.246757
vt 0.394970 0.247333
vt 0.395005 0.247845
vt 0.394996 0.253227
vt 0.391809 0.244646
vt 0.391994 0.243883
vt 0.391765 0.245400
vt 0.391843 0.246095
vt 0.391995 0.246715
vt 0.392148 0.247255
vt 0.392243 0.247727
vt 0.392237 0.253407
vt 0.388930 0.244644
vt 0.389095 0.243883
vt 0.388958 0.245384
vt 0.389149 0.246059
vt 0.389438 0.246648
vt 0.389714 0.247153
vt 0.389884 0.247585
vt 0.389882 0.253623
vt 0.386301 0.244640
vt 0.386374 0.243883
vt 0.386462 0.245367
vt 0.386808 0.246021
vt 0.387257 0.246584
vt 0.387685 0.247053
vt 0.387969 0.247444
vt 0.387968 0.253836
vt 0.375000 0.244637
vt 0.375000 0.243883
vt 0.375000 0.245355
vt 0.375000 0.245996
vt 0.375000 0.246543
vt 0.375000 0.246987
vt 0.375000 0.247332
vt 0.375000 0.254004
vt 0.398158 0.259181
vt 0.398081 0.258058
vt 0.401332 0.258074
vt 0.395030 0.259181
vt 0.394861 0.258051
vt 0.391994 0.259181
vt 0.391792 0.258047
vt 0.389095 0.259181
vt 0.388934 0.258048
vt 0.386374 0.259181
vt 0.386318 0.258050
vt 0.375000 0.259181
vt 0.375000 0.258051
vt 0.134181 0.500000
vt 0.133051 0.500000
vt 0.398049 0.256937
vt 0.401332 0.256984
vt 0.394789 0.256918
vt 0.391734 0.256923
vt 0.388958 0.256942
vt 0.386479 0.256963
vt 0.375000 0.256975
vt 0.131975 0.500000
vt 0.398045 0.255861
vt 0.401332 0.255925
vt 0.394802 0.255845
vt 0.391807 0.255872
vt 0.389141 0.255926
vt 0.386814 0.255979
vt 0.375000 0.256012
vt 0.131012 0.500000
vt 0.398056 0.254857
vt 0.401332 0.254914
vt 0.394868 0.254867
vt 0.391964 0.254933
vt 0.389427 0.255034
vt 0.387257 0.255130
vt 0.375000 0.255190
vt 0.130190 0.500000
vt 0.398072 0.253940
vt 0.401332 0.253966
vt 0.394943 0.253997
vt 0.392129 0.254117
vt 0.389706 0.254273
vt 0.387683 0.254423
vt 0.375000 0.254522
vt 0.129522 0.500000
vt 0.129004 0.500000
vt 0.865819 0.505380
vt 0.866942 0.505362
vt 0.866926 0.506117
vt 0.865819 0.504653
vt 0.866949 0.504614
vt 0.865819 0.503948
vt 0.866953 0.503901
vt 0.865819 0.503274
vt 0.866952 0.503237
vt 0.865819 0.502642
vt 0.866950 0.502629
vt 0.865819 0.500000
vt 0.866948 0.500000
vt 0.625000 0.259181
vt 0.616129 0.259181
vt 0.616068 0.258049
vt 0.625000 0.258051
vt 0.868063 0.505355
vt 0.868016 0.506117
vt 0.868082 0.504597
vt 0.868077 0.503888
vt 0.868058 0.503243
vt 0.868037 0.502667
vt 0.868025 0.500000
vt 0.615745 0.256972
vt 0.625000 0.256975
vt 0.869139 0.505354
vt 0.869075 0.506117
vt 0.869155 0.504600
vt 0.869128 0.503905
vt 0.869075 0.503285
vt 0.869021 0.502745
vt 0.868988 0.500000
vt 0.615229 0.256010
vt 0.625000 0.256012
vt 0.870143 0.505356
vt 0.870086 0.506117
vt 0.870133 0.504616
vt 0.870067 0.503941
vt 0.869966 0.503352
vt 0.869870 0.502847
vt 0.869810 0.500000
vt 0.614610 0.255189
vt 0.625000 0.255190
vt 0.871060 0.505360
vt 0.871034 0.506117
vt 0.871004 0.504633
vt 0.870883 0.503979
vt 0.870727 0.503416
vt 0.870577 0.502947
vt 0.870478 0.500000
vt 0.613998 0.254522
vt 0.625000 0.254522
vt 0.875000 0.505363
vt 0.875000 0.506117
vt 0.875000 0.504645
vt 0.875000 0.504004
vt 0.875000 0.503457
vt 0.875000 0.503013
vt 0.875000 0.502668
vt 0.613515 0.254004
vt 0.625000 0.250000
vt 0.598668 0.258074
vt 0.601888 0.258048
vt 0.601841 0.259181
vt 0.598668 0.256984
vt 0.601910 0.256925
vt 0.598668 0.255925
vt 0.601919 0.255855
vt 0.598668 0.254914
vt 0.601916 0.254858
vt 0.598668 0.253966
vt 0.601910 0.253946
vt 0.598668 0.253093
vt 0.601907 0.253122
vt 0.598668 0.247939
vt 0.601914 0.247925
vt 0.605105 0.258036
vt 0.604969 0.259181
vt 0.605158 0.256900
vt 0.605144 0.255835
vt 0.605089 0.254867
vt 0.605030 0.254002
vt 0.604995 0.253234
vt 0.605004 0.247850
vt 0.608191 0.258035
vt 0.608006 0.259181
vt 0.608235 0.256904
vt 0.608157 0.255860
vt 0.608005 0.254930
vt 0.607852 0.254119
vt 0.607757 0.253411
vt 0.607763 0.247730
vt 0.611070 0.258039
vt 0.610905 0.259181
vt 0.611042 0.256927
vt 0.610851 0.255915
vt 0.610562 0.255030
vt 0.610286 0.254273
vt 0.610116 0.253624
vt 0.610118 0.247586
vt 0.613699 0.258044
vt 0.613626 0.259181
vt 0.613538 0.256953
vt 0.613192 0.255972
vt 0.612743 0.255127
vt 0.612315 0.254422
vt 0.612031 0.253836
vt 0.612032 0.247444
vt 0.613515 0.247332
vt 0.601842 0.243883
vt 0.601919 0.244631
vt 0.598668 0.244620
vt 0.604970 0.243883
vt 0.605139 0.244636
vt 0.608006 0.243883
vt 0.608208 0.244638
vt 0.610905 0.243883
vt 0.611066 0.244637
vt 0.613626 0.243883
vt 0.613682 0.244636
vt 0.616129 0.243883
vt 0.616047 0.244635
vt 0.625000 0.243883
vt 0.625000 0.244637
vt 0.601951 0.245378
vt 0.598668 0.245347
vt 0.605211 0.245390
vt 0.608266 0.245387
vt 0.611042 0.245374
vt 0.613521 0.245361
vt 0.615723 0.245352
vt 0.625000 0.245355
vt 0.601955 0.246095
vt 0.598668 0.246052
vt 0.605198 0.246105
vt 0.608193 0.246087
vt 0.610859 0.246052
vt 0.613186 0.246016
vt 0.615218 0.245994
vt 0.625000 0.245996
vt 0.601944 0.246764
vt 0.598668 0.246726
vt 0.605132 0.246757
vt 0.608036 0.246713
vt 0.610573 0.246646
vt 0.612743 0.246582
vt 0.614607 0.246542
vt 0.625000 0.246543
vt 0.601928 0.247375
vt 0.598668 0.247358
vt 0.605057 0.247337
vt 0.607871 0.247257
vt 0.610294 0.247153
vt 0.612317 0.247053
vt 0.613998 0.246987
vt 0.625000 0.246987
vt 0.625000 0.247332
vt 0.613515 0.247574
vt 0.365819 0.743883
vt 0.366926 0.743883
vt 0.366952 0.744631
vt 0.365819 0.744620
vt 0.368016 0.743883
vt 0.368075 0.744636
vt 0.369075 0.743883
vt 0.369145 0.744638
vt 0.370086 0.743883
vt 0.370142 0.744637
vt 0.371034 0.743883
vt 0.371054 0.744636
vt 0.371907 0.743883
vt 0.371878 0.744635
vt 0.383871 0.743883
vt 0.383932 0.744637
vt 0.366964 0.745378
vt 0.365819 0.745347
vt 0.368100 0.745390
vt 0.369165 0.745387
vt 0.370133 0.745374
vt 0.370998 0.745361
vt 0.371766 0.745353
vt 0.384255 0.745355
vt 0.366965 0.746095
vt 0.365819 0.746052
vt 0.368096 0.746105
vt 0.369140 0.746087
vt 0.370070 0.746052
vt 0.370881 0.746016
vt 0.371589 0.745994
vt 0.384771 0.745996
vt 0.366961 0.746764
vt 0.365819 0.746726
vt 0.368073 0.746757
vt 0.369085 0.746713
vt 0.369970 0.746646
vt 0.370727 0.746582
vt 0.371376 0.746542
vt 0.385390 0.746543
vt 0.366956 0.747375
vt 0.365819 0.747358
vt 0.368047 0.747337
vt 0.369028 0.747257
vt 0.369873 0.747153
vt 0.370578 0.747053
vt 0.371164 0.746987
vt 0.386002 0.746987
vt 0.366951 0.747925
vt 0.365819 0.747939
vt 0.368028 0.747850
vt 0.368990 0.747730
vt 0.369811 0.747586
vt 0.370478 0.747444
vt 0.370996 0.747332
vt 0.386485 0.747332
vt 0.401332 0.744620
vt 0.398112 0.744638
vt 0.398158 0.743883
vt 0.401332 0.745347
vt 0.398090 0.745386
vt 0.401332 0.746052
vt 0.398081 0.746099
vt 0.401332 0.746726
vt 0.398084 0.746763
vt 0.401332 0.747358
vt 0.398090 0.747371
vt 0.401332 0.747939
vt 0.398093 0.747920
vt 0.401332 0.753093
vt 0.398086 0.753114
vt 0.394895 0.744645
vt 0.395030 0.743883
vt 0.394842 0.745403
vt 0.394856 0.746112
vt 0.394911 0.746757
vt 0.394970 0.747333
vt 0.395005 0.747845
vt 0.394996 0.753227
vt 0.391809 0.744646
vt 0.391994 0.743883
vt 0.391765 0.745400
vt 0.391843 0.746095
vt 0.391995 0.746715
vt 0.392148 0.747255
vt 0.392243 0.747727
vt 0.392237 0.753407
vt 0.388930 0.744644
vt 0.389095 0.743883
vt 0.388958 0.745384
vt 0.389149 0.746059
vt 0.389438 0.746648
vt 0.389714 0.747153
vt 0.389884 0.747585
vt 0.389882 0.753623
vt 0.386301 0.744640
vt 0.386374 0.743883
vt 0.386462 0.745367
vt 0.386808 0.746021
vt 0.387257 0.746584
vt 0.387685 0.747054
vt 0.387969 0.747444
vt 0.387968 0.753836
vt 0.375000 0.754004
vt 0.398158 0.759181
vt 0.398081 0.758058
vt 0.401332 0.758074
vt 0.395030 0.759181
vt 0.394861 0.758051
vt 0.391994 0.759181
vt 0.391792 0.758047
vt 0.389095 0.759181
vt 0.388934 0.758048
vt 0.386374 0.759181
vt 0.386318 0.758050
vt 0.375000 0.759181
vt 0.375000 0.758051
vt 0.365819 0.750000
vt 0.366949 0.750000
vt 0.398049 0.756936
vt 0.401332 0.756984
vt 0.394789 0.756918
vt 0.391734 0.756923
vt 0.388958 0.756942
vt 0.386479 0.756963
vt 0.375000 0.756975
vt 0.368025 0.750000
vt 0.398045 0.755861
vt 0.401332 0.755925
vt 0.394802 0.755845
vt 0.391807 0.755872
vt 0.389141 0.755926
vt 0.386814 0.755979
vt 0.375000 0.756012
vt 0.368988 0.750000
vt 0.398056 0.754857
vt 0.401332 0.754914
vt 0.394868 0.754867
vt 0.391964 0.754933
vt 0.389427 0.755034
vt 0.387257 0.755130
vt 0.375000 0.755190
vt 0.369810 0.750000
vt 0.398072 0.753940
vt 0.401332 0.753966
vt 0.394943 0.753997
vt 0.392129 0.754117
vt 0.389706 0.754273
vt 0.387683 0.754423
vt 0.375000 0.754522
vt 0.370478 0.750000
vt 0.370996 0.750000
vt 0.371359 0.747332
vt 0.634181 0.744620
vt 0.633058 0.744638
vt 0.633074 0.743883
vt 0.634181 0.745347
vt 0.633051 0.745386
vt 0.634181 0.746052
vt 0.633047 0.746099
vt 0.634181 0.746726
vt 0.633048 0.746763
vt 0.634181 0.747358
vt 0.633050 0.747371
vt 0.634181 0.750000
vt 0.633052 0.750000
vt 0.625000 0.759181
vt 0.616129 0.759181
vt 0.616068 0.758049
vt 0.625000 0.758051
vt 0.631937 0.744645
vt 0.631984 0.743883
vt 0.631918 0.745403
vt 0.631923 0.746112
vt 0.631942 0.746757
vt 0.631963 0.747333
vt 0.631975 0.750000
vt 0.615745 0.756972
vt 0.625000 0.756975
vt 0.630861 0.744646
vt 0.630925 0.743883
vt 0.630845 0.745400
vt 0.630872 0.746095
vt 0.630926 0.746715
vt 0.630979 0.747255
vt 0.631012 0.750000
vt 0.615229 0.756010
vt 0.625000 0.756012
vt 0.629857 0.744644
vt 0.629914 0.743883
vt 0.629867 0.745384
vt 0.629933 0.746059
vt 0.630034 0.746648
vt 0.630130 0.747153
vt 0.630190 0.750000
vt 0.614610 0.755189
vt 0.625000 0.755190
vt 0.628940 0.744640
vt 0.628966 0.743883
vt 0.628997 0.745367
vt 0.629117 0.746021
vt 0.629273 0.746583
vt 0.629423 0.747053
vt 0.629522 0.750000
vt 0.613998 0.754521
vt 0.625000 0.754522
vt 0.628114 0.744637
vt 0.628093 0.743883
vt 0.628227 0.745355
vt 0.628407 0.745996
vt 0.628623 0.746543
vt 0.628836 0.746987
vt 0.629004 0.750000
vt 0.613515 0.754004
vt 0.625000 0.754004
vt 0.598668 0.758074
vt 0.601888 0.758048
vt 0.601841 0.759181
vt 0.598668 0.756984
vt 0.601910 0.756925
vt 0.598668 0.755925
vt 0.601919 0.755855
vt 0.598668 0.754914
vt 0.601916 0.754858
vt 0.598668 0.753966
vt 0.601910 0.753946
vt 0.598668 0.753093
vt 0.601907 0.753122
vt 0.598668 0.747939
vt 0.601914 0.747925
vt 0.605105 0.758036
vt 0.604969 0.759181
vt 0.605158 0.756899
vt 0.605144 0.755835
vt 0.605089 0.754867
vt 0.605030 0.754002
vt 0.604995 0.753235
vt 0.605004 0.747850
vt 0.608191 0.758035
vt 0.608006 0.759181
vt 0.608235 0.756904
vt 0.608157 0.755860
vt 0.608005 0.754930
vt 0.607852 0.754119
vt 0.607757 0.753411
vt 0.607763 0.747730
vt 0.611070 0.758039
vt 0.610905 0.759181
vt 0.611042 0.756927
vt 0.610851 0.755915
vt 0.610562 0.755030
vt 0.610286 0.754273
vt 0.610116 0.753624
vt 0.610118 0.747586
vt 0.613699 0.758044
vt 0.613626 0.759181
vt 0.613538 0.756953
vt 0.613192 0.755972
vt 0.612743 0.755127
vt 0.612315 0.754422
vt 0.612031 0.753836
vt 0.612032 0.747444
vt 0.613515 0.747332
vt 0.601842 0.743883
vt 0.601919 0.744631
vt 0.598668 0.744620
vt 0.604970 0.743883
vt 0.605139 0.744636
vt 0.608006 0.743883
vt 0.608208 0.744638
vt 0.610905 0.743883
vt 0.611066 0.744637
vt 0.613626 0.743883
vt 0.613682 0.744636
vt 0.616129 0.743883
vt 0.616047 0.744635
vt 0.601951 0.745378
vt 0.598668 0.745347
vt 0.605211 0.745390
vt 0.608266 0.745387
vt 0.611042 0.745374
vt 0.613521 0.745361
vt 0.615723 0.745353
vt 0.601955 0.746095
vt 0.598668 0.746052
vt 0.605198 0.746105
vt 0.608193 0.746087
vt 0.610859 0.746052
vt 0.613186 0.746016
vt 0.615218 0.745994
vt 0.601944 0.746764
vt 0.598668 0.746726
vt 0.605132 0.746757
vt 0.608036 0.746713
vt 0.610573 0.746646
vt 0.612743 0.746582
vt 0.614607 0.746542
vt 0.601928 0.747375
vt 0.598668 0.747358
vt 0.605057 0.747337
vt 0.607871 0.747257
vt 0.610294 0.747153
vt 0.612317 0.747053
vt 0.613998 0.746987
vt 0.613515 0.753641
vt 0.365819 0.506117
vt 0.365819 0.505380
vt 0.366942 0.505362
vt 0.366926 0.506117
vt 0.365819 0.504653
vt 0.366949 0.504614
vt 0.365819 0.503948
vt 0.366953 0.503901
vt 0.365819 0.503274
vt 0.366952 0.503237
vt 0.365819 0.502642
vt 0.366950 0.502629
vt 0.365819 0.502061
vt 0.366949 0.502080
vt 0.365819 0.500000
vt 0.366951 0.500000
vt 0.368063 0.505355
vt 0.368016 0.506117
vt 0.368082 0.504597
vt 0.368077 0.503888
vt 0.368058 0.503243
vt 0.368037 0.502667
vt 0.368025 0.502155
vt 0.368028 0.500000
vt 0.369139 0.505354
vt 0.369075 0.506117
vt 0.369155 0.504600
vt 0.369128 0.503905
vt 0.369074 0.503285
vt 0.369021 0.502745
vt 0.368988 0.502273
vt 0.368990 0.500000
vt 0.370143 0.505356
vt 0.370086 0.506117
vt 0.370133 0.504616
vt 0.370067 0.503941
vt 0.369966 0.503352
vt 0.369870 0.502847
vt 0.369810 0.502415
vt 0.369811 0.500000
vt 0.371060 0.505360
vt 0.371034 0.506117
vt 0.371004 0.504633
vt 0.370883 0.503979
vt 0.370727 0.503416
vt 0.370577 0.502947
vt 0.370478 0.502556
vt 0.370478 0.500000
vt 0.371886 0.505363
vt 0.371907 0.506117
vt 0.371773 0.504645
vt 0.371593 0.504004
vt 0.371377 0.503457
vt 0.371164 0.503013
vt 0.370996 0.502668
vt 0.370996 0.500000
vt 0.401332 0.491926
vt 0.398112 0.491952
vt 0.398158 0.490819
vt 0.401332 0.493016
vt 0.398090 0.493075
vt 0.401332 0.494075
vt 0.398081 0.494145
vt 0.401332 0.495086
vt 0.398084 0.495142
vt 0.401332 0.496034
vt 0.398090 0.496054
vt 0.401332 0.496907
vt 0.398093 0.496878
vt 0.401332 0.502061
vt 0.398086 0.502075
vt 0.394895 0.491964
vt 0.395030 0.490819
vt 0.394842 0.493101
vt 0.394856 0.494165
vt 0.394911 0.495133
vt 0.394970 0.495998
vt 0.395005 0.496766
vt 0.394996 0.502150
vt 0.391809 0.491965
vt 0.391994 0.490819
vt 0.391765 0.493096
vt 0.391843 0.494140
vt 0.391995 0.495070
vt 0.392148 0.495881
vt 0.392243 0.496589
vt 0.392237 0.502270
vt 0.388930 0.491961
vt 0.389095 0.490819
vt 0.388958 0.493073
vt 0.389149 0.494085
vt 0.389438 0.494970
vt 0.389714 0.495727
vt 0.389884 0.496376
vt 0.389882 0.502414
vt 0.386301 0.491956
vt 0.386374 0.490819
vt 0.386462 0.493047
vt 0.386808 0.494028
vt 0.387257 0.494873
vt 0.387685 0.495578
vt 0.387969 0.496164
vt 0.387968 0.502556
vt 0.375000 0.491951
vt 0.375000 0.490819
vt 0.375000 0.493028
vt 0.375000 0.493990
vt 0.375000 0.494811
vt 0.375000 0.495478
vt 0.375000 0.495996
vt 0.386485 0.502668
vt 0.398158 0.506117
vt 0.398081 0.505369
vt 0.401332 0.505380
vt 0.395030 0.506117
vt 0.394861 0.505364
vt 0.391994 0.506117
vt 0.391792 0.505362
vt 0.389095 0.506117
vt 0.388934 0.505363
vt 0.386374 0.506117
vt 0.386318 0.505364
vt 0.383871 0.506117
vt 0.383953 0.505365
vt 0.398049 0.504622
vt 0.401332 0.504653
vt 0.394789 0.504610
vt 0.391734 0.504613
vt 0.388958 0.504626
vt 0.386479 0.504639
vt 0.384277 0.504647
vt 0.398045 0.503905
vt 0.401332 0.503948
vt 0.394802 0.503895
vt 0.391807 0.503913
vt 0.389141 0.503948
vt 0.386814 0.503984
vt 0.384782 0.504006
vt 0.398056 0.503236
vt 0.401332 0.503274
vt 0.394868 0.503243
vt 0.391964 0.503287
vt 0.389427 0.503354
vt 0.387257 0.503418
vt 0.385393 0.503458
vt 0.398072 0.502625
vt 0.401332 0.502642
vt 0.394943 0.502663
vt 0.392129 0.502743
vt 0.389706 0.502847
vt 0.387683 0.502947
vt 0.386003 0.503013
vt 0.371359 0.502668
vt 0.633074 0.506117
vt 0.633048 0.505369
vt 0.634181 0.505380
vt 0.631984 0.506117
vt 0.631925 0.505364
vt 0.630925 0.506117
vt 0.630855 0.505362
vt 0.629914 0.506117
vt 0.629858 0.505363
vt 0.628966 0.506117
vt 0.628946 0.505364
vt 0.628093 0.506117
vt 0.628122 0.505365
vt 0.616129 0.506117
vt 0.616068 0.505363
vt 0.633036 0.504622
vt 0.634181 0.504653
vt 0.631900 0.504610
vt 0.630835 0.504613
vt 0.629867 0.504626
vt 0.629002 0.504639
vt 0.628234 0.504647
vt 0.615744 0.504645
vt 0.633035 0.503905
vt 0.634181 0.503948
vt 0.631904 0.503895
vt 0.630860 0.503913
vt 0.629930 0.503948
vt 0.629119 0.503984
vt 0.628411 0.504006
vt 0.615229 0.504004
vt 0.633039 0.503236
vt 0.634181 0.503274
vt 0.631927 0.503243
vt 0.630915 0.503287
vt 0.630030 0.503354
vt 0.629273 0.503418
vt 0.628624 0.503458
vt 0.614610 0.503457
vt 0.633044 0.502625
vt 0.634181 0.502642
vt 0.631953 0.502663
vt 0.630972 0.502743
vt 0.630128 0.502847
vt 0.629422 0.502947
vt 0.628836 0.503013
vt 0.613998 0.503013
vt 0.633049 0.500000
vt 0.634181 0.500000
vt 0.631972 0.500000
vt 0.631010 0.500000
vt 0.630189 0.500000
vt 0.629522 0.500000
vt 0.629004 0.500000
vt 0.613515 0.502668
vt 0.598668 0.505380
vt 0.601888 0.505362
vt 0.601842 0.506117
vt 0.598668 0.504653
vt 0.601910 0.504614
vt 0.598668 0.503948
vt 0.601919 0.503901
vt 0.598668 0.503274
vt 0.601916 0.503237
vt 0.598668 0.502642
vt 0.601910 0.502629
vt 0.598668 0.502061
vt 0.601907 0.502080
vt 0.598668 0.496907
vt 0.601914 0.496886
vt 0.605105 0.505355
vt 0.604970 0.506117
vt 0.605158 0.504597
vt 0.605144 0.503888
vt 0.605089 0.503243
vt 0.605030 0.502667
vt 0.604995 0.502155
vt 0.605004 0.496773
vt 0.608191 0.505354
vt 0.608006 0.506117
vt 0.608235 0.504600
vt 0.608157 0.503905
vt 0.608005 0.503285
vt 0.607852 0.502745
vt 0.607757 0.502273
vt 0.607763 0.496593
vt 0.611070 0.505356
vt 0.610905 0.506117
vt 0.611042 0.504616
vt 0.610851 0.503941
vt 0.610562 0.503351
vt 0.610286 0.502847
vt 0.610116 0.502415
vt 0.610118 0.496377
vt 0.613699 0.505360
vt 0.613626 0.506117
vt 0.613538 0.504633
vt 0.613192 0.503979
vt 0.612743 0.503416
vt 0.612315 0.502946
vt 0.612031 0.502556
vt 0.612032 0.496164
vt 0.613515 0.495996
vt 0.601841 0.490819
vt 0.601919 0.491942
vt 0.598668 0.491926
vt 0.604970 0.490819
vt 0.605139 0.491949
vt 0.608006 0.490819
vt 0.608208 0.491953
vt 0.610905 0.490819
vt 0.611066 0.491952
vt 0.613626 0.490819
vt 0.613682 0.491950
vt 0.616129 0.490819
vt 0.616047 0.491949
vt 0.625000 0.490819
vt 0.625000 0.491951
vt 0.601951 0.493063
vt 0.598668 0.493016
vt 0.605211 0.493082
vt 0.608266 0.493077
vt 0.611042 0.493058
vt 0.613521 0.493037
vt 0.615723 0.493025
vt 0.625000 0.493028
vt 0.601955 0.494139
vt 0.598668 0.494075
vt 0.605198 0.494155
vt 0.608193 0.494128
vt 0.610859 0.494074
vt 0.613186 0.494021
vt 0.615218 0.493988
vt 0.625000 0.493990
vt 0.601944 0.495143
vt 0.598668 0.495086
vt 0.605132 0.495133
vt 0.608036 0.495067
vt 0.610573 0.494966
vt 0.612743 0.494870
vt 0.614607 0.494810
vt 0.625000 0.494811
vt 0.601928 0.496060
vt 0.598668 0.496034
vt 0.605057 0.496003
vt 0.607871 0.495883
vt 0.610294 0.495727
vt 0.612317 0.495577
vt 0.613997 0.495478
vt 0.625000 0.495478
vt 0.625000 0.495996
vt 0.613515 0.496359
s 0
f 2979/2619/2382 3125/2620/2382 2536/2621/2382 2390/2622/2382
f 3273/2623/2383 3419/2624/2383 3126/2625/2383 2978/2626/2383
f 3418/2627/2384 2830/2628/2384 2537/2629/2384 3124/2630/2384
f 2391/2631/2385 2538/2632/2385 2832/2633/2385 2684/2634/2385
f 2685/2635/2386 2831/2636/2386 3420/2637/2386 3272/2638/2386
f 2389/2639/2387 2392/2640/2387 2399/2641/2387 2398/2642/2387
f 2392/2640/2388 2393/2643/2388 2400/2644/2388 2399/2641/2388
f 2393/2643/2389 2394/2645/2389 2401/2646/2389 2400/2644/2389
f 2394/2645/2390 2395/2647/2390 2402/2648/2390 2401/2646/2390
f 2395/2647/2391 2396/2649/2391 2403/2650/2391 2402/2648/2391
f 2396/2649/2392 2397/2651/2392 2404/2652/2392 2403/2650/2392
f 2397/2651/2393 2481/2653/2393 2482/2654/2393 2404/2652/2393
f 2398/2642/2394 2399/2641/2394 2406/2655/2394 2405/2656/2394
f 2399/2641/2395 2400/2644/2395 2407/2657/2395 2406/2655/2395
f 2400/2644/2396 2401/2646/2396 2408/2658/2396 2407/2657/2396
f 2401/2646/2397 2402/2648/2397 2409/2659/2397 2408/2658/2397
f 2402/2648/2398 2403/2650/2398 2410/2660/2398 2409/2659/2398
f 2403/2650/2399 2404/2652/2399 2411/2661/2399 2410/2660/2399
f 2404/2652/2400 2482/2654/2400 2483/2662/2400 2411/2661/2400
f 2405/2656/2401 2406/2655/2401 2413/2663/2401 2412/2664/2401
f 2406/2655/2402 2407/2657/2402 2414/2665/2402 2413/2663/2402
f 2407/2657/2403 2408/2658/2403 2415/2666/2403 2414/2665/2403
f 2408/2658/2404 2409/2659/2404 2416/2667/2404 2415/2666/2404
f 2409/2659/2405 2410/2660/2405 2417/2668/2405 2416/2667/2405
f 2410/2660/2406 2411/2661/2406 2418/2669/2406 2417/2668/2406
f 2411/2661/2407 2483/2662/2407 2484/2670/2407 2418/2669/2407
f 2412/2664/2408 2413/2663/2408 2420/2671/2408 2419/2672/2408
f 2413/2663/2409 2414/2665/2409 2421/2673/2409 2420/2671/2409
f 2414/2665/2410 2415/2666/2410 2422/2674/2410 2421/2673/2410
f 2415/2666/2411 2416/2667/2411 2423/2675/2411 2422/2674/2411
f 2416/2667/2412 2417/2668/2412 2424/2676/2412 2423/2675/2412
f 2417/2668/2413 2418/2669/2413 2425/2677/2413 2424/2676/2413
f 2418/2669/2414 2484/2670/2414 2485/2678/2414 2425/2677/2414
f 2419/2672/2415 2420/2671/2415 2427/2679/2415 2426/2680/2415
f 2420/2671/2416 2421/2673/2416 2428/2681/2416 2427/2679/2416
f 2421/2673/2417 2422/2674/2417 2429/2682/2417 2428/2681/2417
f 2422/2674/2418 2423/2675/2418 2430/2683/2418 2429/2682/2418
f 2423/2675/2419 2424/2676/2419 2431/2684/2419 2430/2683/2419
f 2424/2676/2420 2425/2677/2420 2432/2685/2420 2431/2684/2420
f 2425/2677/2421 2485/2678/2421 2486/2686/2421 2432/2685/2421
f 2426/2680/2422 2427/2679/2422 2434/2687/2422 2433/2688/2422
f 2427/2679/2423 2428/2681/2423 2435/2689/2423 2434/2687/2423
f 2428/2681/2424 2429/2682/2424 2436/2690/2424 2435/2689/2424
f 2429/2682/2425 2430/2683/2425 2437/2691/2425 2436/2690/2425
f 2430/2683/2426 2431/2684/2426 2438/2692/2426 2437/2691/2426
f 2431/2684/2427 2432/2685/2427 2439/2693/2427 2438/2692/2427
f 2432/2685/2428 2486/2686/2428 2487/2694/2428 2439/2693/2428
f 2390/2622/2429 2440/2695/2429 2447/2696/2429 2446/2697/2429
f 2440/2695/2430 2441/2698/2430 2448/2699/2430 2447/2696/2430
f 2441/2698/2431 2442/2700/2431 2449/2701/2431 2448/2699/2431
f 2442/2700/2432 2443/2702/2432 2450/2703/2432 2449/2701/2432
f 2443/2702/2433 2444/2704/2433 2451/2705/2433 2450/2703/2433
f 2444/2704/2434 2445/2706/2434 2452/2707/2434 2451/2705/2434
f 2445/2708/2435 2529/2709/2435 2530/2710/2435 2452/2711/2435
f 2446/2697/2436 2447/2696/2436 2454/2712/2436 2453/2713/2436
f 2447/2696/2437 2448/2699/2437 2455/2714/2437 2454/2712/2437
f 2448/2699/2438 2449/2701/2438 2456/2715/2438 2455/2714/2438
f 2449/2701/2439 2450/2703/2439 2457/2716/2439 2456/2715/2439
f 2450/2703/2440 2451/2705/2440 2458/2717/2440 2457/2716/2440
f 2451/2705/2441 2452/2707/2441 2459/2718/2441 2458/2717/2441
f 2452/2711/2442 2530/2710/2442 2531/2719/2442 2459/2720/2442
f 2453/2713/2443 2454/2712/2443 2461/2721/2443 2460/2722/2443
f 2454/2712/2444 2455/2714/2444 2462/2723/2444 2461/2721/2444
f 2455/2714/2445 2456/2715/2445 2463/2724/2445 2462/2723/2445
f 2456/2715/2446 2457/2716/2446 2464/2725/2446 2463/2724/2446
f 2457/2716/2447 2458/2717/2447 2465/2726/2447 2464/2725/2447
f 2458/2717/2448 2459/2718/2448 2466/2727/2448 2465/2726/2448
f 2459/2720/2449 2531/2719/2449 2532/2728/2449 2466/2729/2449
f 2460/2722/2450 2461/2721/2450 2468/2730/2450 2467/2731/2450
f 2461/2721/2451 2462/2723/2451 2469/2732/2451 2468/2730/2451
f 2462/2723/2452 2463/2724/2452 2470/2733/2452 2469/2732/2452
f 2463/2724/2453 2464/2725/2453 2471/2734/2453 2470/2733/2453
f 2464/2725/2454 2465/2726/2454 2472/2735/2454 2471/2734/2454
f 2465/2726/2455 2466/2727/2455 2473/2736/2455 2472/2735/2455
f 2466/2729/2456 2532/2728/2456 2533/2737/2456 2473/2738/2456
f 2467/2731/2457 2468/2730/2457 2475/2739/2457 2474/2740/2457
f 2468/2730/2458 2469/2732/2458 2476/2741/2458 2475/2739/2458
f 2469/2732/2459 2470/2733/2459 2477/2742/2459 2476/2741/2459
f 2470/2733/2460 2471/2734/2460 2478/2743/2460 2477/2742/2460
f 2471/2734/2461 2472/2735/2461 2479/2744/2461 2478/2743/2461
f 2472/2735/2462 2473/2736/2462 2480/2745/2462 2479/2744/2462
f 2473/2738/2463 2533/2737/2463 2534/2746/2463 2480/2747/2463
f 2474/2740/2464 2475/2739/2464 2482/2748/2464 2481/2749/2464
f 2475/2739/2465 2476/2741/2465 2483/2750/2465 2482/2748/2465
f 2476/2741/2466 2477/2742/2466 2484/2751/2466 2483/2750/2466
f 2477/2742/2467 2478/2743/2467 2485/2752/2467 2484/2751/2467
f 2478/2743/2468 2479/2744/2468 2486/2753/2468 2485/2752/2468
f 2479/2744/2469 2480/2745/2469 2487/2754/2469 2486/2753/2469
f 2480/2747/2470 2534/2746/2470 2535/2755/2470 2487/2756/2470
f 2391/2631/2471 2488/2757/2471 2495/2758/2471 2494/2759/2471
f 2488/2757/2472 2489/2760/2472 2496/2761/2472 2495/2758/2472
f 2489/2760/2473 2490/2762/2473 2497/2763/2473 2496/2761/2473
f 2490/2762/2474 2491/2764/2474 2498/2765/2474 2497/2763/2474
f 2491/2764/2475 2492/2766/2475 2499/2767/2475 2498/2765/2475
f 2492/2766/2476 2493/2768/2476 2500/2769/2476 2499/2767/2476
f 2493/2770/2477 2433/2688/2477 2434/2687/2477 2500/2771/2477
f 2494/2759/2478 2495/2758/2478 2502/2772/2478 2501/2773/2478
f 2495/2758/2479 2496/2761/2479 2503/2774/2479 2502/2772/2479
f 2496/2761/2480 2497/2763/2480 2504/2775/2480 2503/2774/2480
f 2497/2763/2481 2498/2765/2481 2505/2776/2481 2504/2775/2481
f 2498/2765/2482 2499/2767/2482 2506/2777/2482 2505/2776/2482
f 2499/2767/2483 2500/2769/2483 2507/2778/2483 2506/2777/2483
f 2500/2771/2484 2434/2687/2484 2435/2689/2484 2507/2779/2484
f 2501/2773/2485 2502/2772/2485 2509/2780/2485 2508/2781/2485
f 2502/2772/2486 2503/2774/2486 2510/2782/2486 2509/2780/2486
f 2503/2774/2487 2504/2775/2487 2511/2783/2487 2510/2782/2487
f 2504/2775/2488 2505/2776/2488 2512/2784/2488 2511/2783/2488
f 2505/2776/2489 2506/2777/2489 2513/2785/2489 2512/2784/2489
f 2506/2777/2490 2507/2778/2490 2514/2786/2490 2513/2785/2490
f 2507/2779/2491 2435/2689/2491 2436/2690/2491 2514/2787/2491
f 2508/2781/2492 2509/2780/2492 2516/2788/2492 2515/2789/2492
f 2509/2780/2493 2510/2782/2493 2517/2790/2493 2516/2788/2493
f 2510/2782/2494 2511/2783/2494 2518/2791/2494 2517/2790/2494
f 2511/2783/2495 2512/2784/2495 2519/2792/2495 2518/2791/2495
f 2512/2784/2496 2513/2785/2496 2520/2793/2496 2519/2792/2496
f 2513/2785/2497 2514/2786/2497 2521/2794/2497 2520/2793/2497
f 2514/2787/2498 2436/2690/2498 2437/2691/2498 2521/2795/2498
f 2515/2789/2499 2516/2788/2499 2523/2796/2499 2522/2797/2499
f 2516/2788/2500 2517/2790/2500 2524/2798/2500 2523/2796/2500
f 2517/2790/2501 2518/2791/2501 2525/2799/2501 2524/2798/2501
f 2518/2791/2502 2519/2792/2502 2526/2800/2502 2525/2799/2502
f 2519/2792/2503 2520/2793/2503 2527/2801/2503 2526/2800/2503
f 2520/2793/2504 2521/2794/2504 2528/2802/2504 2527/2801/2504
f 2521/2795/2505 2437/2691/2505 2438/2692/2505 2528/2803/2505
f 2522/2797/2506 2523/2796/2506 2530/2710/2506 2529/2709/2506
f 2523/2796/2507 2524/2798/2507 2531/2719/2507 2530/2710/2507
f 2524/2798/2508 2525/2799/2508 2532/2728/2508 2531/2719/2508
f 2525/2799/2509 2526/2800/2509 2533/2737/2509 2532/2728/2509
f 2526/2800/2510 2527/2801/2510 2534/2746/2510 2533/2737/2510
f 2527/2801/2511 2528/2802/2511 2535/2755/2511 2534/2746/2511
f 2528/2803/2512 2438/2692/2512 2439/2693/2512 2535/2804/2512
f 2439/2693/2513 2487/2694/2513 2535/2804/2513
f 2536/2621/2514 2539/2805/2514 2546/2806/2514 2545/2807/2514
f 2539/2805/2515 2540/2808/2515 2547/2809/2515 2546/2806/2515
f 2540/2808/2516 2541/2810/2516 2548/2811/2516 2547/2809/2516
f 2541/2810/2517 2542/2812/2517 2549/2813/2517 2548/2811/2517
f 2542/2812/2518 2543/2814/2518 2550/2815/2518 2549/2813/2518
f 2543/2814/2519 2544/2816/2519 2551/2817/2519 2550/2815/2519
f 2544/2816/2520 2628/2818/2520 2629/2819/2520 2551/2817/2520
f 2545/2807/2521 2546/2806/2521 2553/2820/2521 2552/2821/2521
f 2546/2806/2522 2547/2809/2522 2554/2822/2522 2553/2820/2522
f 2547/2809/2523 2548/2811/2523 2555/2823/2523 2554/2822/2523
f 2548/2811/2524 2549/2813/2524 2556/2824/2524 2555/2823/2524
f 2549/2813/2525 2550/2815/2525 2557/2825/2525 2556/2824/2525
f 2550/2815/2526 2551/2817/2526 2558/2826/2526 2557/2825/2526
f 2551/2817/2527 2629/2819/2527 2630/2827/2527 2558/2826/2527
f 2552/2821/2528 2553/2820/2528 2560/2828/2528 2559/2829/2528
f 2553/2820/2529 2554/2822/2529 2561/2830/2529 2560/2828/2529
f 2554/2822/2530 2555/2823/2530 2562/2831/2530 2561/2830/2530
f 2555/2823/2531 2556/2824/2531 2563/2832/2531 2562/2831/2531
f 2556/2824/2532 2557/2825/2532 2564/2833/2532 2563/2832/2532
f 2557/2825/2533 2558/2826/2533 2565/2834/2533 2564/2833/2533
f 2558/2826/2534 2630/2827/2534 2631/2835/2534 2565/2834/2534
f 2559/2829/2535 2560/2828/2535 2567/2836/2535 2566/2837/2535
f 2560/2828/2536 2561/2830/2536 2568/2838/2536 2567/2836/2536
f 2561/2830/2537 2562/2831/2537 2569/2839/2537 2568/2838/2537
f 2562/2831/2538 2563/2832/2538 2570/2840/2538 2569/2839/2538
f 2563/2832/2539 2564/2833/2539 2571/2841/2539 2570/2840/2539
f 2564/2833/2540 2565/2834/2540 2572/2842/2540 2571/2841/2540
f 2565/2834/2541 2631/2835/2541 2632/2843/2541 2572/2842/2541
f 2566/2837/2542 2567/2836/2542 2574/2844/2542 2573/2845/2542
f 2567/2836/2543 2568/2838/2543 2575/2846/2543 2574/2844/2543
f 2568/2838/2544 2569/2839/2544 2576/2847/2544 2575/2846/2544
f 2569/2839/2545 2570/2840/2545 2577/2848/2545 2576/2847/2545
f 2570/2840/2546 2571/2841/2546 2578/2849/2546 2577/2848/2546
f 2571/2841/2547 2572/2842/2547 2579/2850/2547 2578/2849/2547
f 2572/2842/2548 2632/2843/2548 2633/2851/2548 2579/2850/2548
f 2573/2845/2549 2574/2844/2549 2581/2852/2549 2580/2853/2549
f 2574/2844/2550 2575/2846/2550 2582/2854/2550 2581/2852/2550
f 2575/2846/2551 2576/2847/2551 2583/2855/2551 2582/2854/2551
f 2576/2847/2552 2577/2848/2552 2584/2856/2552 2583/2855/2552
f 2577/2848/2553 2578/2849/2553 2585/2857/2553 2584/2856/2553
f 2578/2849/2554 2579/2850/2554 2586/2858/2554 2585/2857/2554
f 2579/2850/2555 2633/2851/2555 2634/2859/2555 2586/2858/2555
f 2537/2629/2556 2587/2860/2556 2594/2861/2556 2593/2862/2556
f 2587/2860/2557 2588/2863/2557 2595/2864/2557 2594/2861/2557
f 2588/2863/2558 2589/2865/2558 2596/2866/2558 2595/2864/2558
f 2589/2865/2559 2590/2867/2559 2597/2868/2559 2596/2866/2559
f 2590/2867/2560 2591/2869/2560 2598/2870/2560 2597/2868/2560
f 2591/2869/2561 2592/2871/2561 2599/2872/2561 2598/2870/2561
f 2592/2873/2562 2676/2874/2562 2677/2875/2562 2599/2876/2562
f 2593/2862/2563 2594/2861/2563 2601/2877/2563 2600/2878/2563
f 2594/2861/2564 2595/2864/2564 2602/2879/2564 2601/2877/2564
f 2595/2864/2565 2596/2866/2565 2603/2880/2565 2602/2879/2565
f 2596/2866/2566 2597/2868/2566 2604/2881/2566 2603/2880/2566
f 2597/2868/2567 2598/2870/2567 2605/2882/2567 2604/2881/2567
f 2598/2870/2568 2599/2872/2568 2606/2883/2568 2605/2882/2568
f 2599/2876/2569 2677/2875/2569 2678/2884/2569 2606/2885/2569
f 2600/2878/2570 2601/2877/2570 2608/2886/2570 2607/2887/2570
f 2601/2877/2571 2602/2879/2571 2609/2888/2571 2608/2886/2571
f 2602/2879/2572 2603/2880/2572 2610/2889/2572 2609/2888/2572
f 2603/2880/2573 2604/2881/2573 2611/2890/2573 2610/2889/2573
f 2604/2881/2574 2605/2882/2574 2612/2891/2574 2611/2890/2574
f 2605/2882/2575 2606/2883/2575 2613/2892/2575 2612/2891/2575
f 2606/2885/2576 2678/2884/2576 2679/2893/2576 2613/2894/2576
f 2607/2887/2577 2608/2886/2577 2615/2895/2577 2614/2896/2577
f 2608/2886/2578 2609/2888/2578 2616/2897/2578 2615/2895/2578
f 2609/2888/2579 2610/2889/2579 2617/2898/2579 2616/2897/2579
f 2610/2889/2580 2611/2890/2580 2618/2899/2580 2617/2898/2580
f 2611/2890/2581 2612/2891/2581 2619/2900/2581 2618/2899/2581
f 2612/2891/2582 2613/2892/2582 2620/2901/2582 2619/2900/2582
f 2613/2894/2583 2679/2893/2583 2680/2902/2583 2620/2903/2583
f 2614/2896/2584 2615/2895/2584 2622/2904/2584 2621/2905/2584
f 2615/2895/2585 2616/2897/2585 2623/2906/2585 2622/2904/2585
f 2616/2897/2586 2617/2898/2586 2624/2907/2586 2623/2906/2586
f 2617/2898/2587 2618/2899/2587 2625/2908/2587 2624/2907/2587
f 2618/2899/2588 2619/2900/2588 2626/2909/2588 2625/2908/2588
f 2619/2900/2589 2620/2901/2589 2627/2910/2589 2626/2909/2589
f 2620/2903/2590 2680/2902/2590 2681/2911/2590 2627/2912/2590
f 2621/2905/2591 2622/2904/2591 2629/2913/2591 2628/2914/2591
f 2622/2904/2592 2623/2906/2592 2630/2915/2592 2629/2913/2592
f 2623/2906/2593 2624/2907/2593 2631/2916/2593 2630/2915/2593
f 2624/2907/2594 2625/2908/2594 2632/2917/2594 2631/2916/2594
f 2625/2908/2595 2626/2909/2595 2633/2918/2595 2632/2917/2595
f 2626/2909/2596 2627/2910/2596 2634/2919/2596 2633/2918/2596
f 2627/2912/2597 2681/2911/2597 2682/2920/2597 2634/2921/2597
f 2538/2632/2598 2635/2922/2598 2642/2923/2598 2641/2924/2598
f 2635/2922/2599 2636/2925/2599 2643/2926/2599 2642/2923/2599
f 2636/2925/2600 2637/2927/2600 2644/2928/2600 2643/2926/2600
f 2637/2927/2601 2638/2929/2601 2645/2930/2601 2644/2928/2601
f 2638/2929/2602 2639/2931/2602 2646/2932/2602 2645/2930/2602
f 2639/2931/2603 2640/2933/2603 2647/2934/2603 2646/2932/2603
f 2640/2933/2604 2580/2935/2604 2581/2936/2604 2647/2934/2604
f 2641/2924/2605 2642/2923/2605 2649/2937/2605 2648/2938/2605
f 2642/2923/2606 2643/2926/2606 2650/2939/2606 2649/2937/2606
f 2643/2926/2607 2644/2928/2607 2651/2940/2607 2650/2939/2607
f 2644/2928/2608 2645/2930/2608 2652/2941/2608 2651/2940/2608
f 2645/2930/2609 2646/2932/2609 2653/2942/2609 2652/2941/2609
f 2646/2932/2610 2647/2934/2610 2654/2943/2610 2653/2942/2610
f 2647/2934/2611 2581/2936/2611 2582/2944/2611 2654/2943/2611
f 2648/2938/2612 2649/2937/2612 2656/2945/2612 2655/2946/2612
f 2649/2937/2613 2650/2939/2613 2657/2947/2613 2656/2945/2613
f 2650/2939/2614 2651/2940/2614 2658/2948/2614 2657/2947/2614
f 2651/2940/2615 2652/2941/2615 2659/2949/2615 2658/2948/2615
f 2652/2941/2616 2653/2942/2616 2660/2950/2616 2659/2949/2616
f 2653/2942/2617 2654/2943/2617 2661/2951/2617 2660/2950/2617
f 2654/2943/2618 2582/2944/2618 2583/2952/2618 2661/2951/2618
f 2655/2946/2619 2656/2945/2619 2663/2953/2619 2662/2954/2619
f 2656/2945/2620 2657/2947/2620 2664/2955/2620 2663/2953/2620
f 2657/2947/2621 2658/2948/2621 2665/2956/2621 2664/2955/2621
f 2658/2948/2622 2659/2949/2622 2666/2957/2622 2665/2956/2622
f 2659/2949/2623 2660/2950/2623 2667/2958/2623 2666/2957/2623
f 2660/2950/2624 2661/2951/2624 2668/2959/2624 2667/2958/2624
f 2661/2951/2625 2583/2952/2625 2584/2960/2625 2668/2959/2625
f 2662/2954/2626 2663/2953/2626 2670/2961/2626 2669/2962/2626
f 2663/2953/2627 2664/2955/2627 2671/2963/2627 2670/2961/2627
f 2664/2955/2628 2665/2956/2628 2672/2964/2628 2671/2963/2628
f 2665/2956/2629 2666/2957/2629 2673/2965/2629 2672/2964/2629
f 2666/2957/2630 2667/2958/2630 2674/2966/2630 2673/2965/2630
f 2667/2958/2631 2668/2959/2631 2675/2967/2631 2674/2966/2631
f 2668/2959/2632 2584/2960/2632 2585/2968/2632 2675/2967/2632
f 2669/2962/2633 2670/2961/2633 2677/2875/2633 2676/2874/2633
f 2670/2961/2634 2671/2963/2634 2678/2884/2634 2677/2875/2634
f 2671/2963/2635 2672/2964/2635 2679/2893/2635 2678/2884/2635
f 2672/2964/2636 2673/2965/2636 2680/2902/2636 2679/2893/2636
f 2673/2965/2637 2674/2966/2637 2681/2911/2637 2680/2902/2637
f 2674/2966/2638 2675/2967/2638 2682/2920/2638 2681/2911/2638
f 2675/2967/2639 2585/2968/2639 2586/2969/2639 2682/2920/2639
f 2586/2969/2640 2634/2921/2640 2682/2920/2640
f 2683/2970/2641 2686/2971/2641 2693/2972/2641 2692/2973/2641
f 2686/2971/2642 2687/2974/2642 2694/2975/2642 2693/2972/2642
f 2687/2974/2643 2688/2976/2643 2695/2977/2643 2694/2975/2643
f 2688/2976/2644 2689/2978/2644 2696/2979/2644 2695/2977/2644
f 2689/2978/2645 2690/2980/2645 2697/2981/2645 2696/2979/2645
f 2690/2980/2646 2691/2982/2646 2698/2983/2646 2697/2981/2646
f 2691/2982/2647 2775/2984/2647 2776/2985/2647 2698/2983/2647
f 2692/2973/2648 2693/2972/2648 2700/2986/2648 2699/2987/2648
f 2693/2972/2649 2694/2975/2649 2701/2988/2649 2700/2986/2649
f 2694/2975/2650 2695/2977/2650 2702/2989/2650 2701/2988/2650
f 2695/2977/2651 2696/2979/2651 2703/2990/2651 2702/2989/2651
f 2696/2979/2652 2697/2981/2652 2704/2991/2652 2703/2990/2652
f 2697/2981/2653 2698/2983/2653 2705/2992/2653 2704/2991/2653
f 2698/2983/2654 2776/2985/2654 2777/2993/2654 2705/2992/2654
f 2699/2987/2655 2700/2986/2655 2707/2994/2655 2706/2995/2655
f 2700/2986/2656 2701/2988/2656 2708/2996/2656 2707/2994/2656
f 2701/2988/2657 2702/2989/2657 2709/2997/2657 2708/2996/2657
f 2702/2989/2658 2703/2990/2658 2710/2998/2658 2709/2997/2658
f 2703/2990/2659 2704/2991/2659 2711/2999/2659 2710/2998/2659
f 2704/2991/2660 2705/2992/2660 2712/3000/2660 2711/2999/2660
f 2705/2992/2661 2777/2993/2661 2778/3001/2661 2712/3000/2661
f 2706/2995/2662 2707/2994/2662 2714/3002/2662 2713/3003/2662
f 2707/2994/2663 2708/2996/2663 2715/3004/2663 2714/3002/2663
f 2708/2996/2664 2709/2997/2664 2716/3005/2664 2715/3004/2664
f 2709/2997/2665 2710/2998/2665 2717/3006/2665 2716/3005/2665
f 2710/2998/2666 2711/2999/2666 2718/3007/2666 2717/3006/2666
f 2711/2999/2667 2712/3000/2667 2719/3008/2667 2718/3007/2667
f 2712/3000/2668 2778/3001/2668 2779/3009/2668 2719/3008/2668
f 2713/3003/2669 2714/3002/2669 2721/3010/2669 2720/3011/2669
f 2714/3002/2670 2715/3004/2670 2722/3012/2670 2721/3010/2670
f 2715/3004/2671 2716/3005/2671 2723/3013/2671 2722/3012/2671
f 2716/3005/2672 2717/3006/2672 2724/3014/2672 2723/3013/2672
f 2717/3006/2673 2718/3007/2673 2725/3015/2673 2724/3014/2673
f 2718/3007/2674 2719/3008/2674 2726/3016/2674 2725/3015/2674
f 2719/3008/2675 2779/3009/2675 2780/3017/2675 2726/3016/2675
f 2720/3011/2676 2721/3010/2676 2728/3018/2676 2727/3019/2676
f 2721/3010/2677 2722/3012/2677 2729/3020/2677 2728/3018/2677
f 2722/3012/2678 2723/3013/2678 2730/3021/2678 2729/3020/2678
f 2723/3013/2679 2724/3014/2679 2731/3022/2679 2730/3021/2679
f 2724/3014/2680 2725/3015/2680 2732/3023/2680 2731/3022/2680
f 2725/3015/2681 2726/3016/2681 2733/3024/2681 2732/3023/2681
f 2726/3016/2682 2780/3017/2682 2781/3025/2682 2733/3024/2682
f 2684/2634/2683 2734/3026/2683 2741/3027/2683 2740/3028/2683
f 2734/3026/2684 2735/3029/2684 2742/3030/2684 2741/3027/2684
f 2735/3029/2685 2736/3031/2685 2743/3032/2685 2742/3030/2685
f 2736/3031/2686 2737/3033/2686 2744/3034/2686 2743/3032/2686
f 2737/3033/2687 2738/3035/2687 2745/3036/2687 2744/3034/2687
f 2738/3035/2688 2739/3037/2688 2746/3038/2688 2745/3036/2688
f 2739/3037/2689 2823/3039/2689 2824/3040/2689 2746/3038/2689
f 2740/3028/2690 2741/3027/2690 2748/3041/2690 2747/3042/2690
f 2741/3027/2691 2742/3030/2691 2749/3043/2691 2748/3041/2691
f 2742/3030/2692 2743/3032/2692 2750/3044/2692 2749/3043/2692
f 2743/3032/2693 2744/3034/2693 2751/3045/2693 2750/3044/2693
f 2744/3034/2694 2745/3036/2694 2752/3046/2694 2751/3045/2694
f 2745/3036/2695 2746/3038/2695 2753/3047/2695 2752/3046/2695
f 2746/3038/2696 2824/3040/2696 2825/3048/2696 2753/3047/2696
f 2747/3042/2697 2748/3041/2697 2755/3049/2697 2754/3050/2697
f 2748/3041/2698 2749/3043/2698 2756/3051/2698 2755/3049/2698
f 2749/3043/2699 2750/3044/2699 2757/3052/2699 2756/3051/2699
f 2750/3044/2700 2751/3045/2700 2758/3053/2700 2757/3052/2700
f 2751/3045/2701 2752/3046/2701 2759/3054/2701 2758/3053/2701
f 2752/3046/2702 2753/3047/2702 2760/3055/2702 2759/3054/2702
f 2753/3047/2703 2825/3048/2703 2826/3056/2703 2760/3055/2703
f 2754/3050/2704 2755/3049/2704 2762/3057/2704 2761/3058/2704
f 2755/3049/2705 2756/3051/2705 2763/3059/2705 2762/3057/2705
f 2756/3051/2706 2757/3052/2706 2764/3060/2706 2763/3059/2706
f 2757/3052/2707 2758/3053/2707 2765/3061/2707 2764/3060/2707
f 2758/3053/2708 2759/3054/2708 2766/3062/2708 2765/3061/2708
f 2759/3054/2709 2760/3055/2709 2767/3063/2709 2766/3062/2709
f 2760/3055/2710 2826/3056/2710 2827/3064/2710 2767/3063/2710
f 2761/3058/2711 2762/3057/2711 2769/3065/2711 2768/3066/2711
f 2762/3057/2712 2763/3059/2712 2770/3067/2712 2769/3065/2712
f 2763/3059/2713 2764/3060/2713 2771/3068/2713 2770/3067/2713
f 2764/3060/2714 2765/3061/2714 2772/3069/2714 2771/3068/2714
f 2765/3061/2715 2766/3062/2715 2773/3070/2715 2772/3069/2715
f 2766/3062/2716 2767/3063/2716 2774/3071/2716 2773/3070/2716
f 2767/3063/2717 2827/3064/2717 2828/3072/2717 2774/3071/2717
f 2768/3066/2718 2769/3065/2718 2776/3073/2718 2775/3074/2718
f 2769/3065/2719 2770/3067/2719 2777/3075/2719 2776/3073/2719
f 2770/3067/2720 2771/3068/2720 2778/3076/2720 2777/3075/2720
f 2771/3068/2721 2772/3069/2721 2779/3077/2721 2778/3076/2721
f 2772/3069/2722 2773/3070/2722 2780/3078/2722 2779/3077/2722
f 2773/3070/2723 2774/3071/2723 2781/3079/2723 2780/3078/2723
f 2774/3071/2724 2828/3072/2724 2829/3080/2724 2781/3079/2724
f 2685/2635/2725 2782/3081/2725 2789/3082/2725 2788/3083/2725
f 2782/3081/2726 2783/3084/2726 2790/3085/2726 2789/3082/2726
f 2783/3084/2727 2784/3086/2727 2791/3087/2727 2790/3085/2727
f 2784/3086/2728 2785/3088/2728 2792/3089/2728 2791/3087/2728
f 2785/3088/2729 2786/3090/2729 2793/3091/2729 2792/3089/2729
f 2786/3090/2730 2787/3092/2730 2794/3093/2730 2793/3091/2730
f 2787/3094/2731 2727/3019/2731 2728/3018/2731 2794/3095/2731
f 2788/3083/2732 2789/3082/2732 2796/3096/2732 2795/3097/2732
f 2789/3082/2733 2790/3085/2733 2797/3098/2733 2796/3096/2733
f 2790/3085/2734 2791/3087/2734 2798/3099/2734 2797/3098/2734
f 2791/3087/2735 2792/3089/2735 2799/3100/2735 2798/3099/2735
f 2792/3089/2736 2793/3091/2736 2800/3101/2736 2799/3100/2736
f 2793/3091/2737 2794/3093/2737 2801/3102/2737 2800/3101/2737
f 2794/3095/2738 2728/3018/2738 2729/3020/2738 2801/3103/2738
f 2795/3097/2739 2796/3096/2739 2803/3104/2739 2802/3105/2739
f 2796/3096/2740 2797/3098/2740 2804/3106/2740 2803/3104/2740
f 2797/3098/2741 2798/3099/2741 2805/3107/2741 2804/3106/2741
f 2798/3099/2742 2799/3100/2742 2806/3108/2742 2805/3107/2742
f 2799/3100/2743 2800/3101/2743 2807/3109/2743 2806/3108/2743
f 2800/3101/2744 2801/3102/2744 2808/3110/2744 2807/3109/2744
f 2801/3103/2745 2729/3020/2745 2730/3021/2745 2808/3111/2745
f 2802/3105/2746 2803/3104/2746 2810/3112/2746 2809/3113/2746
f 2803/3104/2747 2804/3106/2747 2811/3114/2747 2810/3112/2747
f 2804/3106/2748 2805/3107/2748 2812/3115/2748 2811/3114/2748
f 2805/3107/2749 2806/3108/2749 2813/3116/2749 2812/3115/2749
f 2806/3108/2750 2807/3109/2750 2814/3117/2750 2813/3116/2750
f 2807/3109/2751 2808/3110/2751 2815/3118/2751 2814/3117/2751
f 2808/3111/2752 2730/3021/2752 2731/3022/2752 2815/3119/2752
f 2809/3113/2753 2810/3112/2753 2817/3120/2753 2816/3121/2753
f 2810/3112/2754 2811/3114/2754 2818/3122/2754 2817/3120/2754
f 2811/3114/2755 2812/3115/2755 2819/3123/2755 2818/3122/2755
f 2812/3115/2756 2813/3116/2756 2820/3124/2756 2819/3123/2756
f 2813/3116/2757 2814/3117/2757 2821/3125/2757 2820/3124/2757
f 2814/3117/2758 2815/3118/2758 2822/3126/2758 2821/3125/2758
f 2815/3119/2759 2731/3022/2759 2732/3023/2759 2822/3127/2759
f 2816/3121/2760 2817/3120/2760 2824/3040/2760 2823/3039/2760
f 2817/3120/2761 2818/3122/2761 2825/3048/2761 2824/3040/2761
f 2818/3122/2762 2819/3123/2762 2826/3056/2762 2825/3048/2762
f 2819/3123/2763 2820/3124/2763 2827/3064/2763 2826/3056/2763
f 2820/3124/2764 2821/3125/2764 2828/3072/2764 2827/3064/2764
f 2821/3125/2765 2822/3126/2765 2829/3080/2765 2828/3072/2765
f 2822/3127/2766 2732/3023/2766 2733/3024/2766 2829/3128/2766
f 2733/3024/2767 2781/3025/2767 2829/3128/2767
f 2830/2628/2768 2833/3129/2768 2840/3130/2768 2839/3131/2768
f 2833/3129/2769 2834/3132/2769 2841/3133/2769 2840/3130/2769
f 2834/3132/2770 2835/3134/2770 2842/3135/2770 2841/3133/2770
f 2835/3134/2771 2836/3136/2771 2843/3137/2771 2842/3135/2771
f 2836/3136/2772 2837/3138/2772 2844/3139/2772 2843/3137/2772
f 2837/3138/2773 2838/3140/2773 2845/3141/2773 2844/3139/2773
f 2838/3142/2774 2922/3143/2774 2923/3144/2774 2845/3145/2774
f 2839/3131/2775 2840/3130/2775 2847/3146/2775 2846/3147/2775
f 2840/3130/2776 2841/3133/2776 2848/3148/2776 2847/3146/2776
f 2841/3133/2777 2842/3135/2777 2849/3149/2777 2848/3148/2777
f 2842/3135/2778 2843/3137/2778 2850/3150/2778 2849/3149/2778
f 2843/3137/2779 2844/3139/2779 2851/3151/2779 2850/3150/2779
f 2844/3139/2780 2845/3141/2780 2852/3152/2780 2851/3151/2780
f 2845/3145/2781 2923/3144/2781 2924/3153/2781 2852/3154/2781
f 2846/3147/2782 2847/3146/2782 2854/3155/2782 2853/3156/2782
f 2847/3146/2783 2848/3148/2783 2855/3157/2783 2854/3155/2783
f 2848/3148/2784 2849/3149/2784 2856/3158/2784 2855/3157/2784
f 2849/3149/2785 2850/3150/2785 2857/3159/2785 2856/3158/2785
f 2850/3150/2786 2851/3151/2786 2858/3160/2786 2857/3159/2786
f 2851/3151/2787 2852/3152/2787 2859/3161/2787 2858/3160/2787
f 2852/3154/2788 2924/3153/2788 2925/3162/2788 2859/3163/2788
f 2853/3156/2789 2854/3155/2789 2861/3164/2789 2860/3165/2789
f 2854/3155/2790 2855/3157/2790 2862/3166/2790 2861/3164/2790
f 2855/3157/2791 2856/3158/2791 2863/3167/2791 2862/3166/2791
f 2856/3158/2792 2857/3159/2792 2864/3168/2792 2863/3167/2792
f 2857/3159/2793 2858/3160/2793 2865/3169/2793 2864/3168/2793
f 2858/3160/2794 2859/3161/2794 2866/3170/2794 2865/3169/2794
f 2859/3163/2795 2925/3162/2795 2926/3171/2795 2866/3172/2795
f 2860/3165/2796 2861/3164/2796 2868/3173/2796 2867/3174/2796
f 2861/3164/2797 2862/3166/2797 2869/3175/2797 2868/3173/2797
f 2862/3166/2798 2863/3167/2798 2870/3176/2798 2869/3175/2798
f 2863/3167/2799 2864/3168/2799 2871/3177/2799 2870/3176/2799
f 2864/3168/2800 2865/3169/2800 2872/3178/2800 2871/3177/2800
f 2865/3169/2801 2866/3170/2801 2873/3179/2801 2872/3178/2801
f 2866/3172/2802 2926/3171/2802 2927/3180/2802 2873/3181/2802
f 2867/3174/2803 2868/3173/2803 2875/3182/2803 2874/3183/2803
f 2868/3173/2804 2869/3175/2804 2876/3184/2804 2875/3182/2804
f 2869/3175/2805 2870/3176/2805 2877/3185/2805 2876/3184/2805
f 2870/3176/2806 2871/3177/2806 2878/3186/2806 2877/3185/2806
f 2871/3177/2807 2872/3178/2807 2879/3187/2807 2878/3186/2807
f 2872/3178/2808 2873/3179/2808 2880/3188/2808 2879/3187/2808
f 2873/3181/2809 2927/3180/2809 2928/3189/2809 2880/3190/2809
f 2831/2636/2810 2881/3191/2810 2888/3192/2810 2887/3193/2810
f 2881/3191/2811 2882/3194/2811 2889/3195/2811 2888/3192/2811
f 2882/3194/2812 2883/3196/2812 2890/3197/2812 2889/3195/2812
f 2883/3196/2813 2884/3198/2813 2891/3199/2813 2890/3197/2813
f 2884/3198/2814 2885/3200/2814 2892/3201/2814 2891/3199/2814
f 2885/3200/2815 2886/3202/2815 2893/3203/2815 2892/3201/2815
f 2886/3202/2816 2970/3204/2816 2971/3205/2816 2893/3203/2816
f 2887/3193/2817 2888/3192/2817 2895/3206/2817 2894/3207/2817
f 2888/3192/2818 2889/3195/2818 2896/3208/2818 2895/3206/2818
f 2889/3195/2819 2890/3197/2819 2897/3209/2819 2896/3208/2819
f 2890/3197/2820 2891/3199/2820 2898/3210/2820 2897/3209/2820
f 2891/3199/2821 2892/3201/2821 2899/3211/2821 2898/3210/2821
f 2892/3201/2822 2893/3203/2822 2900/3212/2822 2899/3211/2822
f 2893/3203/2823 2971/3205/2823 2972/3213/2823 2900/3212/2823
f 2894/3207/2824 2895/3206/2824 2902/3214/2824 2901/3215/2824
f 2895/3206/2825 2896/3208/2825 2903/3216/2825 2902/3214/2825
f 2896/3208/2826 2897/3209/2826 2904/3217/2826 2903/3216/2826
f 2897/3209/2827 2898/3210/2827 2905/3218/2827 2904/3217/2827
f 2898/3210/2828 2899/3211/2828 2906/3219/2828 2905/3218/2828
f 2899/3211/2829 2900/3212/2829 2907/3220/2829 2906/3219/2829
f 2900/3212/2830 2972/3213/2830 2973/3221/2830 2907/3220/2830
f 2901/3215/2831 2902/3214/2831 2909/3222/2831 2908/3223/2831
f 2902/3214/2832 2903/3216/2832 2910/3224/2832 2909/3222/2832
f 2903/3216/2833 2904/3217/2833 2911/3225/2833 2910/3224/2833
f 2904/3217/2834 2905/3218/2834 2912/3226/2834 2911/3225/2834
f 2905/3218/2835 2906/3219/2835 2913/3227/2835 2912/3226/2835
f 2906/3219/2836 2907/3220/2836 2914/3228/2836 2913/3227/2836
f 2907/3220/2837 2973/3221/2837 2974/3229/2837 2914/3228/2837
f 2908/3223/2838 2909/3222/2838 2916/3230/2838 2915/3231/2838
f 2909/3222/2839 2910/3224/2839 2917/3232/2839 2916/3230/2839
f 2910/3224/2840 2911/3225/2840 2918/3233/2840 2917/3232/2840
f 2911/3225/2841 2912/3226/2841 2919/3234/2841 2918/3233/2841
f 2912/3226/2842 2913/3227/2842 2920/3235/2842 2919/3234/2842
f 2913/3227/2843 2914/3228/2843 2921/3236/2843 2920/3235/2843
f 2914/3228/2844 2974/3229/2844 2975/3237/2844 2921/3236/2844
f 2915/3231/2845 2916/3230/2845 2923/3144/2845 2922/3143/2845
f 2916/3230/2846 2917/3232/2846 2924/3153/2846 2923/3144/2846
f 2917/3232/2847 2918/3233/2847 2925/3162/2847 2924/3153/2847
f 2918/3233/2848 2919/3234/2848 2926/3171/2848 2925/3162/2848
f 2919/3234/2849 2920/3235/2849 2927/3180/2849 2926/3171/2849
f 2920/3235/2850 2921/3236/2850 2928/3189/2850 2927/3180/2850
f 2921/3236/2851 2975/3237/2851 2976/3238/2851 2928/3189/2851
f 2832/2633/2852 2929/3239/2852 2936/3240/2852 2935/3241/2852
f 2929/3239/2853 2930/3242/2853 2937/3243/2853 2936/3240/2853
f 2930/3242/2854 2931/3244/2854 2938/3245/2854 2937/3243/2854
f 2931/3244/2855 2932/3246/2855 2939/3247/2855 2938/3245/2855
f 2932/3246/2856 2933/3248/2856 2940/3249/2856 2939/3247/2856
f 2933/3248/2857 2934/3250/2857 2941/3251/2857 2940/3249/2857
f 2934/3250/2858 2874/3252/2858 2875/3253/2858 2941/3251/2858
f 2935/3241/2859 2936/3240/2859 2943/3254/2859 2942/3255/2859
f 2936/3240/2860 2937/3243/2860 2944/3256/2860 2943/3254/2860
f 2937/3243/2861 2938/3245/2861 2945/3257/2861 2944/3256/2861
f 2938/3245/2862 2939/3247/2862 2946/3258/2862 2945/3257/2862
f 2939/3247/2863 2940/3249/2863 2947/3259/2863 2946/3258/2863
f 2940/3249/2864 2941/3251/2864 2948/3260/2864 2947/3259/2864
f 2941/3251/2865 2875/3253/2865 2876/3261/2865 2948/3260/2865
f 2942/3255/2866 2943/3254/2866 2950/3262/2866 2949/3263/2866
f 2943/3254/2867 2944/3256/2867 2951/3264/2867 2950/3262/2867
f 2944/3256/2868 2945/3257/2868 2952/3265/2868 2951/3264/2868
f 2945/3257/2869 2946/3258/2869 2953/3266/2869 2952/3265/2869
f 2946/3258/2870 2947/3259/2870 2954/3267/2870 2953/3266/2870
f 2947/3259/2871 2948/3260/2871 2955/3268/2871 2954/3267/2871
f 2948/3260/2872 2876/3261/2872 2877/3269/2872 2955/3268/2872
f 2949/3263/2873 2950/3262/2873 2957/3270/2873 2956/3271/2873
f 2950/3262/2874 2951/3264/2874 2958/3272/2874 2957/3270/2874
f 2951/3264/2875 2952/3265/2875 2959/3273/2875 2958/3272/2875
f 2952/3265/2876 2953/3266/2876 2960/3274/2876 2959/3273/2876
f 2953/3266/2877 2954/3267/2877 2961/3275/2877 2960/3274/2877
f 2954/3267/2878 2955/3268/2878 2962/3276/2878 2961/3275/2878
f 2955/3268/2879 2877/3269/2879 2878/3277/2879 2962/3276/2879
f 2956/3271/2880 2957/3270/2880 2964/3278/2880 2963/3279/2880
f 2957/3270/2881 2958/3272/2881 2965/3280/2881 2964/3278/2881
f 2958/3272/2882 2959/3273/2882 2966/3281/2882 2965/3280/2882
f 2959/3273/2883 2960/3274/2883 2967/3282/2883 2966/3281/2883
f 2960/3274/2884 2961/3275/2884 2968/3283/2884 2967/3282/2884
f 2961/3275/2885 2962/3276/2885 2969/3284/2885 2968/3283/2885
f 2962/3276/2886 2878/3277/2886 2879/3285/2886 2969/3284/2886
f 2963/3279/2887 2964/3278/2887 2971/3205/2887 2970/3204/2887
f 2964/3278/2888 2965/3280/2888 2972/3213/2888 2971/3205/2888
f 2965/3280/2889 2966/3281/2889 2973/3221/2889 2972/3213/2889
f 2966/3281/2890 2967/3282/2890 2974/3229/2890 2973/3221/2890
f 2967/3282/2891 2968/3283/2891 2975/3237/2891 2974/3229/2891
f 2968/3283/2892 2969/3284/2892 2976/3238/2892 2975/3237/2892
f 2969/3284/2893 2879/3285/2893 2880/3286/2893 2976/3238/2893
f 2880/3286/2894 2928/3287/2894 2976/3238/2894
f 2977/3288/2895 2980/3289/2895 2987/3290/2895 2986/3291/2895
f 2980/3289/2896 2981/3292/2896 2988/3293/2896 2987/3290/2896
f 2981/3292/2897 2982/3294/2897 2989/3295/2897 2988/3293/2897
f 2982/3294/2898 2983/3296/2898 2990/3297/2898 2989/3295/2898
f 2983/3296/2899 2984/3298/2899 2991/3299/2899 2990/3297/2899
f 2984/3298/2900 2985/3300/2900 2992/3301/2900 2991/3299/2900
f 2985/3300/2901 3069/3302/2901 3070/3303/2901 2992/3301/2901
f 2986/3291/2902 2987/3290/2902 2994/3304/2902 2993/3305/2902
f 2987/3290/2903 2988/3293/2903 2995/3306/2903 2994/3304/2903
f 2988/3293/2904 2989/3295/2904 2996/3307/2904 2995/3306/2904
f 2989/3295/2905 2990/3297/2905 2997/3308/2905 2996/3307/2905
f 2990/3297/2906 2991/3299/2906 2998/3309/2906 2997/3308/2906
f 2991/3299/2907 2992/3301/2907 2999/3310/2907 2998/3309/2907
f 2992/3301/2908 3070/3303/2908 3071/3311/2908 2999/3310/2908
f 2993/3305/2909 2994/3304/2909 3001/3312/2909 3000/3313/2909
f 2994/3304/2910 2995/3306/2910 3002/3314/2910 3001/3312/2910
f 2995/3306/2911 2996/3307/2911 3003/3315/2911 3002/3314/2911
f 2996/3307/2912 2997/3308/2912 3004/3316/2912 3003/3315/2912
f 2997/3308/2913 2998/3309/2913 3005/3317/2913 3004/3316/2913
f 2998/3309/2914 2999/3310/2914 3006/3318/2914 3005/3317/2914
f 2999/3310/2915 3071/3311/2915 3072/3319/2915 3006/3318/2915
f 3000/3313/2916 3001/3312/2916 3008/3320/2916 3007/3321/2916
f 3001/3312/2917 3002/3314/2917 3009/3322/2917 3008/3320/2917
f 3002/3314/2918 3003/3315/2918 3010/3323/2918 3009/3322/2918
f 3003/3315/2919 3004/3316/2919 3011/3324/2919 3010/3323/2919
f 3004/3316/2920 3005/3317/2920 3012/3325/2920 3011/3324/2920
f 3005/3317/2921 3006/3318/2921 3013/3326/2921 3012/3325/2921
f 3006/3318/2922 3072/3319/2922 3073/3327/2922 3013/3326/2922
f 3007/3321/2923 3008/3320/2923 3015/3328/2923 3014/3329/2923
f 3008/3320/2924 3009/3322/2924 3016/3330/2924 3015/3328/2924
f 3009/3322/2925 3010/3323/2925 3017/3331/2925 3016/3330/2925
f 3010/3323/2926 3011/3324/2926 3018/3332/2926 3017/3331/2926
f 3011/3324/2927 3012/3325/2927 3019/3333/2927 3018/3332/2927
f 3012/3325/2928 3013/3326/2928 3020/3334/2928 3019/3333/2928
f 3013/3326/2929 3073/3327/2929 3074/3335/2929 3020/3334/2929
f 3014/3329/2930 3015/3328/2930 3022/3336/2930 3021/3337/2930
f 3015/3328/2931 3016/3330/2931 3023/3338/2931 3022/3336/2931
f 3016/3330/2932 3017/3331/2932 3024/3339/2932 3023/3338/2932
f 3017/3331/2933 3018/3332/2933 3025/3340/2933 3024/3339/2933
f 3018/3332/2934 3019/3333/2934 3026/3341/2934 3025/3340/2934
f 3019/3333/2935 3020/3334/2935 3027/3342/2935 3026/3341/2935
f 3020/3334/2936 3074/3335/2936 3075/3343/2936 3027/3342/2936
f 2978/2626/2937 3028/3344/2937 3035/3345/2937 3034/3346/2937
f 3028/3344/2938 3029/3347/2938 3036/3348/2938 3035/3345/2938
f 3029/3347/2939 3030/3349/2939 3037/3350/2939 3036/3348/2939
f 3030/3349/2940 3031/3351/2940 3038/3352/2940 3037/3350/2940
f 3031/3351/2941 3032/3353/2941 3039/3354/2941 3038/3352/2941
f 3032/3353/2942 3033/3355/2942 3040/3356/2942 3039/3354/2942
f 3033/3355/2943 3117/3357/2943 3118/3358/2943 3040/3356/2943
f 3034/3346/2944 3035/3345/2944 3042/3359/2944 3041/3360/2944
f 3035/3345/2945 3036/3348/2945 3043/3361/2945 3042/3359/2945
f 3036/3348/2946 3037/3350/2946 3044/3362/2946 3043/3361/2946
f 3037/3350/2947 3038/3352/2947 3045/3363/2947 3044/3362/2947
f 3038/3352/2948 3039/3354/2948 3046/3364/2948 3045/3363/2948
f 3039/3354/2949 3040/3356/2949 3047/3365/2949 3046/3364/2949
f 3040/3356/2950 3118/3358/2950 3119/3366/2950 3047/3365/2950
f 3041/3360/2951 3042/3359/2951 3049/3367/2951 3048/3368/2951
f 3042/3359/2952 3043/3361/2952 3050/3369/2952 3049/3367/2952
f 3043/3361/2953 3044/3362/2953 3051/3370/2953 3050/3369/2953
f 3044/3362/2954 3045/3363/2954 3052/3371/2954 3051/3370/2954
f 3045/3363/2955 3046/3364/2955 3053/3372/2955 3052/3371/2955
f 3046/3364/2956 3047/3365/2956 3054/3373/2956 3053/3372/2956
f 3047/3365/2957 3119/3366/2957 3120/3374/2957 3054/3373/2957
f 3048/3368/2958 3049/3367/2958 3056/3375/2958 3055/3376/2958
f 3049/3367/2959 3050/3369/2959 3057/3377/2959 3056/3375/2959
f 3050/3369/2960 3051/3370/2960 3058/3378/2960 3057/3377/2960
f 3051/3370/2961 3052/3371/2961 3059/3379/2961 3058/3378/2961
f 3052/3371/2962 3053/3372/2962 3060/3380/2962 3059/3379/2962
f 3053/3372/2963 3054/3373/2963 3061/3381/2963 3060/3380/2963
f 3054/3373/2964 3120/3374/2964 3121/3382/2964 3061/3381/2964
f 3055/3376/2965 3056/3375/2965 3063/3383/2965 3062/3384/2965
f 3056/3375/2966 3057/3377/2966 3064/3385/2966 3063/3383/2966
f 3057/3377/2967 3058/3378/2967 3065/3386/2967 3064/3385/2967
f 3058/3378/2968 3059/3379/2968 3066/3387/2968 3065/3386/2968
f 3059/3379/2969 3060/3380/2969 3067/3388/2969 3066/3387/2969
f 3060/3380/2970 3061/3381/2970 3068/3389/2970 3067/3388/2970
f 3061/3381/2971 3121/3382/2971 3122/3390/2971 3068/3389/2971
f 3062/3384/2972 3063/3383/2972 3070/3303/2972 3069/3302/2972
f 3063/3383/2973 3064/3385/2973 3071/3311/2973 3070/3303/2973
f 3064/3385/2974 3065/3386/2974 3072/3319/2974 3071/3311/2974
f 3065/3386/2975 3066/3387/2975 3073/3327/2975 3072/3319/2975
f 3066/3387/2976 3067/3388/2976 3074/3335/2976 3073/3327/2976
f 3067/3388/2977 3068/3389/2977 3075/3343/2977 3074/3335/2977
f 3068/3389/2978 3122/3390/2978 3123/3391/2978 3075/3343/2978
f 2979/2619/2979 3076/3392/2979 3083/3393/2979 3082/3394/2979
f 3076/3392/2980 3077/3395/2980 3084/3396/2980 3083/3393/2980
f 3077/3395/2981 3078/3397/2981 3085/3398/2981 3084/3396/2981
f 3078/3397/2982 3079/3399/2982 3086/3400/2982 3085/3398/2982
f 3079/3399/2983 3080/3401/2983 3087/3402/2983 3086/3400/2983
f 3080/3401/2984 3081/3403/2984 3088/3404/2984 3087/3402/2984
f 3081/3405/2985 3021/3337/2985 3022/3336/2985 3088/3406/2985
f 3082/3394/2986 3083/3393/2986 3090/3407/2986 3089/3408/2986
f 3083/3393/2987 3084/3396/2987 3091/3409/2987 3090/3407/2987
f 3084/3396/2988 3085/3398/2988 3092/3410/2988 3091/3409/2988
f 3085/3398/2989 3086/3400/2989 3093/3411/2989 3092/3410/2989
f 3086/3400/2990 3087/3402/2990 3094/3412/2990 3093/3411/2990
f 3087/3402/2991 3088/3404/2991 3095/3413/2991 3094/3412/2991
f 3088/3406/2992 3022/3336/2992 3023/3338/2992 3095/3414/2992
f 3089/3408/2993 3090/3407/2993 3097/3415/2993 3096/3416/2993
f 3090/3407/2994 3091/3409/2994 3098/3417/2994 3097/3415/2994
f 3091/3409/2995 3092/3410/2995 3099/3418/2995 3098/3417/2995
f 3092/3410/2996 3093/3411/2996 3100/3419/2996 3099/3418/2996
f 3093/3411/2997 3094/3412/2997 3101/3420/2997 3100/3419/2997
f 3094/3412/2998 3095/3413/2998 3102/3421/2998 3101/3420/2998
f 3095/3414/2999 3023/3338/2999 3024/3339/2999 3102/3422/2999
f 3096/3416/3000 3097/3415/3000 3104/3423/3000 3103/3424/3000
f 3097/3415/3001 3098/3417/3001 3105/3425/3001 3104/3423/3001
f 3098/3417/3002 3099/3418/3002 3106/3426/3002 3105/3425/3002
f 3099/3418/3003 3100/3419/3003 3107/3427/3003 3106/3426/3003
f 3100/3419/3004 3101/3420/3004 3108/3428/3004 3107/3427/3004
f 3101/3420/3005 3102/3421/3005 3109/3429/3005 3108/3428/3005
f 3102/3422/3006 3024/3339/3006 3025/3340/3006 3109/3430/3006
f 3103/3424/3007 3104/3423/3007 3111/3431/3007 3110/3432/3007
f 3104/3423/3008 3105/3425/3008 3112/3433/3008 3111/3431/3008
f 3105/3425/3009 3106/3426/3009 3113/3434/3009 3112/3433/3009
f 3106/3426/3010 3107/3427/3010 3114/3435/3010 3113/3434/3010
f 3107/3427/3011 3108/3428/3011 3115/3436/3011 3114/3435/3011
f 3108/3428/3012 3109/3429/3012 3116/3437/3012 3115/3436/3012
f 3109/3430/3013 3025/3340/3013 3026/3341/3013 3116/3438/3013
f 3110/3432/3014 3111/3431/3014 3118/3358/3014 3117/3357/3014
f 3111/3431/3015 3112/3433/3015 3119/3366/3015 3118/3358/3015
f 3112/3433/3016 3113/3434/3016 3120/3374/3016 3119/3366/3016
f 3113/3434/3017 3114/3435/3017 3121/3382/3017 3120/3374/3017
f 3114/3435/3018 3115/3436/3018 3122/3390/3018 3121/3382/3018
f 3115/3436/3019 3116/3437/3019 3123/3391/3019 3122/3390/3019
f 3116/3438/3020 3026/3341/3020 3027/3342/3020 3123/3439/3020
f 3027/3342/3021 3075/3440/3021 3123/3439/3021
f 3124/2630/3022 3127/3441/3022 3134/3442/3022 3133/3443/3022
f 3127/3441/3023 3128/3444/3023 3135/3445/3023 3134/3442/3023
f 3128/3444/3024 3129/3446/3024 3136/3447/3024 3135/3445/3024
f 3129/3446/3025 3130/3448/3025 3137/3449/3025 3136/3447/3025
f 3130/3448/3026 3131/3450/3026 3138/3451/3026 3137/3449/3026
f 3131/3450/3027 3132/3452/3027 3139/3453/3027 3138/3451/3027
f 3132/3454/3028 3216/3455/3028 3217/3456/3028 3139/3457/3028
f 3133/3443/3029 3134/3442/3029 3141/3458/3029 3140/3459/3029
f 3134/3442/3030 3135/3445/3030 3142/3460/3030 3141/3458/3030
f 3135/3445/3031 3136/3447/3031 3143/3461/3031 3142/3460/3031
f 3136/3447/3032 3137/3449/3032 3144/3462/3032 3143/3461/3032
f 3137/3449/3033 3138/3451/3033 3145/3463/3033 3144/3462/3033
f 3138/3451/3034 3139/3453/3034 3146/3464/3034 3145/3463/3034
f 3139/3457/3035 3217/3456/3035 3218/3465/3035 3146/3466/3035
f 3140/3459/3036 3141/3458/3036 3148/3467/3036 3147/3468/3036
f 3141/3458/3037 3142/3460/3037 3149/3469/3037 3148/3467/3037
f 3142/3460/3038 3143/3461/3038 3150/3470/3038 3149/3469/3038
f 3143/3461/3039 3144/3462/3039 3151/3471/3039 3150/3470/3039
f 3144/3462/3040 3145/3463/3040 3152/3472/3040 3151/3471/3040
f 3145/3463/3041 3146/3464/3041 3153/3473/3041 3152/3472/3041
f 3146/3466/3042 3218/3465/3042 3219/3474/3042 3153/3475/3042
f 3147/3468/3043 3148/3467/3043 3155/3476/3043 3154/3477/3043
f 3148/3467/3044 3149/3469/3044 3156/3478/3044 3155/3476/3044
f 3149/3469/3045 3150/3470/3045 3157/3479/3045 3156/3478/3045
f 3150/3470/3046 3151/3471/3046 3158/3480/3046 3157/3479/3046
f 3151/3471/3047 3152/3472/3047 3159/3481/3047 3158/3480/3047
f 3152/3472/3048 3153/3473/3048 3160/3482/3048 3159/3481/3048
f 3153/3475/3049 3219/3474/3049 3220/3483/3049 3160/3484/3049
f 3154/3477/3050 3155/3476/3050 3162/3485/3050 3161/3486/3050
f 3155/3476/3051 3156/3478/3051 3163/3487/3051 3162/3485/3051
f 3156/3478/3052 3157/3479/3052 3164/3488/3052 3163/3487/3052
f 3157/3479/3053 3158/3480/3053 3165/3489/3053 3164/3488/3053
f 3158/3480/3054 3159/3481/3054 3166/3490/3054 3165/3489/3054
f 3159/3481/3055 3160/3482/3055 3167/3491/3055 3166/3490/3055
f 3160/3484/3056 3220/3483/3056 3221/3492/3056 3167/3493/3056
f 3161/3486/3057 3162/3485/3057 3169/3494/3057 3168/3495/3057
f 3162/3485/3058 3163/3487/3058 3170/3496/3058 3169/3494/3058
f 3163/3487/3059 3164/3488/3059 3171/3497/3059 3170/3496/3059
f 3164/3488/3060 3165/3489/3060 3172/3498/3060 3171/3497/3060
f 3165/3489/3061 3166/3490/3061 3173/3499/3061 3172/3498/3061
f 3166/3490/3062 3167/3491/3062 3174/3500/3062 3173/3499/3062
f 3167/3493/3063 3221/3492/3063 3222/3501/3063 3174/3502/3063
f 3125/2620/3064 3175/3503/3064 3182/3504/3064 3181/3505/3064
f 3175/3503/3065 3176/3506/3065 3183/3507/3065 3182/3504/3065
f 3176/3506/3066 3177/3508/3066 3184/3509/3066 3183/3507/3066
f 3177/3508/3067 3178/3510/3067 3185/3511/3067 3184/3509/3067
f 3178/3510/3068 3179/3512/3068 3186/3513/3068 3185/3511/3068
f 3179/3512/3069 3180/3514/3069 3187/3515/3069 3186/3513/3069
f 3180/3514/3070 3264/3516/3070 3265/3517/3070 3187/3515/3070
f 3181/3505/3071 3182/3504/3071 3189/3518/3071 3188/3519/3071
f 3182/3504/3072 3183/3507/3072 3190/3520/3072 3189/3518/3072
f 3183/3507/3073 3184/3509/3073 3191/3521/3073 3190/3520/3073
f 3184/3509/3074 3185/3511/3074 3192/3522/3074 3191/3521/3074
f 3185/3511/3075 3186/3513/3075 3193/3523/3075 3192/3522/3075
f 3186/3513/3076 3187/3515/3076 3194/3524/3076 3193/3523/3076
f 3187/3515/3077 3265/3517/3077 3266/3525/3077 3194/3524/3077
f 3188/3519/3078 3189/3518/3078 3196/3526/3078 3195/3527/3078
f 3189/3518/3079 3190/3520/3079 3197/3528/3079 3196/3526/3079
f 3190/3520/3080 3191/3521/3080 3198/3529/3080 3197/3528/3080
f 3191/3521/3081 3192/3522/3081 3199/3530/3081 3198/3529/3081
f 3192/3522/3082 3193/3523/3082 3200/3531/3082 3199/3530/3082
f 3193/3523/3083 3194/3524/3083 3201/3532/3083 3200/3531/3083
f 3194/3524/3084 3266/3525/3084 3267/3533/3084 3201/3532/3084
f 3195/3527/3085 3196/3526/3085 3203/3534/3085 3202/3535/3085
f 3196/3526/3086 3197/3528/3086 3204/3536/3086 3203/3534/3086
f 3197/3528/3087 3198/3529/3087 3205/3537/3087 3204/3536/3087
f 3198/3529/3088 3199/3530/3088 3206/3538/3088 3205/3537/3088
f 3199/3530/3089 3200/3531/3089 3207/3539/3089 3206/3538/3089
f 3200/3531/3090 3201/3532/3090 3208/3540/3090 3207/3539/3090
f 3201/3532/3091 3267/3533/3091 3268/3541/3091 3208/3540/3091
f 3202/3535/3092 3203/3534/3092 3210/3542/3092 3209/3543/3092
f 3203/3534/3093 3204/3536/3093 3211/3544/3093 3210/3542/3093
f 3204/3536/3094 3205/3537/3094 3212/3545/3094 3211/3544/3094
f 3205/3537/3095 3206/3538/3095 3213/3546/3095 3212/3545/3095
f 3206/3538/3096 3207/3539/3096 3214/3547/3096 3213/3546/3096
f 3207/3539/3097 3208/3540/3097 3215/3548/3097 3214/3547/3097
f 3208/3540/3098 3268/3541/3098 3269/3549/3098 3215/3548/3098
f 3209/3543/3099 3210/3542/3099 3217/3456/3099 3216/3455/3099
f 3210/3542/3100 3211/3544/3100 3218/3465/3100 3217/3456/3100
f 3211/3544/3101 3212/3545/3101 3219/3474/3101 3218/3465/3101
f 3212/3545/3102 3213/3546/3102 3220/3483/3102 3219/3474/3102
f 3213/3546/3103 3214/3547/3103 3221/3492/3103 3220/3483/3103
f 3214/3547/3104 3215/3548/3104 3222/3501/3104 3221/3492/3104
f 3215/3548/3105 3269/3549/3105 3270/3550/3105 3222/3501/3105
f 3126/2625/3106 3223/3551/3106 3230/3552/3106 3229/3553/3106
f 3223/3551/3107 3224/3554/3107 3231/3555/3107 3230/3552/3107
f 3224/3554/3108 3225/3556/3108 3232/3557/3108 3231/3555/3108
f 3225/3556/3109 3226/3558/3109 3233/3559/3109 3232/3557/3109
f 3226/3558/3110 3227/3560/3110 3234/3561/3110 3233/3559/3110
f 3227/3560/3111 3228/3562/3111 3235/3563/3111 3234/3561/3111
f 3228/3562/3112 3168/3495/3112 3169/3494/3112 3235/3563/3112
f 3229/3553/3113 3230/3552/3113 3237/3564/3113 3236/3565/3113
f 3230/3552/3114 3231/3555/3114 3238/3566/3114 3237/3564/3114
f 3231/3555/3115 3232/3557/3115 3239/3567/3115 3238/3566/3115
f 3232/3557/3116 3233/3559/3116 3240/3568/3116 3239/3567/3116
f 3233/3559/3117 3234/3561/3117 3241/3569/3117 3240/3568/3117
f 3234/3561/3118 3235/3563/3118 3242/3570/3118 3241/3569/3118
f 3235/3563/3119 3169/3494/3119 3170/3496/3119 3242/3570/3119
f 3236/3565/3120 3237/3564/3120 3244/3571/3120 3243/3572/3120
f 3237/3564/3121 3238/3566/3121 3245/3573/3121 3244/3571/3121
f 3238/3566/3122 3239/3567/3122 3246/3574/3122 3245/3573/3122
f 3239/3567/3123 3240/3568/3123 3247/3575/3123 3246/3574/3123
f 3240/3568/3124 3241/3569/3124 3248/3576/3124 3247/3575/3124
f 3241/3569/3125 3242/3570/3125 3249/3577/3125 3248/3576/3125
f 3242/3570/3126 3170/3496/3126 3171/3497/3126 3249/3577/3126
f 3243/3572/3127 3244/3571/3127 3251/3578/3127 3250/3579/3127
f 3244/3571/3128 3245/3573/3128 3252/3580/3128 3251/3578/3128
f 3245/3573/3129 3246/3574/3129 3253/3581/3129 3252/3580/3129
f 3246/3574/3130 3247/3575/3130 3254/3582/3130 3253/3581/3130
f 3247/3575/3131 3248/3576/3131 3255/3583/3131 3254/3582/3131
f 3248/3576/3132 3249/3577/3132 3256/3584/3132 3255/3583/3132
f 3249/3577/3133 3171/3497/3133 3172/3498/3133 3256/3584/3133
f 3250/3579/3134 3251/3578/3134 3258/3585/3134 3257/3586/3134
f 3251/3578/3135 3252/3580/3135 3259/3587/3135 3258/3585/3135
f 3252/3580/3136 3253/3581/3136 3260/3588/3136 3259/3587/3136
f 3253/3581/3137 3254/3582/3137 3261/3589/3137 3260/3588/3137
f 3254/3582/3138 3255/3583/3138 3262/3590/3138 3261/3589/3138
f 3255/3583/3139 3256/3584/3139 3263/3591/3139 3262/3590/3139
f 3256/3584/3140 3172/3498/3140 3173/3499/3140 3263/3591/3140
f 3257/3586/3141 3258/3585/3141 3265/3517/3141 3264/3516/3141
f 3258/3585/3142 3259/3587/3142 3266/3525/3142 3265/3517/3142
f 3259/3587/3143 3260/3588/3143 3267/3533/3143 3266/3525/3143
f 3260/3588/3144 3261/3589/3144 3268/3541/3144 3267/3533/3144
f 3261/3589/3145 3262/3590/3145 3269/3549/3145 3268/3541/3145
f 3262/3590/3146 3263/3591/3146 3270/3550/3146 3269/3549/3146
f 3263/3591/3147 3173/3499/3147 3174/3500/3147 3270/3550/3147
f 3174/3502/3148 3222/3501/3148 3270/3592/3148
f 3271/3593/3149 3274/3594/3149 3281/3595/3149 3280/3596/3149
f 3274/3594/3150 3275/3597/3150 3282/3598/3150 3281/3595/3150
f 3275/3597/3151 3276/3599/3151 3283/3600/3151 3282/3598/3151
f 3276/3599/3152 3277/3601/3152 3284/3602/3152 3283/3600/3152
f 3277/3601/3153 3278/3603/3153 3285/3604/3153 3284/3602/3153
f 3278/3603/3154 3279/3605/3154 3286/3606/3154 3285/3604/3154
f 3279/3605/3155 3363/3607/3155 3364/3608/3155 3286/3606/3155
f 3280/3596/3156 3281/3595/3156 3288/3609/3156 3287/3610/3156
f 3281/3595/3157 3282/3598/3157 3289/3611/3157 3288/3609/3157
f 3282/3598/3158 3283/3600/3158 3290/3612/3158 3289/3611/3158
f 3283/3600/3159 3284/3602/3159 3291/3613/3159 3290/3612/3159
f 3284/3602/3160 3285/3604/3160 3292/3614/3160 3291/3613/3160
f 3285/3604/3161 3286/3606/3161 3293/3615/3161 3292/3614/3161
f 3286/3606/3162 3364/3608/3162 3365/3616/3162 3293/3615/3162
f 3287/3610/3163 3288/3609/3163 3295/3617/3163 3294/3618/3163
f 3288/3609/3164 3289/3611/3164 3296/3619/3164 3295/3617/3164
f 3289/3611/3165 3290/3612/3165 3297/3620/3165 3296/3619/3165
f 3290/3612/3166 3291/3613/3166 3298/3621/3166 3297/3620/3166
f 3291/3613/3167 3292/3614/3167 3299/3622/3167 3298/3621/3167
f 3292/3614/3168 3293/3615/3168 3300/3623/3168 3299/3622/3168
f 3293/3615/3169 3365/3616/3169 3366/3624/3169 3300/3623/3169
f 3294/3618/3170 3295/3617/3170 3302/3625/3170 3301/3626/3170
f 3295/3617/3171 3296/3619/3171 3303/3627/3171 3302/3625/3171
f 3296/3619/3172 3297/3620/3172 3304/3628/3172 3303/3627/3172
f 3297/3620/3173 3298/3621/3173 3305/3629/3173 3304/3628/3173
f 3298/3621/3174 3299/3622/3174 3306/3630/3174 3305/3629/3174
f 3299/3622/3175 3300/3623/3175 3307/3631/3175 3306/3630/3175
f 3300/3623/3176 3366/3624/3176 3367/3632/3176 3307/3631/3176
f 3301/3626/3177 3302/3625/3177 3309/3633/3177 3308/3634/3177
f 3302/3625/3178 3303/3627/3178 3310/3635/3178 3309/3633/3178
f 3303/3627/3179 3304/3628/3179 3311/3636/3179 3310/3635/3179
f 3304/3628/3180 3305/3629/3180 3312/3637/3180 3311/3636/3180
f 3305/3629/3181 3306/3630/3181 3313/3638/3181 3312/3637/3181
f 3306/3630/3182 3307/3631/3182 3314/3639/3182 3313/3638/3182
f 3307/3631/3183 3367/3632/3183 3368/3640/3183 3314/3639/3183
f 3308/3634/3184 3309/3633/3184 3316/3641/3184 3315/3642/3184
f 3309/3633/3185 3310/3635/3185 3317/3643/3185 3316/3641/3185
f 3310/3635/3186 3311/3636/3186 3318/3644/3186 3317/3643/3186
f 3311/3636/3187 3312/3637/3187 3319/3645/3187 3318/3644/3187
f 3312/3637/3188 3313/3638/3188 3320/3646/3188 3319/3645/3188
f 3313/3638/3189 3314/3639/3189 3321/3647/3189 3320/3646/3189
f 3314/3639/3190 3368/3640/3190 3369/3648/3190 3321/3647/3190
f 3272/2638/3191 3322/3649/3191 3329/3650/3191 3328/3651/3191
f 3322/3649/3192 3323/3652/3192 3330/3653/3192 3329/3650/3192
f 3323/3652/3193 3324/3654/3193 3331/3655/3193 3330/3653/3193
f 3324/3654/3194 3325/3656/3194 3332/3657/3194 3331/3655/3194
f 3325/3656/3195 3326/3658/3195 3333/3659/3195 3332/3657/3195
f 3326/3658/3196 3327/3660/3196 3334/3661/3196 3333/3659/3196
f 3327/3660/3197 3411/3662/3197 3412/3663/3197 3334/3661/3197
f 3328/3651/3198 3329/3650/3198 3336/3664/3198 3335/3665/3198
f 3329/3650/3199 3330/3653/3199 3337/3666/3199 3336/3664/3199
f 3330/3653/3200 3331/3655/3200 3338/3667/3200 3337/3666/3200
f 3331/3655/3201 3332/3657/3201 3339/3668/3201 3338/3667/3201
f 3332/3657/3202 3333/3659/3202 3340/3669/3202 3339/3668/3202
f 3333/3659/3203 3334/3661/3203 3341/3670/3203 3340/3669/3203
f 3334/3661/3204 3412/3663/3204 3413/3671/3204 3341/3670/3204
f 3335/3665/3205 3336/3664/3205 3343/3672/3205 3342/3673/3205
f 3336/3664/3206 3337/3666/3206 3344/3674/3206 3343/3672/3206
f 3337/3666/3207 3338/3667/3207 3345/3675/3207 3344/3674/3207
f 3338/3667/3208 3339/3668/3208 3346/3676/3208 3345/3675/3208
f 3339/3668/3209 3340/3669/3209 3347/3677/3209 3346/3676/3209
f 3340/3669/3210 3341/3670/3210 3348/3678/3210 3347/3677/3210
f 3341/3670/3211 3413/3671/3211 3414/3679/3211 3348/3678/3211
f 3342/3673/3212 3343/3672/3212 3350/3680/3212 3349/3681/3212
f 3343/3672/3213 3344/3674/3213 3351/3682/3213 3350/3680/3213
f 3344/3674/3214 3345/3675/3214 3352/3683/3214 3351/3682/3214
f 3345/3675/3215 3346/3676/3215 3353/3684/3215 3352/3683/3215
f 3346/3676/3216 3347/3677/3216 3354/3685/3216 3353/3684/3216
f 3347/3677/3217 3348/3678/3217 3355/3686/3217 3354/3685/3217
f 3348/3678/3218 3414/3679/3218 3415/3687/3218 3355/3686/3218
f 3349/3681/3219 3350/3680/3219 3357/3688/3219 3356/3689/3219
f 3350/3680/3220 3351/3682/3220 3358/3690/3220 3357/3688/3220
f 3351/3682/3221 3352/3683/3221 3359/3691/3221 3358/3690/3221
f 3352/3683/3222 3353/3684/3222 3360/3692/3222 3359/3691/3222
f 3353/3684/3223 3354/3685/3223 3361/3693/3223 3360/3692/3223
f 3354/3685/3224 3355/3686/3224 3362/3694/3224 3361/3693/3224
f 3355/3686/3225 3415/3687/3225 3416/3695/3225 3362/3694/3225
f 3356/3689/3226 3357/3688/3226 3364/3696/3226 3363/3697/3226
f 3357/3688/3227 3358/3690/3227 3365/3698/3227 3364/3696/3227
f 3358/3690/3228 3359/3691/3228 3366/3699/3228 3365/3698/3228
f 3359/3691/3229 3360/3692/3229 3367/3700/3229 3366/3699/3229
f 3360/3692/3230 3361/3693/3230 3368/3701/3230 3367/3700/3230
f 3361/3693/3231 3362/3694/3231 3369/3702/3231 3368/3701/3231
f 3362/3694/3232 3416/3695/3232 3417/3703/3232 3369/3702/3232
f 3273/2623/3233 3370/3704/3233 3377/3705/3233 3376/3706/3233
f 3370/3704/3234 3371/3707/3234 3378/3708/3234 3377/3705/3234
f 3371/3707/3235 3372/3709/3235 3379/3710/3235 3378/3708/3235
f 3372/3709/3236 3373/3711/3236 3380/3712/3236 3379/3710/3236
f 3373/3711/3237 3374/3713/3237 3381/3714/3237 3380/3712/3237
f 3374/3713/3238 3375/3715/3238 3382/3716/3238 3381/3714/3238
f 3375/3715/3239 3315/3642/3239 3316/3641/3239 3382/3716/3239
f 3376/3706/3240 3377/3705/3240 3384/3717/3240 3383/3718/3240
f 3377/3705/3241 3378/3708/3241 3385/3719/3241 3384/3717/3241
f 3378/3708/3242 3379/3710/3242 3386/3720/3242 3385/3719/3242
f 3379/3710/3243 3380/3712/3243 3387/3721/3243 3386/3720/3243
f 3380/3712/3244 3381/3714/3244 3388/3722/3244 3387/3721/3244
f 3381/3714/3245 3382/3716/3245 3389/3723/3245 3388/3722/3245
f 3382/3716/3246 3316/3641/3246 3317/3643/3246 3389/3723/3246
f 3383/3718/3247 3384/3717/3247 3391/3724/3247 3390/3725/3247
f 3384/3717/3248 3385/3719/3248 3392/3726/3248 3391/3724/3248
f 3385/3719/3249 3386/3720/3249 3393/3727/3249 3392/3726/3249
f 3386/3720/3250 3387/3721/3250 3394/3728/3250 3393/3727/3250
f 3387/3721/3251 3388/3722/3251 3395/3729/3251 3394/3728/3251
f 3388/3722/3252 3389/3723/3252 3396/3730/3252 3395/3729/3252
f 3389/3723/3253 3317/3643/3253 3318/3644/3253 3396/3730/3253
f 3390/3725/3254 3391/3724/3254 3398/3731/3254 3397/3732/3254
f 3391/3724/3255 3392/3726/3255 3399/3733/3255 3398/3731/3255
f 3392/3726/3256 3393/3727/3256 3400/3734/3256 3399/3733/3256
f 3393/3727/3257 3394/3728/3257 3401/3735/3257 3400/3734/3257
f 3394/3728/3258 3395/3729/3258 3402/3736/3258 3401/3735/3258
f 3395/3729/3259 3396/3730/3259 3403/3737/3259 3402/3736/3259
f 3396/3730/3260 3318/3644/3260 3319/3645/3260 3403/3737/3260
f 3397/3732/3261 3398/3731/3261 3405/3738/3261 3404/3739/3261
f 3398/3731/3262 3399/3733/3262 3406/3740/3262 3405/3738/3262
f 3399/3733/3263 3400/3734/3263 3407/3741/3263 3406/3740/3263
f 3400/3734/3264 3401/3735/3264 3408/3742/3264 3407/3741/3264
f 3401/3735/3265 3402/3736/3265 3409/3743/3265 3408/3742/3265
f 3402/3736/3266 3403/3737/3266 3410/3744/3266 3409/3743/3266
f 3403/3737/3267 3319/3645/3267 3320/3646/3267 3410/3744/3267
f 3404/3739/3268 3405/3738/3268 3412/3663/3268 3411/3662/3268
f 3405/3738/3269 3406/3740/3269 3413/3671/3269 3412/3663/3269
f 3406/3740/3270 3407/3741/3270 3414/3679/3270 3413/3671/3270
f 3407/3741/3271 3408/3742/3271 3415/3687/3271 3414/3679/3271
f 3408/3742/3272 3409/3743/3272 3416/3695/3272 3415/3687/3272
f 3409/3743/3273 3410/3744/3273 3417/3703/3273 3416/3695/3273
f 3410/3744/3274 3320/3646/3274 3321/3647/3274 3417/3703/3274
f 3321/3647/3275 3369/3648/3275 3417/3745/3275
f 3418/2627/3276 3421/3746/3276 3428/3747/3276 3427/3748/3276
f 3421/3746/3277 3422/3749/3277 3429/3750/3277 3428/3747/3277
f 3422/3749/3278 3423/3751/3278 3430/3752/3278 3429/3750/3278
f 3423/3751/3279 3424/3753/3279 3431/3754/3279 3430/3752/3279
f 3424/3753/3280 3425/3755/3280 3432/3756/3280 3431/3754/3280
f 3425/3755/3281 3426/3757/3281 3433/3758/3281 3432/3756/3281
f 3426/3757/3282 3510/3759/3282 3511/3760/3282 3433/3758/3282
f 3427/3748/3283 3428/3747/3283 3435/3761/3283 3434/3762/3283
f 3428/3747/3284 3429/3750/3284 3436/3763/3284 3435/3761/3284
f 3429/3750/3285 3430/3752/3285 3437/3764/3285 3436/3763/3285
f 3430/3752/3286 3431/3754/3286 3438/3765/3286 3437/3764/3286
f 3431/3754/3287 3432/3756/3287 3439/3766/3287 3438/3765/3287
f 3432/3756/3288 3433/3758/3288 3440/3767/3288 3439/3766/3288
f 3433/3758/3289 3511/3760/3289 3512/3768/3289 3440/3767/3289
f 3434/3762/3290 3435/3761/3290 3442/3769/3290 3441/3770/3290
f 3435/3761/3291 3436/3763/3291 3443/3771/3291 3442/3769/3291
f 3436/3763/3292 3437/3764/3292 3444/3772/3292 3443/3771/3292
f 3437/3764/3293 3438/3765/3293 3445/3773/3293 3444/3772/3293
f 3438/3765/3294 3439/3766/3294 3446/3774/3294 3445/3773/3294
f 3439/3766/3295 3440/3767/3295 3447/3775/3295 3446/3774/3295
f 3440/3767/3296 3512/3768/3296 3513/3776/3296 3447/3775/3296
f 3441/3770/3297 3442/3769/3297 3449/3777/3297 3448/3778/3297
f 3442/3769/3298 3443/3771/3298 3450/3779/3298 3449/3777/3298
f 3443/3771/3299 3444/3772/3299 3451/3780/3299 3450/3779/3299
f 3444/3772/3300 3445/3773/3300 3452/3781/3300 3451/3780/3300
f 3445/3773/3301 3446/3774/3301 3453/3782/3301 3452/3781/3301
f 3446/3774/3302 3447/3775/3302 3454/3783/3302 3453/3782/3302
f 3447/3775/3303 3513/3776/3303 3514/3784/3303 3454/3783/3303
f 3448/3778/3304 3449/3777/3304 3456/3785/3304 3455/3786/3304
f 3449/3777/3305 3450/3779/3305 3457/3787/3305 3456/3785/3305
f 3450/3779/3306 3451/3780/3306 3458/3788/3306 3457/3787/3306
f 3451/3780/3307 3452/3781/3307 3459/3789/3307 3458/3788/3307
f 3452/3781/3308 3453/3782/3308 3460/3790/3308 3459/3789/3308
f 3453/3782/3309 3454/3783/3309 3461/3791/3309 3460/3790/3309
f 3454/3783/3310 3514/3784/3310 3515/3792/3310 3461/3791/3310
f 3455/3786/3311 3456/3785/3311 3463/3793/3311 3462/3794/3311
f 3456/3785/3312 3457/3787/3312 3464/3795/3312 3463/3793/3312
f 3457/3787/3313 3458/3788/3313 3465/3796/3313 3464/3795/3313
f 3458/3788/3314 3459/3789/3314 3466/3797/3314 3465/3796/3314
f 3459/3789/3315 3460/3790/3315 3467/3798/3315 3466/3797/3315
f 3460/3790/3316 3461/3791/3316 3468/3799/3316 3467/3798/3316
f 3461/3791/3317 3515/3792/3317 3516/3800/3317 3468/3799/3317
f 3419/2624/3318 3469/3801/3318 3476/3802/3318 3475/3803/3318
f 3469/3801/3319 3470/3804/3319 3477/3805/3319 3476/3802/3319
f 3470/3804/3320 3471/3806/3320 3478/3807/3320 3477/3805/3320
f 3471/3806/3321 3472/3808/3321 3479/3809/3321 3478/3807/3321
f 3472/3808/3322 3473/3810/3322 3480/3811/3322 3479/3809/3322
f 3473/3810/3323 3474/3812/3323 3481/3813/3323 3480/3811/3323
f 3474/3812/3324 3558/3814/3324 3559/3815/3324 3481/3813/3324
f 3475/3803/3325 3476/3802/3325 3483/3816/3325 3482/3817/3325
f 3476/3802/3326 3477/3805/3326 3484/3818/3326 3483/3816/3326
f 3477/3805/3327 3478/3807/3327 3485/3819/3327 3484/3818/3327
f 3478/3807/3328 3479/3809/3328 3486/3820/3328 3485/3819/3328
f 3479/3809/3329 3480/3811/3329 3487/3821/3329 3486/3820/3329
f 3480/3811/3330 3481/3813/3330 3488/3822/3330 3487/3821/3330
f 3481/3813/3331 3559/3815/3331 3560/3823/3331 3488/3822/3331
f 3482/3817/3332 3483/3816/3332 3490/3824/3332 3489/3825/3332
f 3483/3816/3333 3484/3818/3333 3491/3826/3333 3490/3824/3333
f 3484/3818/3334 3485/3819/3334 3492/3827/3334 3491/3826/3334
f 3485/3819/3335 3486/3820/3335 3493/3828/3335 3492/3827/3335
f 3486/3820/3336 3487/3821/3336 3494/3829/3336 3493/3828/3336
f 3487/3821/3337 3488/3822/3337 3495/3830/3337 3494/3829/3337
f 3488/3822/3338 3560/3823/3338 3561/3831/3338 3495/3830/3338
f 3489/3825/3339 3490/3824/3339 3497/3832/3339 3496/3833/3339
f 3490/3824/3340 3491/3826/3340 3498/3834/3340 3497/3832/3340
f 3491/3826/3341 3492/3827/3341 3499/3835/3341 3498/3834/3341
f 3492/3827/3342 3493/3828/3342 3500/3836/3342 3499/3835/3342
f 3493/3828/3343 3494/3829/3343 3501/3837/3343 3500/3836/3343
f 3494/3829/3344 3495/3830/3344 3502/3838/3344 3501/3837/3344
f 3495/3830/3345 3561/3831/3345 3562/3839/3345 3502/3838/3345
f 3496/3833/3346 3497/3832/3346 3504/3840/3346 3503/3841/3346
f 3497/3832/3347 3498/3834/3347 3505/3842/3347 3504/3840/3347
f 3498/3834/3348 3499/3835/3348 3506/3843/3348 3505/3842/3348
f 3499/3835/3349 3500/3836/3349 3507/3844/3349 3506/3843/3349
f 3500/3836/3350 3501/3837/3350 3508/3845/3350 3507/3844/3350
f 3501/3837/3351 3502/3838/3351 3509/3846/3351 3508/3845/3351
f 3502/3838/3352 3562/3839/3352 3563/3847/3352 3509/3846/3352
f 3503/3841/3353 3504/3840/3353 3511/3760/3353 3510/3759/3353
f 3504/3840/3354 3505/3842/3354 3512/3768/3354 3511/3760/3354
f 3505/3842/3355 3506/3843/3355 3513/3776/3355 3512/3768/3355
f 3506/3843/3356 3507/3844/3356 3514/3784/3356 3513/3776/3356
f 3507/3844/3357 3508/3845/3357 3515/3792/3357 3514/3784/3357
f 3508/3845/3358 3509/3846/3358 3516/3800/3358 3515/3792/3358
f 3509/3846/3359 3563/3847/3359 3564/3848/3359 3516/3800/3359
f 3420/2637/3360 3517/3849/3360 3524/3850/3360 3523/3851/3360
f 3517/3849/3361 3518/3852/3361 3525/3853/3361 3524/3850/3361
f 3518/3852/3362 3519/3854/3362 3526/3855/3362 3525/3853/3362
f 3519/3854/3363 3520/3856/3363 3527/3857/3363 3526/3855/3363
f 3520/3856/3364 3521/3858/3364 3528/3859/3364 3527/3857/3364
f 3521/3858/3365 3522/3860/3365 3529/3861/3365 3528/3859/3365
f 3522/3860/3366 3462/3862/3366 3463/3863/3366 3529/3861/3366
f 3523/3851/3367 3524/3850/3367 3531/3864/3367 3530/3865/3367
f 3524/3850/3368 3525/3853/3368 3532/3866/3368 3531/3864/3368
f 3525/3853/3369 3526/3855/3369 3533/3867/3369 3532/3866/3369
f 3526/3855/3370 3527/3857/3370 3534/3868/3370 3533/3867/3370
f 3527/3857/3371 3528/3859/3371 3535/3869/3371 3534/3868/3371
f 3528/3859/3372 3529/3861/3372 3536/3870/3372 3535/3869/3372
f 3529/3861/3373 3463/3863/3373 3464/3871/3373 3536/3870/3373
f 3530/3865/3374 3531/3864/3374 3538/3872/3374 3537/3873/3374
f 3531/3864/3375 3532/3866/3375 3539/3874/3375 3538/3872/3375
f 3532/3866/3376 3533/3867/3376 3540/3875/3376 3539/3874/3376
f 3533/3867/3377 3534/3868/3377 3541/3876/3377 3540/3875/3377
f 3534/3868/3378 3535/3869/3378 3542/3877/3378 3541/3876/3378
f 3535/3869/3379 3536/3870/3379 3543/3878/3379 3542/3877/3379
f 3536/3870/3380 3464/3871/3380 3465/3879/3380 3543/3878/3380
f 3537/3873/3381 3538/3872/3381 3545/3880/3381 3544/3881/3381
f 3538/3872/3382 3539/3874/3382 3546/3882/3382 3545/3880/3382
f 3539/3874/3383 3540/3875/3383 3547/3883/3383 3546/3882/3383
f 3540/3875/3384 3541/3876/3384 3548/3884/3384 3547/3883/3384
f 3541/3876/3385 3542/3877/3385 3549/3885/3385 3548/3884/3385
f 3542/3877/3386 3543/3878/3386 3550/3886/3386 3549/3885/3386
f 3543/3878/3387 3465/3879/3387 3466/3887/3387 3550/3886/3387
f 3544/3881/3388 3545/3880/3388 3552/3888/3388 3551/3889/3388
f 3545/3880/3389 3546/3882/3389 3553/3890/3389 3552/3888/3389
f 3546/3882/3390 3547/3883/3390 3554/3891/3390 3553/3890/3390
f 3547/3883/3391 3548/3884/3391 3555/3892/3391 3554/3891/3391
f 3548/3884/3392 3549/3885/3392 3556/3893/3392 3555/3892/3392
f 3549/3885/3393 3550/3886/3393 3557/3894/3393 3556/3893/3393
f 3550/3886/3394 3466/3887/3394 3467/3895/3394 3557/3894/3394
f 3551/3889/3395 3552/3888/3395 3559/3815/3395 3558/3814/3395
f 3552/3888/3396 3553/3890/3396 3560/3823/3396 3559/3815/3396
f 3553/3890/3397 3554/3891/3397 3561/3831/3397 3560/3823/3397
f 3554/3891/3398 3555/3892/3398 3562/3839/3398 3561/3831/3398
f 3555/3892/3399 3556/3893/3399 3563/3847/3399 3562/3839/3399
f 3556/3893/3400 3557/3894/3400 3564/3848/3400 3563/3847/3400
f 3557/3894/3401 3467/3895/3401 3468/3896/3401 3564/3848/3401
f 3468/3896/3402 3516/3897/3402 3564/3848/3402
f 2683/2970/3403 2389/2639/3403 2398/2642/3403 2686/2971/3403
f 2686/2971/3404 2398/2642/3404 2405/2656/3404 2687/2974/3404
f 2687/2974/3405 2405/2656/3405 2412/2664/3405 2688/2976/3405
f 2688/2976/3406 2412/2664/3406 2419/2672/3406 2689/2978/3406
f 2689/2978/3407 2419/2672/3407 2426/2680/3407 2690/2980/3407
f 2690/2980/3408 2426/2680/3408 2433/2688/3408 2691/2982/3408
f 2691/2982/3409 2433/2688/3409 2493/2770/3409 2775/2984/3409
f 2775/3074/3410 2493/2768/3410 2492/2766/3410 2768/3066/3410
f 2768/3066/3411 2492/2766/3411 2491/2764/3411 2761/3058/3411
f 2761/3058/3412 2491/2764/3412 2490/2762/3412 2754/3050/3412
f 2754/3050/3413 2490/2762/3413 2489/2760/3413 2747/3042/3413
f 2747/3042/3414 2489/2760/3414 2488/2757/3414 2740/3028/3414
f 2740/3028/3415 2488/2757/3415 2391/2631/3415 2684/2634/3415
f 2390/2622/3416 2536/2621/3416 2545/2807/3416 2440/2695/3416
f 2440/2695/3417 2545/2807/3417 2552/2821/3417 2441/2698/3417
f 2441/2698/3418 2552/2821/3418 2559/2829/3418 2442/2700/3418
f 2442/2700/3419 2559/2829/3419 2566/2837/3419 2443/2702/3419
f 2443/2702/3420 2566/2837/3420 2573/2845/3420 2444/2704/3420
f 2444/2704/3421 2573/2845/3421 2580/2853/3421 2445/2706/3421
f 2445/2708/3422 2580/2935/3422 2640/2933/3422 2529/2709/3422
f 2529/2709/3423 2640/2933/3423 2639/2931/3423 2522/2797/3423
f 2522/2797/3424 2639/2931/3424 2638/2929/3424 2515/2789/3424
f 2515/2789/3425 2638/2929/3425 2637/2927/3425 2508/2781/3425
f 2508/2781/3426 2637/2927/3426 2636/2925/3426 2501/2773/3426
f 2501/2773/3427 2636/2925/3427 2635/2922/3427 2494/2759/3427
f 2494/2759/3428 2635/2922/3428 2538/2632/3428 2391/2631/3428
f 2537/2629/3429 2830/2628/3429 2839/3131/3429 2587/2860/3429
f 2587/2860/3430 2839/3131/3430 2846/3147/3430 2588/2863/3430
f 2588/2863/3431 2846/3147/3431 2853/3156/3431 2589/2865/3431
f 2589/2865/3432 2853/3156/3432 2860/3165/3432 2590/2867/3432
f 2590/2867/3433 2860/3165/3433 2867/3174/3433 2591/2869/3433
f 2591/2869/3434 2867/3174/3434 2874/3183/3434 2592/2871/3434
f 2592/2873/3435 2874/3252/3435 2934/3250/3435 2676/2874/3435
f 2676/2874/3436 2934/3250/3436 2933/3248/3436 2669/2962/3436
f 2669/2962/3437 2933/3248/3437 2932/3246/3437 2662/2954/3437
f 2662/2954/3438 2932/3246/3438 2931/3244/3438 2655/2946/3438
f 2655/2946/3439 2931/3244/3439 2930/3242/3439 2648/2938/3439
f 2648/2938/3440 2930/3242/3440 2929/3239/3440 2641/2924/3440
f 2641/2924/3441 2929/3239/3441 2832/2633/3441 2538/2632/3441
f 2831/2636/3442 2685/2635/3442 2788/3083/3442 2881/3191/3442
f 2881/3191/3443 2788/3083/3443 2795/3097/3443 2882/3194/3443
f 2882/3194/3444 2795/3097/3444 2802/3105/3444 2883/3196/3444
f 2883/3196/3445 2802/3105/3445 2809/3113/3445 2884/3198/3445
f 2884/3198/3446 2809/3113/3446 2816/3121/3446 2885/3200/3446
f 2885/3200/3447 2816/3121/3447 2823/3039/3447 2886/3202/3447
f 2886/3202/3448 2823/3039/3448 2739/3037/3448 2970/3204/3448
f 2970/3204/3449 2739/3037/3449 2738/3035/3449 2963/3279/3449
f 2963/3279/3450 2738/3035/3450 2737/3033/3450 2956/3271/3450
f 2956/3271/3451 2737/3033/3451 2736/3031/3451 2949/3263/3451
f 2949/3263/3452 2736/3031/3452 2735/3029/3452 2942/3255/3452
f 2942/3255/3453 2735/3029/3453 2734/3026/3453 2935/3241/3453
f 2935/3241/3454 2734/3026/3454 2684/2634/3454 2832/2633/3454
f 3271/3593/3455 2683/2970/3455 2692/2973/3455 3274/3594/3455
f 3274/3594/3456 2692/2973/3456 2699/2987/3456 3275/3597/3456
f 3275/3597/3457 2699/2987/3457 2706/2995/3457 3276/3599/3457
f 3276/3599/3458 2706/2995/3458 2713/3003/3458 3277/3601/3458
f 3277/3601/3459 2713/3003/3459 2720/3011/3459 3278/3603/3459
f 3278/3603/3460 2720/3011/3460 2727/3019/3460 3279/3605/3460
f 3279/3605/3461 2727/3019/3461 2787/3094/3461 3363/3607/3461
f 3363/3697/3462 2787/3092/3462 2786/3090/3462 3356/3689/3462
f 3356/3689/3463 2786/3090/3463 2785/3088/3463 3349/3681/3463
f 3349/3681/3464 2785/3088/3464 2784/3086/3464 3342/3673/3464
f 3342/3673/3465 2784/3086/3465 2783/3084/3465 3335/3665/3465
f 3335/3665/3466 2783/3084/3466 2782/3081/3466 3328/3651/3466
f 3328/3651/3467 2782/3081/3467 2685/2635/3467 3272/2638/3467
f 2830/2628/3468 3418/2627/3468 3427/3748/3468 2833/3129/3468
f 2833/3129/3469 3427/3748/3469 3434/3762/3469 2834/3132/3469
f 2834/3132/3470 3434/3762/3470 3441/3770/3470 2835/3134/3470
f 2835/3134/3471 3441/3770/3471 3448/3778/3471 2836/3136/3471
f 2836/3136/3472 3448/3778/3472 3455/3786/3472 2837/3138/3472
f 2837/3138/3473 3455/3786/3473 3462/3794/3473 2838/3140/3473
f 2838/3142/3474 3462/3862/3474 3522/3860/3474 2922/3143/3474
f 2922/3143/3475 3522/3860/3475 3521/3858/3475 2915/3231/3475
f 2915/3231/3476 3521/3858/3476 3520/3856/3476 2908/3223/3476
f 2908/3223/3477 3520/3856/3477 3519/3854/3477 2901/3215/3477
f 2901/3215/3478 3519/3854/3478 3518/3852/3478 2894/3207/3478
f 2894/3207/3479 3518/3852/3479 3517/3849/3479 2887/3193/3479
f 2887/3193/3480 3517/3849/3480 3420/2637/3480 2831/2636/3480
f 3419/2624/3481 3273/2623/3481 3376/3706/3481 3469/3801/3481
f 3469/3801/3482 3376/3706/3482 3383/3718/3482 3470/3804/3482
f 3470/3804/3483 3383/3718/3483 3390/3725/3483 3471/3806/3483
f 3471/3806/3484 3390/3725/3484 3397/3732/3484 3472/3808/3484
f 3472/3808/3485 3397/3732/3485 3404/3739/3485 3473/3810/3485
f 3473/3810/3486 3404/3739/3486 3411/3662/3486 3474/3812/3486
f 3474/3812/3487 3411/3662/3487 3327/3660/3487 3558/3814/3487
f 3558/3814/3488 3327/3660/3488 3326/3658/3488 3551/3889/3488
f 3551/3889/3489 3326/3658/3489 3325/3656/3489 3544/3881/3489
f 3544/3881/3490 3325/3656/3490 3324/3654/3490 3537/3873/3490
f 3537/3873/3491 3324/3654/3491 3323/3652/3491 3530/3865/3491
f 3530/3865/3492 3323/3652/3492 3322/3649/3492 3523/3851/3492
f 3523/3851/3493 3322/3649/3493 3272/2638/3493 3420/2637/3493
f 2977/3288/3494 3271/3593/3494 3280/3596/3494 2980/3289/3494
f 2980/3289/3495 3280/3596/3495 3287/3610/3495 2981/3292/3495
f 2981/3292/3496 3287/3610/3496 3294/3618/3496 2982/3294/3496
f 2982/3294/3497 3294/3618/3497 3301/3626/3497 2983/3296/3497
f 2983/3296/3498 3301/3626/3498 3308/3634/3498 2984/3298/3498
f 2984/3298/3499 3308/3634/3499 3315/3642/3499 2985/3300/3499
f 2985/3300/3500 3315/3642/3500 3375/3715/3500 3069/3302/3500
f 3069/3302/3501 3375/3715/3501 3374/3713/3501 3062/3384/3501
f 3062/3384/3502 3374/3713/3502 3373/3711/3502 3055/3376/3502
f 3055/3376/3503 3373/3711/3503 3372/3709/3503 3048/3368/3503
f 3048/3368/3504 3372/3709/3504 3371/3707/3504 3041/3360/3504
f 3041/3360/3505 3371/3707/3505 3370/3704/3505 3034/3346/3505
f 3034/3346/3506 3370/3704/3506 3273/2623/3506 2978/2626/3506
f 3418/2627/3507 3124/2630/3507 3133/3443/3507 3421/3746/3507
f 3421/3746/3508 3133/3443/3508 3140/3459/3508 3422/3749/3508
f 3422/3749/3509 3140/3459/3509 3147/3468/3509 3423/3751/3509
f 3423/3751/3510 3147/3468/3510 3154/3477/3510 3424/3753/3510
f 3424/3753/3511 3154/3477/3511 3161/3486/3511 3425/3755/3511
f 3425/3755/3512 3161/3486/3512 3168/3495/3512 3426/3757/3512
f 3426/3757/3513 3168/3495/3513 3228/3562/3513 3510/3759/3513
f 3510/3759/3514 3228/3562/3514 3227/3560/3514 3503/3841/3514
f 3503/3841/3515 3227/3560/3515 3226/3558/3515 3496/3833/3515
f 3496/3833/3516 3226/3558/3516 3225/3556/3516 3489/3825/3516
f 3489/3825/3517 3225/3556/3517 3224/3554/3517 3482/3817/3517
f 3482/3817/3518 3224/3554/3518 3223/3551/3518 3475/3803/3518
f 3475/3803/3519 3223/3551/3519 3126/2625/3519 3419/2624/3519
f 3125/2620/3520 2979/2619/3520 3082/3394/3520 3175/3503/3520
f 3175/3503/3521 3082/3394/3521 3089/3408/3521 3176/3506/3521
f 3176/3506/3522 3089/3408/3522 3096/3416/3522 3177/3508/3522
f 3177/3508/3523 3096/3416/3523 3103/3424/3523 3178/3510/3523
f 3178/3510/3524 3103/3424/3524 3110/3432/3524 3179/3512/3524
f 3179/3512/3525 3110/3432/3525 3117/3357/3525 3180/3514/3525
f 3180/3514/3526 3117/3357/3526 3033/3355/3526 3264/3516/3526
f 3264/3516/3527 3033/3355/3527 3032/3353/3527 3257/3586/3527
f 3257/3586/3528 3032/3353/3528 3031/3351/3528 3250/3579/3528
f 3250/3579/3529 3031/3351/3529 3030/3349/3529 3243/3572/3529
f 3243/3572/3530 3030/3349/3530 3029/3347/3530 3236/3565/3530
f 3236/3565/3531 3029/3347/3531 3028/3344/3531 3229/3553/3531
f 3229/3553/3532 3028/3344/3532 2978/2626/3532 3126/2625/3532
f 2389/2639/3533 2977/3288/3533 2986/3291/3533 2392/2640/3533
f 2392/2640/3534 2986/3291/3534 2993/3305/3534 2393/2643/3534
f 2393/2643/3535 2993/3305/3535 3000/3313/3535 2394/2645/3535
f 2394/2645/3536 3000/3313/3536 3007/3321/3536 2395/2647/3536
f 2395/2647/3537 3007/3321/3537 3014/3329/3537 2396/2649/3537
f 2396/2649/3538 3014/3329/3538 3021/3337/3538 2397/2651/3538
f 2397/2651/3539 3021/3337/3539 3081/3405/3539 2481/2653/3539
f 2481/2749/3540 3081/3403/3540 3080/3401/3540 2474/2740/3540
f 2474/2740/3541 3080/3401/3541 3079/3399/3541 2467/2731/3541
f 2467/2731/3542 3079/3399/3542 3078/3397/3542 2460/2722/3542
f 2460/2722/3543 3078/3397/3543 3077/3395/3543 2453/2713/3543
f 2453/2713/3544 3077/3395/3544 3076/3392/3544 2446/2697/3544
f 2446/2697/3545 3076/3392/3545 2979/2619/3545 2390/2622/3545
f 3124/2630/3546 2537/2629/3546 2593/2862/3546 3127/3441/3546
f 3127/3441/3547 2593/2862/3547 2600/2878/3547 3128/3444/3547
f 3128/3444/3548 2600/2878/3548 2607/2887/3548 3129/3446/3548
f 3129/3446/3549 2607/2887/3549 2614/2896/3549 3130/3448/3549
f 3130/3448/3550 2614/2896/3550 2621/2905/3550 3131/3450/3550
f 3131/3450/3551 2621/2905/3551 2628/2914/3551 3132/3452/3551
f 3132/3454/3552 2628/2818/3552 2544/2816/3552 3216/3455/3552
f 3216/3455/3553 2544/2816/3553 2543/2814/3553 3209/3543/3553
f 3209/3543/3554 2543/2814/3554 2542/2812/3554 3202/3535/3554
f 3202/3535/3555 2542/2812/3555 2541/2810/3555 3195/3527/3555
f 3195/3527/3556 2541/2810/3556 2540/2808/3556 3188/3519/3556
f 3188/3519/3557 2540/2808/3557 2539/2805/3557 3181/3505/3557
f 3181/3505/3558 2539/2805/3558 2536/2621/3558 3125/2620/3558
f 2683/2970/3559 3271/3593/3559 2977/3288/3559 2389/2639/3559
